:0200000470107A
:1000000053544D32000000000000000000000000CA
:1000100000000000000000000000000000000000E0
:1000200000000000000000000000000000000000D0
:1000300000000000000000000000000000000000C0
:1000400000000000000000000000000000000000B0
:1000500000000000000000000000000000000000A0
:100060000000000087CDF10000030200E0B80200AC
:100070004150013400000000FFFFFFFF00000000BE
:100080000000000000000080A0010000000000004F
:100090000000000000000000000000000000000060
:1000A0005354FFFFA00100009ECD1F55DD43E9170B
:1000B0000B60E8E71290879D7E75A8D93EB63BD5C8
:1000C00008C4A42048254CD7A46C9216FACDBD20B4
:1000D000C617DC13C0A269D6E70B66F9B584E76BD7
:1000E00030DFC105AC6B70F7DD6E3CA1005ED01E49
:1000F00008756CA7DD0C1495976277A758260ED863
:10010000662A05D4880DA885EE880CBDBA67E57F00
:10011000414F60740FD1978CE275AD8D041D65461B
:100120008449F80F055B63D28717CAF374CE78E36E
:10013000CFA13BF8419D8D2E67854849F3F5974344
:10014000E84206B6C65ACA275AEB96207DEB3EB463
:10015000EA0E5C3C8124EFFBEB519501F60B2C641D
:1001600015C98952728B542635235F3EB7F4518DE1
:100170008BE8A26357ACF27A34C2A893EAFC389EAB
:1001800017C5966AF607CD68A86CB043A44BFD511D
:100190008FE21D1EA7AF7C32BFC8E2128E4C0C66E8
:1001A0004B578AFAD3A74863D01D8A528BB2085C9A
:1001B000ED5A8A77BE714CC177E6BFBD76876DF97F
:1001C0004DEAECDB5EFB55FB896DDE6114A202DCBF
:1001D00088353E83DA804150187812C840B67B1AC1
:1001E000F2311228415BFA52D13455E849D8F24A2B
:1001F0005C48719619F898EE0AD410DB8ECBD34E7A
:10020000E863E4892677E45983875C72D00A1D94F9
:1002100038734ABA58870F6039D174024512BEDA72
:10022000F3D8FF9B9C69C2C74187A380F6666ED452
:100230009A0E8962F4E2154F8AFA5AEC155667D184
:1002400000000000000000000000000000000000AE
:10025000000000000000000000000000000000009E
:10026000000000000000000000000000000000008E
:10027000000000000000000000000000000000007E
:10028000000000000000000000000000000000006E
:10029000000000000000000000000000000000005E
:1002A000000000000000000000000000000000004E
:1002B000000000000000000000000000000000003E
:1002C000000000000000000000000000000000002E
:1002D000000000000000000000000000000000001E
:1002E000000000000000000000000000000000000E
:1002F00000000000000000000000000000000000FE
:1003000000000000000000000000000000000000ED
:1003100000000000000000000000000000000000DD
:1003200000000000000000000000000000000000CD
:1003300000000000000000000000000000000000BD
:1003400000000000000000000000000000000000AD
:10035000000000000000000000000000000000009D
:10036000000000000000000000000000000000008D
:10037000000000000000000000000000000000007D
:10038000000000000000000000000000000000006D
:10039000000000000000000000000000000000005D
:1003A000000000000000000000000000000000004D
:1003B000000000000000000000000000000000003D
:1003C000000000000000000000000000000000002D
:1003D000000000000000000000000000000000001D
:1003E000000000000000000000000000000000000D
:1003F00000000000000000000000000000000000FD
:100400000000103441500134092A00340B2A003412
:100410000D2A00340F2A0034112A0034132A003424
:10042000000000000000000000000000152A003459
:10043000172A003400000000192A00341B2A003457
:100440009D500134000000009D5001349D50013446
:100450009D5001349D5001349D5001349D50013414
:100460009D500134000000009D5001349D50013426
:100470009D500134012300349D50013400000000E0
:100480009D500134000000009D5001349D50013406
:100490009D5001349D5001349D5001349D500134D4
:1004A0009D5001349D5001349D5001349D500134C4
:1004B0009D5001349D5001349D5001349D500134B4
:1004C0009D5001343B2A00349D5001349D5001342D
:1004D0009D5001349D5001349D5001349D50013494
:1004E0009D500134000000009D5001349D500134A6
:1004F0009D5001349D5001349D5001341F2A003419
:100500002D2A003400000000000000000000000060
:100510009D500134F54C01349D5001349D500134FF
:100520009D5001349D5001349D5001349D50013443
:100530009D5001349D5001349D5001349D50013433
:100540009D5001349D5001349D5001349D50013423
:100550009D5001349D5001349D5001349D50013413
:100560009D5001349D5001349D5001349D50013403
:100570009D5001349D5001349D5001349D500134F3
:100580009D5001349D5001349D5001349D500134E3
:100590009D5001349D5001349D5001349D500134D3
:1005A0009D5001349D5001349D5001349D500134C3
:1005B0009D5001349D5001349D5001349D500134B3
:1005C0009D5001349D5001349D5001349D500134A3
:1005D0009D5001349D5001349D5001349D50013493
:1005E0009D5001349D5001349D5001349D50013483
:1005F0009D5001349D5001349D5001349D50013473
:100600009D5001349D5001349D5001349D50013462
:100610009D5001349D5001349D5001349D50013452
:100620009D5001349D5001349D5001349D50013442
:100630009D5001349D5001349D5001349D50013432
:100640009D5001349D5001349D5001349D50013422
:100650009D5001349D5001349D5001349D50013412
:100660009D5001349D5001349D5001349D50013402
:100670009D5001349D5001349D5001349D500134F2
:100680009D5001349D5001349D5001349D500134E2
:100690009D5001349D5001349D5001349D500134D2
:1006A0009D5001349D5001349D5001349D500134C2
:1006B0009D5001349D5001349D5001349D500134B2
:1006C0009D5001349D5001349D5001349D500134A2
:1006D0009D5001349D5001349D5001349D50013492
:1006E0009D5001349D5001349D5001349D50013482
:1006F0009D5001349D5001349D5001349D50013472
:100700009D5001349D5001349D5001349D50013461
:100710009D5001349D5001349D5001349D50013451
:100720009D5001349D5001349D5001349D50013441
:100730009D5001349D5001349D5001349D50013431
:10074000000000009D5001349D5001340000000065
:1007500010B5054C237833B9044B13B10448AFF3FB
:1007600000800123237010BD20BB02340000000074
:10077000189F013408B5034B1BB103490348AFF37D
:10078000008008BD0000000024BB0234189F013423
:10079000034613F8012B002AFBD1181A01387047C1
:1007A00090EDAD6A30B52DED108B90EDA87BB5EED8
:1007B000C06A87B08DED007BF1EE10FA90EDA47B5E
:1007C000044691ED015A91ED004A91ED02FB91ED45
:1007D000048B90ED123B90EDAADB90ED16BB8DEDF6
:1007E000047B90EDA6EB09DCD0F8C832D4489847DA
:1007F0004FF0FF3007B0BDEC108B30BDB8EE455B5D
:100800009FEDC17BB8EE444B25EE077BB4EEC47B75
:10081000F1EE10FA0FDD90ED1C7B9FEDBD2B37EE56
:10082000022B9FEDBD7BB4EEC72BF1EE10FA37FE25
:10083000027B80ED1C7B9FEDBA7B25EE075BB4EE5F
:10084000C45BF1EE10FA10D594ED1C7B9FEDB05B0C
:1008500037EE457B9FEDB45BB4EEC57BF1EE10FA4D
:1008600058BFB0EE475B84ED1C5B83EE0D9BBCEE86
:10087000C99BB8EE499B29EE0D9BFCEEC97B94F811
:100880005050CDED037A012DB7EEC66A52D19FEDDF
:10089000A87B3FEE485B85EE07CB3FEE085B85EE1D
:1008A00007ABB0EECC7BB4EEC76BF1EE10FAB0EE56
:1008B000CA5B0DDBB4EEC56BF1EE10FA08DB00236A
:1008C00084F878300023B0EE498B84F8603049E03A
:1008D000B4EEC56BF1EE10FA0CD58AEE0C5B94ED1C
:1008E000AE6AB0EEC55BB7EEC66AB4EEC65BF1EEBB
:1008F00010FAE7DA0023F7EECB0BB7EEC70B84F85C
:10090000603019F0A5F9B2EE047BB7EEC00AB0EE84
:10091000C86B20EE070BB0EECF7BB4EEC67BF1EEDA
:1009200010FA6FDDB5EEC0FBF1EE10FA6FD539EEBF
:10093000400B6EE0B0EECF5BB0EEC87BB4EEC57B93
:10094000F1EE10FA37FE057BB4EEC67BF1EE10FA3D
:1009500053D89FED79AB0023B0EE498BB0EE4ACB74
:1009600084F8603094F878302BBB102204F18801B1
:1009700004F1800017F035FC102204F1A00104F10D
:10098000980017F02EFCD4E9302384ED249BC4E9B1
:100990002C23D4E9322384ED2A8BC4E92E23D4E915
:1009A000342384ED34CBC4E93023D4E9362384EDF9
:1009B00036ABC4E93223FCEEC87B17EE903A94EDD7
:1009C0001A7B039AB5EEC07B93421CBF012384F8C7
:1009D0006030F1EE10FA40F3B580012384F8603006
:1009E0009DED007BB4EEC7BBF1EE10FA40F1BD8087
:1009F0009DED047B3BEE07EBA9E09FED4FABB0EE26
:100A00004ACB77E7B5EEC08BF1EE10FA8FD539EE11
:100A1000000B94ED3C7BB4EEC07BF1EE10FA2CD4CD
:100A2000B0EE407B94ED3A6BB4EEC76BF1EE10FA8A
:100A300026DCB0EE476B86EE0D8BBCEEC88BB8EEB5
:100A4000488B012D2DEE088B8CD1B4F8E030022BB1
:100A500019D8FCEEC97BB8EE677B04EBC30282EDCC
:100A6000207B82ED268B04EB0312013382ED2CCB2D
:100A700082ED2EABA4F8E03074E7B0EE4EBBD1E7C8
:100A8000B0EE4EBBD7E794ED2A7B94EDAF6A38EE1B
:100A9000477BB7EEC66AB0EEC77BB4EEC67BF1EE1D
:100AA00010FA28DB94ED287B38EE477BB0EEC77B4D
:100AB000B4EEC76BF1EE10FA1DDD94ED320B94ED40
:100AC000307B3AEE400B3CEE477B20EE000BA7EE6E
:100AD000070B19F085F894EDB07AB7EEC77AB4EE4B
:100AE000C70BF1EE10FA06D5FCEEC97B84F87850FE
:100AF000B8EE678B36E794F87830012B7FF432AF8D
:100B0000002384F878302DE79A9999999999A93F0B
:100B10007B14AE47E17A843F343333333333C33FFE
:100B2000333333333333C33F111111111111B13F3B
:100B3000CD3B7F669EA0F63F000000000000000055
:100B400070B0023494F86030002B7FF449AF88EE27
:100B50000D7BBCEEC77BB8EE477B27EE0D7B84EDAB
:100B600016EB84ED127B012044E69DED00EBEEE7F1
:100B700090ED1A6BB5EEC06B90ED124BF1EE10FAE2
:100B800090EDAA5BB0EE467BDFBF84EE057BBCEE4A
:100B9000C77BB8EE477B27EE057BB7EEC77B90EDB2
:100BA0003C5BB7EEC74AB4EEC54BF1EE10FAC8BFD6
:100BB000B7EEC57B90ED3A5BB7EEC74AB4EEC54BD6
:100BC000F1EE10FA48BFB7EEC57BB7EEC75AD0F8C2
:100BD000743230B580ED125B93ED005AD0EDAC7AF3
:100BE000B4EEC75AF1EE675AF1EE10FA4FF0000179
:100BF000B0F8F83075FEA77A013B8AB2934205D867
:100C0000442202FB030303F5907311E000EB82041E
:100C1000D4ED445A77EEA55AF4EEC75AF1EE10FA25
:100C200001F10101E9DB442303FB020202F59073A9
:100C3000B5EEC06BF1EE10FAC0F8743205DC93ED3E
:100C4000007AB7EEC77A80ED127B5A6803F138015B
:100C500042609A6803F124048260DA68C2601A690B
:100C6000026100F138025D690C334561DD680C30CA
:100C7000C5601D69A342056151F8045B42F8045B3D
:100C8000F1D1012030BD10B590B078B10022084CF0
:100C90004021084B2270C4F8C802074A684618F081
:100CA0006BFF6846D4F8C8329847204610B010BD94
:100CB00040BB023438B80234B0B0023400280CBF54
:100CC0004FF0FF300120704730B580ED000A0C680E
:100CD00044604C6884608C68C460C96802F1240474
:100CE000016100F1380115680C32456152F8085C69
:100CF0000C30C56052F8045CA242056153F8045BF5
:100D000041F8045BEFD130BD2DE9F04F2DED068B9E
:100D10000D46B0EE409BB0EE418B1E460446C9B076
:100D2000002800F085819FEDC6AB80ED12AB00205E
:100D3000C9494FF00008C4E91601C4E9A601C4E995
:100D4000AA01C649DFF84893C4F8B0124FF07E51AB
:100D5000C4F8B4124FF07C51C4E91A890FF2E829A3
:100D6000D9E90089C4E91C89C4E9A4894FF00008C5
:100D7000C4F8B812BA49DFF81C93C4F8BC124FF09B
:100D80007F510023C4E9A88901274FF00008C4F867
:100D9000C012691EDFF8009388B20428C4E9A08954
:100DA0000FF2AC29D9E9008984F86030C4E9A2893E
:100DB000A4F8E03084F87830A4F8787214D90523C8
:100DC0004FF48071A74A08A818F0D6FED4F8C832AC
:100DD00008A8984784F85070204649B0BDEC068BAF
:100DE000BDE8F04FFFF7C4BE96ED007AB7EEC77AC4
:100DF000B4EEC70BF1EE10FA12DDD4F8C8329A48FF
:100E0000984796ED007AB7EEC77A8DED009B8DED91
:100E1000027B964A4FF4807108A818F0ADFED5E722
:100E20004FF0440808FB05F806EB080919ED117AA4
:100E3000B7EEC77AB4EEC71BF1EE10FA45D4B3464D
:100E400037469946284601384DD11046914600272D
:100E5000A5F1020E01F1010CBCF1010C75D184ED7C
:100E60003A9B84ED3C8B21F04041A4F8F85004F506
:100E700088730131013940F0BF80002704F1FC0A7A
:100E800004F5907906EB070B09EB0700442259465D
:100E900015F081FB4437DBF80030B8454AF8043BD5
:100EA000F0D16B1E9BB2002D03F1010314BF1A4653
:100EB0000122C4F8749204F5B271013A40F0A180A5
:100EC000012384F85030237086E7D4F8C83268488C
:100ED000984799ED007AB7EEC77A8DED008B8DEDCE
:100EE000027B644A96E7BA469AED007ADAED117A07
:100EF000B4EEE77AF1EE10FA09F1010307F14407C5
:100F000021DBD4F8C8225C480793904797ED007A1C
:100F1000B7EEC77A8DED047B079B584A02939AED92
:100F2000007AB7EEC77A4B468DED007B4FF48071A7
:100F300008A818F021FED4F8C83208A89847012361
:100F400084F8503048E799467DE7BE45CA4607F128
:100F50000102F9EC017A1CD999ED007AB4EEE77A36
:100F6000F1EE10FA15D8D4F8C832454807929847E0
:100F700099ED007AB7EEC77A8DED047B079A3B4670
:100F800002929AED007AB7EEC77A3E4A8DED007B69
:100F9000CCE75B4693ED007AB4EEE77AF1EE10FA17
:100FA0000BF1440B06DA93ED117AB4EEE77AF1EE29
:100FB00010FA1FD8D4F8C8223348079390479BED06
:100FC000007AB7EEC77A8DED047B079B4FF48071F2
:100FD00093ED007AB7EEC77A8DED027B9AED007A39
:100FE000B7EEC77A3B468DED007B284A08A818F07B
:100FF000C3FDA0E717462FE750F8042B43F8042B56
:1010000038E7D4F8743291ED006A93ED007AB7EEC8
:10101000C66AB7EEC77A36EE4A6B37EE4A7BB4EE55
:10102000C76BF1EE10FA48BFC4F87412443144E7BC
:101030004FF0FF3049B0BDEC068BBDE8F08F00BF2C
:10104000000000000088B3409A9999999999B93F96
:101050000000000000A06E400000F03F0000484289
:1010600000002F43C0B0023404B102348BB102340B
:10107000E9B1023471B20234CEB2023432B3023476
:101080008AB30234F9B3023463B40234BAB402341A
:101090000000F0BF000008400000244030B50546C5
:1010A00014468DB052B9D0F8C8321D489847D5F8CB
:1010B000C8321C48984720460DB030BD93ED042B34
:1010C00093ED021B93ED000B0AAA08A906A800F0F5
:1010D0002FF8DDE90823CDE90223DDE90A23CDE974
:1010E0000423012398420446CDE90033DFD1694649
:1010F0002846FFF755FB0128044603D0D5F8C8322F
:101100000948D7E795F86030012BD4D12846FFF77E
:101110002FFD01280446CED0D5F8C8320348C9E7D0
:1011200040B50234A1B50234CAB50234FEB502346A
:10113000B5EEC00BF1EE10FA1FB5B0EE417B1346D1
:1011400009D4B5EEC01BF1EE10FA04D4B5EEC02BF5
:10115000F1EE10FA0DD58DED022B8DED007B53ECE9
:10116000102B454814F048FE4FF0FF3005B05DF8F5
:1011700004FB9FED336BB4EEC60BF1EE10FA09DC05
:10118000B4EEC61BF1EE10FA04DCB4EEC62BF1EEA1
:1011900010FA07DD8DED022B8DED007B53EC102B4B
:1011A0003648DFE728B181B1AAB93549354B0A463F
:1011B00007E069B933490A463248002B304B08BF73
:1011C0000346314814F018FECEE72D492D4AF3E7C7
:1011D0002C492B4AF0E79FED1C6B9FED1D5B21EE28
:1011E000066BB3EE004BA0EE056B9FED1B5BA2EE12
:1011F000046BA6EE054B9FED1A6B80ED004B26EEBF
:10120000416BBBEE0A4B9FED181BA0EE046B21EE69
:10121000471B9FED174BB2EE047BA0EE041BA2EE22
:10122000046BA2EE471B26EE056B21EE051B81ED3C
:10123000006B012082ED001B98E700BFAFF3008038
:101240000000000000E06F400000000000A06340CC
:101250000000000000804740000000000000703FD8
:101260000000000000805540000000000080594050
:101270000000000000005C4033B6023471B6023456
:101280007582023473820234B1B602340000000069
:101290002DE9F04106469846736D0F4610460699B3
:1012A00023B9C8F800700860BDE8F081204D5B00EC
:1012B000B5FBF3F59542F4D2B2FBF5F407EE902AB4
:1012C00004FB0552B8EE677A07EE902ADFED196A43
:1012D000F8EE677A67EEA67AB4EEE77AF1EE10FAE6
:1012E000DFD5521B0A60013207EE902AF8EE677ACA
:1012F00087EE270AB7EEC00A17F06EF89FED0A7B5B
:1013000020EE070BBCEEC00B10EE103A3B441F461C
:10131000C8F80030F36CBB4294BFC8F80030C8F87E
:101320000070C1E7AFF30080000000000088D340E8
:1013300040420F003333733F07EE901A9FED287A37
:10134000F8EE677A70B587EE871A2DED028B08EEFE
:10135000102AB7EEC11AB2EE040B05461C46069ED3
:1013600017F022F9B8EE487B27EE007BFCEEC77B36
:1013700017EE902A696CB8EE677A914216D900236D
:101380002360C6ED007A6B6CDFED166A07EE903ACB
:10139000F8EE677A67EEA67AB4EE677AF1EE10FAA5
:1013A000C8BF1A463260BDEC028B70BD07EE901AC2
:1013B000F8EE677A87EE270A3160B7EEC00A17F0B9
:1013C0000BF89FED057B20EE070BBCEEC00B84ED08
:1013D000000AE8E7AFF30080000000000088D34077
:1013E00000409C4648E17A3F10B590B068B10022B9
:1013F000074C4021074B2270A065074A684618F049
:10140000BBFB6846A36D9847204610B010BD00BFD7
:1014100010BE02343EB80234FBB6023400280CBFC2
:101420004FF0FF300120704738220A2330B5C0E961
:10143000042364222D237821C0E9062340F2DC53E3
:1014400041F27074C0E9081342F6E063C0E90A4350
:101450000BA5D5E90045052348F2E8010365002303
:10146000C0E910310121C0E90C4507A5D5E90045C7
:10147000C0E91212C0E90E45436530BDAFF30080EC
:1014800000000040E17A943F000000E04D62703FB0
:1014900010B5044620B1FFF7C7FF0120207010BD32
:1014A0004FF0FF30FBE72DE9F04F0F461546984609
:1014B000044689B0002800F03B810378012B1CD141
:1014C00002230370D4F85490B9F1000F19D09C4B4B
:1014D0004FEA4902B3FBF2F3A66CBE4213D2626C30
:1014E000AA4210D9B5FBF3F203FB12535BB1C4E976
:1014F0000156012009B0BDE8F08F022BE2D0002098
:10150000F8E70123E8E70DF1140A394604AB2A464F
:101510002046CDF800A0FFF70FFFDDE904B1D4F8B5
:1015200010C0B6EE005B07EE90CAB8EE676A07EE31
:10153000908AB8EEE77BB7EEC66A37EE057B86EE9B
:10154000070B236DB7EEC00B98450ED3ACEB08002C
:10155000E36980EAE072A2EBE0729A4259D9236A09
:101560009A422CBFE36AA36A54E0F0EE007AB4EE2C
:10157000E70AF1EE10FAE9D4626C91422BD201290C
:101580000B4638BF012307EE903AF8EEE77A67EE94
:10159000807AFDEEE77A17EE903A93420EDCC4EDC6
:1015A000017A07AB00932046D4E9012106ABFFF78F
:1015B0006FFE069BA360079B63609AE707EE902A85
:1015C000F8EEE76A07EE901AB8EE677AC6EE877A09
:1015D00080EE270A6260F7EE007AB4EEE70AF1EED9
:1015E00010FADEDDB7EEC00A16F0F6FEB3EE047BAD
:1015F00020EE070B9FED507B20EE070BBDEEC00BDE
:1016000010EE103AE26C5B449342D4BFA360A26038
:10161000C7E7636AD4F814E0A26903930EEB0C03E6
:10162000434500FB02F24CD2DDED037A9FED457A93
:10163000F8EEE77A67EE877A07EE102AF1EE676A2E
:10164000B8EEC77AB4EEE67AF1EE10FA04D5FDEE04
:10165000E77A17EE903A5A42002A57D05E454AD1AF
:10166000656CA94236D3002A45DA01FB000007EE7B
:10167000900AB8EEE76B07EE901A94ED0E5BB8EEA9
:10168000E77BA6EE057BBDEEC77B17EE102A236C29
:10169000C4F808B09A42B8BF1A46AA42D4BF6260E2
:1016A00065602046CDF800A004ABD4E90121FFF726
:1016B000EFFD049B059DA360234B6560C3F860901C
:1016C00017E7ACEB0E0CC44520DD039B9A42A8BF84
:1016D0001A46C1E7002AC8DB01FB000007EE900AAA
:1016E000B8EEE76B07EE901A94ED0C5BB8EEE77B73
:1016F000A5EE067BC7E793445E4504DCE36C5E46DB
:101700009B45A8BF1E46C4E90116CAE70E4B1B6ED7
:1017100099450BD02A4639462046CDF800A004ABA7
:10172000B9F1000FC3D1FFF707FEC2E7A760C3E717
:101730004FF0FF30DEE600BF0000000000408F40A9
:1017400040420F009A99593F10BE02347BB972B9DA
:101750000029BEBF00204FF0004106E008BF00286E
:101760001CBF6FF000414FF0FF3000F0C9B9ADF180
:10177000080C6DE904CE002909DB002B1ADB00F010
:101780004DF8DDF804E0DDE9022304B07047404283
:1017900061EB4101002B1BDB00F040F8DDF804E0B9
:1017A000DDE9022304B0404261EB4101524263EBA8
:1017B00043037047524263EB430300F02FF8DDF818
:1017C00004E0DDE9022304B0404261EB41017047CF
:1017D000524263EB430300F021F8DDF804E0DDE959
:1017E000022304B0524263EB4303704753B94AB932
:1017F000002908BF00281CBF4FF0FF314FF0FF3019
:1018000000F07EB9ADF1080C6DE904CE00F006F8E9
:10181000DDF804E0DDE9022304B070472DE9F04F64
:10182000099D0C46002B4DD18A420F4684469646B0
:10183000B2FA82F360D94BB102FA03FEC3F120027F
:101840009F4000FA03FC20FA02F217434FEA1E46BB
:101850001FFA8EF44FEA1C42B7FBF6F106FB117734
:1018600001FB04F042EA0742904208D91EEB020253
:1018700001F1FF3702D2904200F22D813946121A4F
:101880001FFA8CFCB2FBF6F006FB102200FB04F4FE
:101890004CEA024C644508D91EEB0C0C00F1FF32F7
:1018A00002D2644500F21A81104640EA0140ACEBD6
:1018B000040C002125B12CFA03F30022C5E9003203
:1018C000BDE8F08F8B4205D90DB1C5E900010021BB
:1018D0000846F5E7B3FA83F100294DD1A342C0F0E1
:1018E000F280904280F0EF80064623460846002DA5
:1018F000E6D0C5E90063E3E7002B40F0A2808A1A36
:101900004FEA1E471FFA8EF60121B2FBF7F407FBE0
:1019100014204FEA1C4242EA004206FB04F09042C7
:101920000FD91EEB020204F1FF382CBF4FF0010962
:101930004FF00009904203D9B9F1000F00F0C880C0
:101940004446121A1FFA8CFCB2FBF7F007FB102278
:1019500000FB06F64CEA024C664508D91EEB0C0C5F
:1019600000F1FF3202D2664500F2BB801046ACEBBC
:10197000060C40EA04409DE7C1F120068B4004FAC2
:1019800001FE22FA06F720FA06FCF4408A401F43C3
:101990004EEA0C0300FA01FE4FEA17484FEA1349DA
:1019A0001FFA87FCB4FBF8F008FB104449EA044432
:1019B00000FB0CF9A1450ED93C1900F1FF3A2CBFF0
:1019C0004FF0010B4FF0000BA14503D9BBF1000F05
:1019D00000F093805046A4EB09041FFA83F9B4FB8E
:1019E000F8F308FB134403FB0CFC49EA0444A44548
:1019F00006D93C1903F1FF3801D2A4457AD84346F1
:101A000043EA0040A4EB0C04A0FB02984445CC46FA
:101A1000434602D306D1CE4504D20138B9EB020CBD
:101A200068EB07035DB1BEEB0C0264EB030404FA40
:101A300006F622FA01F3CC401E43C5E900640021FA
:101A40003EE702FA03FEC3F1200104FA03F200FAB2
:101A500003FCCC404FEA1E4720FA01F11FFA8EF634
:101A6000B4FBF7F00A4307FB1044110C41EA0441B0
:101A700000FB06F48C420ED91EEB010100F1FF3889
:101A80002CBF4FF001094FF000098C4202D9B9F187
:101A9000000F2CD04046091B92B2B1FBF7F407FBB4
:101AA000141142EA014204FB06F1914207D91EEBF0
:101AB000020204F1FF3801D2914215D84446521A6D
:101AC00044EA004121E7861A64EB030301200EE794
:101AD000023C724435E702397244D0E6F4440238DD
:101AE000E3E6F444023842E7023C7244E7E7023896
:101AF0007144D0E7023B3C4482E702383C446AE749
:101B0000704700BF044B82B0C3F84C0AD3F84C3284
:101B10000193019B02B0704700800256044B82B0D3
:101B2000C3F88C0AD3F88C320193019B02B0704742
:101B3000008002561FB50023CDE902331E4B01A8D9
:101B4000019305F0C7FC1D4B01A8019305F0C2FCF1
:101B50001B4B01A8019305F0BDFC1A4B01A8019392
:101B600005F0B8FC4FF00042174B0124C3F8202ABF
:101B700003F58053C3F820220220C3F86022042119
:101B8000C3F8A0220822C3F84C42C3F84C02C3F8A1
:101B90004C12C3F84C22C3F88C42C3F88C02C3F831
:101BA0008C12C3F88C224FF48052C3F85422C3F82D
:101BB000942204B010BD00BF0031025280310252A5
:101BC00000320252803202520080025608B50948A3
:101BD00012F040FF012805D101F03BFB20BF01F0CE
:101BE00037FBF4E70228F2D1BDE80840014812F0C3
:101BF000DDBE00BF54B8023440F2011307B5002027
:101C00006946ADF800300FF0FDFB00200FF0EAFA56
:101C10004FF48052064B0748C3F8A02AD3F8A032ED
:101C20000193019B01F0F8F803B05DF804FB00BFDD
:101C3000008002568CA101348A4B2DE9F04FDA6BFB
:101C4000A3B042F48052DA63DA6B402542F010020E
:101C5000DA63854A20261368012743F40053136092
:101C6000FFF768FF06F0A0FE1022804B804CC3F8FF
:101C70004C224FF40032C3F84C62C3F84C52C3F804
:101C800074224FF48032C3F87422C3F8587206F0FD
:101C900091FE236A142223F440332362236A002135
:101CA00023F04073236212A814F0EEF90423C4F861
:101CB0005C3AD4F85C2221200692069A0022C4F8ED
:101CC0009C3AD4F89C3211460593059BC4F85C5AA3
:101CD000D4F85C320493049BC4F89C5AD4F89C3228
:101CE00002240393039B01F013FD212001F06EFDFC
:101CF0004FF400524FF488135E4812A9CDE9122325
:101D0000149404F047FA5C4812A9CDE913741296B2
:101D100004F040FA01F09AFC584B5A6912F4003270
:101D200011D1BFF34F8FBFF36F8FC3F85022BFF3B2
:101D30004F8FBFF36F8F5A6942F400325A61BFF37D
:101D40004F8FBFF36F8F484A136843F4805313607B
:101D5000A2F57342536913F4803328D1C2F884305A
:101D6000BFF34F8F43F6E074D2F88030C3F3C9005D
:101D7000C3F34E335B0100F1010E01464EF001E06A
:101D800003EA040646EA8175C2F8605201390FF091
:101D900007C8203B13F1200FEDD1BFF34F8F5369DC
:101DA00043F480335361BFF34F8FBFF36F8F01F064
:101DB00051FA00F015FB4FF400732D4D0324C5F8C4
:101DC000583AD5F8583201200793079B022312A9ED
:101DD000CDE9123405F068FA082012A905F064FA7A
:101DE000092012A905F060FA0A2012A905F05CFA90
:101DF0000B2012A905F058FA2146214805F0A8FA4F
:101E00002146204805F0A4FA21461F4805F0A0FA13
:101E100021461E4805F09CFA21461D4805F098FA17
:101E200021461C4805F094FA21461B4805F090FA1B
:101E30004FF48063C5F8583AD5F85822DFF8688027
:101E40000892089A094AC5F8183AC2F81832D8F820
:101E500000300BB11B6A4BBB40F223110F4B104AF1
:101E600010481EE10048025600E001E000900256D2
:101E700000800256000802560018025600ED00E0ED
:101E80000A000030050000301C0000201D0000206A
:101E90000600003007000030080000309BA101342C
:101EA000B7A301340AA2013454B80234984700227F
:101EB00038218F4E8F4B34681860A0F138072346C5
:101EC00003FB01157D590134002D40F0E48002B17F
:101ED0003360052B00F3E180DFF88092002B03F1E3
:101EE00001024C46B8BF01228349013A40F0DB8031
:101EF0008249834800F03EFA00254FF0010A002293
:101F00002021804804F08EFC212001F0A1FC2F202C
:101F100001F070FC01F0D0FB0121002006F050FD23
:101F200001F0D1FB00F032FF01222021754804F0BE
:101F300079FC00F00BFF744800F06EFF10F086F99A
:101F4000724800F069FF0421714A724C80202560BC
:101F5000C2F8BC1AD2F8BC320D930D9B4023C2F8D4
:101F6000BC3AD2F8BC320C930C9BFFF7D7FD4FF470
:101F70008070FFF7D3FD4FF40070FFF7CFFDC2F87C
:101F8000A4AAD2F8A43264480B930B9B4FF400131D
:101F9000C2F8A43AD2F8A4320A930A9B4FF4800301
:101FA000C2F8A43AD2F8A4320993099B10F0AEF912
:101FB0005A4800F031FF01F07FFB2068002800F054
:101FC000818001F080FB564800F026FF10F0B2F946
:101FD000544800F021FF10F087F9534800F01CFF2F
:101FE00001F022F901F0FCF801F031F94FF48052D0
:101FF0000120FFF793FD0220FFF790FD0420FFF77B
:102000008DFD0820FFF78AFD0120FFF77BFD0220F0
:10201000FFF778FD0420FFF775FD0820FFF772FD3C
:102020003B4B424FC3F8542AD3F8541212A80F91D5
:102030000F99C3F8942AD3F894120E910E99C3F80D
:10204000142A03F17C43C7F81422A3F59E4312938C
:10205000CDE9135505F000FA354B12A8129305F09F
:10206000FBF9344B12A8129305F0F6F9324B12A883
:10207000129305F0F1F900F075FD00F083FDFFF714
:10208000BBFDD8F800300BB15B6AFBB94FF495711A
:102090002A4B2B4AE4E6012211E7D121294B2A4A97
:1020A0002A4812F0FDFF057D436805B11B6885686D
:1020B00038302B4441F8043B50F82C3C5B1B44F86F
:1020C000043B12E7012106F07BFC76E79847204BA2
:1020D00011491860D0E902320020D21A00F0C4FD84
:1020E000044600283CD040F2A9111A4B1A4AD7E7FF
:1020F00038BF02343CBF023488BE023454B80234C4
:10210000600B05340018025669A2013479A201342B
:102110000080025644BF023460BF023482A2013400
:1021200091A201349CA20134A7A20134009002566E
:10213000803102520032025280320252B6A2013481
:102140008FA301343BA20134D3A301345EA2013436
:1021500040BF023424A30134AAA3013474BE023464
:1021600012F02EFC574812F0DFFB574800F054FEE7
:1021700001F0A2FAFFF72AFD01F0A5FA534800F09A
:102180004BFE01F099FAFFF721FD01F09CFA50484F
:1021900000F042FE01F03EF820460FF05FF84FF4E9
:1021A00000534022C7F86032214612A813F06CFF9A
:1021B00012A807F009FD12A800F0B2FF454B464AED
:1021C0003168464800F0F2F8454800F025FE00F07E
:1021D000D1FD4846434F33689C4232DB102712A89A
:1021E00000F0CEFF404A4FF0600BC2F86C7AD2F894
:1021F0006C123E4811911199C2F85C7AD2F85C22B7
:1022000012A91092109A0222CDE9132A15920722E0
:10221000CDF848B0169203F0BDFF4FF4E132344CD4
:10222000344B2046C4E900320C22C4E904524FF476
:102230000042C4E90255A561E2610DF0E5F828B35A
:10224000FEE750F8041B00291EDD244B53F8242020
:1022500002F01F030B44BFF34F8FD14302EB030E79
:102260007144203B4909203301F1010ED8BF4FF0E2
:10227000010E4EF001E0C7F85C2220320FF005C8D5
:10228000BFF34F8FBFF36F8F0134A4E7019000F0CD
:1022900017FE019A2021184804F0C4FAFFF74AFCFF
:1022A00000F076FC00F068FC20460CF097FC5946E4
:1022B0000E4804F089F9114AC2F86C72C2F85C72D7
:1022C0001DE600BF54B8023443A301345BA30134BC
:1022D00072A30134600B053430BF023488BE02346F
:1022E0007FA3013400ED00E000800256001002568A
:1022F0009CBE023400100052001802560090025694
:10230000FEE7000010B514464FF0FF3392B20248CA
:102310000CF0C8FF204610BD9CBE023400BEFEE794
:102320000120704708B514F0F3F8162303604FF04E
:10233000FF3008BD08B514F0EBF816230360FEE784
:1023400070B50D4614460E46731B9C4201DC2046B8
:1023500070BDAFF3008006F8010BF5E74FF0FF30DA
:1023600070474FF4005300204B60704701207047C6
:10237000002070470A4A052182610A4AC26101228F
:10238000C0E900210722C0E9022231220261064A87
:1023900002620A2242610022026300F039BA00BFE1
:1023A0009A99193F9A99993EF0A4013413B50C46B5
:1023B000012C11461A4605D02E21064B064A074825
:1023C00012F06EFE036801A8019300F025FA02B036
:1023D00010BD00BF90A40134DBA401349EA40134DD
:1023E0001FB5154B7C2101AA02A802930DF0D6FE61
:1023F0000346E0B9019A02F4C031B1F5C03F17D0ED
:1024000042F4C0327C2102A801920DF0E3FE68B9CB
:102410007C2101AA02A80DF0C1FE30B9019B03F492
:10242000C033B3F5C03F03D0FEE7FEE7FEE7FEE7AB
:1024300005B05DF804FB00BF009000560E4B4269EA
:102440001B689A424A690CBFD0ED047ADFED0B7A23
:1024500093420CBF91ED047A9FED087A77EEC77A2C
:10246000F5EEC07AF1EE10FA04D4CCBF4FF0FF3095
:102470000020704701207047940B053400000000D5
:102480002DE9F74F05460C4600274FF0000A236858
:10249000BB4203DC002003B0BDE8F08F2C4B1822B8
:1024A0001F6028462B4B616A12F051FEA8462E464B
:1024B0004FF00009616A49450BDC11F1010F4FF043
:1024C000000201F1020300D50123013B2ED10137A7
:1024D000DDE7D6ED047AF5EE407AF1EE10FA09F177
:1024E000010920D11836E5E7DBED0A7AF5EE407AEE
:1024F000F1EE10FA0BF118010FD03046CDE90013C0
:1025000000F010FADDE90013D4ED077AB4EEE70A23
:10251000F1EE10FAC8BFCBF828A08B460133626AEF
:102520009A42E1DCDEE7B3464B46F8E76169914247
:102530000ADDD8ED047AF5EE407AF1EE10FA03D018
:10254000013208F11808C0E7C8F810A0F9E700BF89
:10255000940B05343D240034F0B50024182623469E
:10256000556AA54202DC00204B60F0BDD0ED047A34
:10257000F5EE407AF1EE10FA00F118070DD04FF0A9
:10258000060E4EF001E00D6806FB035550F804CB33
:1025900045F804CB0FF007C0013338460134DFE7BC
:1025A000D2ED027AB8EEE77AF7EE007A2DE9F04F35
:1025B0002DED048BC7EE878A92ED037A0023B8EEE7
:1025C000C77A8BB00893136814460268012B87EE14
:1025D000879A059103F1050B04920AD00027BA46A9
:1025E0003E464FEA8B030693A368BB4211DD0023EE
:1025F000F2E094ED067A87EE870A30EE670A00274C
:1026000016F096FABB46F1EE409A3E46A368BB42EE
:1026100066DC002066620BB0BDEC048BBDE8F08F79
:1026200095ED040AB4EEE90AF1EE10FA44DB00F08D
:1026300013F91822059B02FB0638002388ED040AD3
:10264000C8F8143095ED000A00F006F907EE90AADC
:10265000F8EEE77A77EE807A67EEA87AC8ED007A2E
:1026600095ED010A00F0F8F807EE907AF8EEE77AB7
:1026700077EE807A67EE897AC8ED017A226A95ED65
:10268000020A02EBC90292ED008A039216F0DCF90D
:1026900028EE008A28EE288A88ED028A039A95EDB2
:1026A000030A92ED018A16F0CFF928EE008A28EE8F
:1026B000098A88ED038A013609F101091835626833
:1026C0004A45ADDC062202FB09BB0AF1010AE268B9
:1026D000524508DD049B4FF0000903EB8B05EEE744
:1026E0004FF0000AF3E7013790E70123019309ABAC
:1026F00000935A462846216808AB00F031F915EDE1
:10270000010A00F0A9F84FF00009B0EE408A2A460D
:10271000DFED3E9A216849456BDC9DED080A16F015
:1027200093F9C0EE297A27EE880AD4ED067AB4EE42
:10273000E70AF1EE10FA8DED080A43DB15ED050A04
:1027400000F08AF8DDED037AF8EEE77A77EE807A2A
:10275000182367EEA87A059A03FB0629C9ED007ACB
:1027600015ED040A00F078F807EE907AF8EEE77AB3
:1027700077EE807A67EE897AC9ED017A226A15EDE3
:10278000030A02EBC80292ED008A079216F05CF988
:1027900028EE008A28EE288A89ED028A079A15ED2C
:1027A000020A92ED018A16F04FF928EE008A28EE0F
:1027B000098A89ED038A089A0136C9F81020099A16
:1027C000C9F81420069BDA4408F101081D44636827
:1027D00043458ADC039B01330393039AE3689342E6
:1027E00012DD049B0AF105054FF0000803EB850597
:1027F000EDE7B2EC010A079216F026F909F101099A
:1028000079EE809A079A85E70137EDE6000000002F
:10281000034600205862704770B5156B0E4614468B
:1028200035B9136805339B00172B12D9056885B19C
:1028300022462946FFF7B4FE68B921462846FFF72D
:102840001FFE40B9224631462846BDE87040FFF7DA
:1028500083BE6FF0010070BD08B5B1EE400A16F0FE
:10286000F3F8F7EE007A30EE270A87EE800A08BD0B
:10287000F6EE007A60EEA70A61EEA71A30EE607AF3
:1028800071EE617A70EE800AB4EE677A31EE811AE9
:10289000F1EE10FAF4EE410A77FE277AF1EE10FA23
:1028A00048BFB0EE601A31EE670A7047D1ED021AE8
:1028B00091ED001AD0ED020A90ED000A08B5FFF77D
:1028C000D7FFB5EEC00AF1EE10FAF0EE406A11D46F
:1028D000D1ED031A91ED011AD0ED030A90ED010A32
:1028E000FFF7C6FFB5EEC00AF1EE10FA02D426EEED
:1028F000800A08BD9FED010AFBE700BF0000000051
:1029000010B5FFF7D3FF91ED037AD1ED027AD0ED48
:10291000026A67EE877A90ED037AE6EE877A37EE01
:10292000C00A10BD08B5FFF7C1FFB5EE400AF1EED1
:1029300010FAB0EE406A0BD0FFF7E2FFB5EE400AA6
:10294000F1EE10FAF0EE407A02D086EE270A08BDCA
:102950009FED010AFBE700BF00000000000000003F
:10296000F0B56FF400042DED088B0E9DA6EE104B14
:10297000042D28BF0425002425F001E8A446FDEE1F
:10298000105AA0EE102BA4EE104B2DEEEE8F2AB2B3
:1029900024EF542120EF580917469FED17AB9FED08
:1029A00018BB0D9E0131013900EB84050CD1EDEE11
:1029B000102A71FE4D0F86ED005F71FE4D0F83ED05
:1029C000007FBDEC088BF0BDEDEE107A71FE4D0F6F
:1029D00095FC408F71FE4D0F39EE071FFDEE105A2A
:1029E0002DB2EDEE105A013433FE054F39FE076F5C
:1029F00022EF4A28D7E700BF0100000001000000D5
:102A000001000000010000007047FEE7FEE7FEE75E
:102A1000FEE7FEE77047FEE7FEE700F029BE08B5D7
:102A20000DF05EFFBDE8084001F02ABD08B50DF0CD
:102A300057FFBDE8084001F0EDBB4FF4005003F034
:102A40000DBF000030B5134D6B69DB031FD50A1AAB
:102A5000002A1CDD00F01F031A44BFF34F8F8418B7
:102A6000C2431B1A0B442244203B5209203302F17B
:102A7000010ED8BF4FF0010E4EF001E0C5F85C0228
:102A800020300FF005C8BFF34F8FBFF36F8F0020CA
:102A900030BD00BF00ED00E030B5134D6B69DB03C6
:102AA0001FD50A1A002A1CDD00F01F031A44BFF3C9
:102AB0004F8F8418C2431B1A0B442244203B5209F7
:102AC000203302F1010ED8BF4FF0010E4EF001E0AD
:102AD000C5F8680220300FF005C8BFF34F8FBFF371
:102AE0006F8F002030BD00BF00ED00E04FF480622A
:102AF000114B84B0C3F84C2AD3F84C1203910399BC
:102B0000C3F88C2AD3F88C220292029A4FF08042AA
:102B1000C3F8602AD3F8601201910199C3F8A02A82
:102B2000D3F8A01200910099C3F8202A03F580532E
:102B3000C3F8202204B07047008002564FF0804254
:102B40004FF48061064BC3F8202A03F58053C3F885
:102B50004C12C3F88C12C3F86022C3F8A02270474D
:102B6000008002560248034B036005F039BE00BFE7
:102B7000980B053400FC0D58014805F0E3BE00BF7A
:102B8000980B0534014805F0F7BD00BF980B0534DC
:102B9000014805F049BE00BF980B05340A1A0146EA
:102BA000014805F07BBE00BF980B053430B5264DBB
:102BB000AFB029462548FFF745FFB422002101A800
:102BC00013F062FAD22440F2BE5107222A231E20BB
:102BD000CDE90614CDE90222CDE90D228DF80430AD
:102BE0000A910123119178224FF45271CDE9040327
:102BF000CDE90803CDE90F03CDE91212042041F21B
:102C0000F862134CCDE9140202F1E242A2F5FB1284
:102C10000B94A2F648520F4C219201A810328DF865
:102C200030308DF85C301C938DF8883027932C92CF
:102C30008DF8B430169412F0E3F829462046FFF7D9
:102C40002BFF2FB030BD00BF00172E34E0162E34FE
:102C5000C0672E3400002E3401490248FFF7F2BE4F
:102C6000806D2E34C0672E3440B911F01F0007D19B
:102C7000B2F5133F06D3044B196070470320704729
:102C80000120704702207047F0C0053410B9024B94
:102C90001868704700207047F0C005340320704763
:102CA0000020704700220C4B13B50C490C481A60E9
:102CB000FFF774FF42F651530A49094801AA0193EC
:102CC00012F050F9044618B104490548FFF7E4FE34
:102CD000204602B010BD00BFA40B0534ECC0053483
:102CE000A80B0534F8B1013413B50B490B48FFF7B5
:102CF00055FF0B4B002200930A4B08491B680A48FA
:102D000012F06AF9044618B103490448FFF7C4FEFB
:102D1000204602B010BD00BFECC00534A80B05343E
:102D2000A40B0534F0C0053410B2013400487047DC
:102D300090B101340048704720B101340048704719
:102D400088B001340048704780AA0134064A1368ED
:102D500023B901211160054A126853620022044B15
:102D600002481A6004F0F6BBF8C0053490DB053465
:102D7000F4C0053408B5034804F0EAFC0022024B15
:102D80001A6008BD90DB0534F8C00534102210B578
:102D900088B000210DEB020013F076F90023012129
:102DA000CDE90133194A0393C2F8641AD2F86422B8
:102DB0004FF0A0410092009A40F28F12144CC4E9E7
:102DC00000124FF0FF322046C4E90323A360A36141
:102DD00004F03CFE00B1FEE74FF48053204604A906
:102DE000049304F069FF00B1FEE70190039001A98C
:102DF000204605F077FB014600B1FEE741F6902240
:102E0000044808B0BDE8104013F03EB900800256F7
:102E100090DB053400C1053470B5224C216863296C
:102E200005D9AF21204B214A214812F039F944221B
:102E3000204B4A431B68204D5E6AAB18A8501F4ABE
:102E40005E60D2F8400201319860D2F84802D86042
:102E5000D2F84C021861D2F850025861D2F85402EC
:102E60009861D2F85802D861D2F85C021862D2F8A0
:102E700060025862D2F864029862D2F86802D8629E
:102E8000D2F86C021863D2F870025863D2F8740258
:102E90009863D2F87802D863D2F87C2221601A6451
:102EA00070BD00BFF4C005348867023492680234F4
:102EB000A367023490DB053400C10534008002565C
:102EC000F0B500258FB0FFF755FF224B224C234E63
:102ED000234F1D6033684434AB4207D82149224850
:102EE00012F08AFF002333600FB0F0BD54F8043CA9
:102EF00038460D9354F8083C01350C9354F80C3CBB
:102F00000B9354F8103C0A9354F8143C099354F86A
:102F1000183C089354F81C3C079354F8203C069343
:102F200054F8243C059354F8283C049354F82C3C62
:102F3000039354F8303C029354F8343C019354F812
:102F4000383C009354F8441C54E9102312F054FF09
:102F5000C0E700BFF8C0053400C10534F4C0053433
:102F6000B7670234609F01348D68023430B50120A8
:102F7000ADF51B7D0DF09AF90A2000F08BFB402285
:102F80000021684613F080F89022002112A813F067
:102F90007BF84FF4C872002136A813F075F80124AD
:102FA0001023CDE910430823022513934FF000535B
:102FB000CDE91A5303231C93322310A8CDE91E3404
:102FC000CDE92044289405F09FFF30B14FF4DD7126
:102FD0001D4B1E4A1E4812F063F87F234FF4403207
:102FE00000934FF04073CDE90123C823CDE90D30A4
:102FF0000F934FF48013CDE90804CDE90A05CDE91C
:103000000330CDE905000C900790684606F07EFB82
:1030100020B140F2E1110C4B0C4ADBE70D4B0022D2
:1030200061934FF44003CDE936230B4B36A86293EE
:1030300006F02CFF20B14FF4F771034B034AC9E7A8
:103040000DF51B7D30BD00BFA4680234C568023495
:10305000B2680234140000031404000330B5A7B0B2
:10306000982204460021684613F00EF84FF00053F2
:103070000222CDE911230623012513937D236846FF
:10308000CDE91535179505F03FFF28B1D521094B3E
:10309000094A0A4812F004F84FF080532046C4E968
:1030A0000C3506F033FB18B1DC21024B024AF0E785
:1030B00027B030BDA46802344B690234B2680234D0
:1030C00070B5A6B0044698220021684612F0DCFFD5
:1030D0004FF000560223CDE91836042301251A9338
:1030E0004B236846CDE91C351E9505F00DFF28B130
:1030F000F221084B084A094811F0D2FF2046C4E9E2
:103100000E6506F003FB18B1F921024B024AF2E703
:1031100026B070BDA468023428690234B268023453
:1031200010B5A6B0044698220021684612F0ACFF04
:10313000C8230022C4E90C23022323604FF040730C
:103140002046A36006F0E2FA30B140F20B11094BC1
:10315000094A0A4811F0A4FF01236846119305F0BB
:10316000D3FE20B140F20F11024B034AF1E726B023
:1031700010BD00BFA46802340B690234B268023487
:1031800010B5A6B0044698220021684612F07CFFD4
:10319000C8230022C4E90E23022323604FF04073AA
:1031A0002046A36006F0B2FA30B14FF49071094B9B
:1031B000094A0A4811F074FF01236846189305F084
:1031C000A3FE20B14FF49271024B034AF1E726B0FF
:1031D00010BD00BFA4680234E8680234B26802344B
:1031E0004FF000420A4B82B0C3F8602AD3F8601255
:1031F00001910199C3F8A02AD3F8A0120091009977
:10320000C3F8202A03F58053C3F8202202B0704788
:10321000008002564FF00042024BC3F86022C3F810
:10322000A02270470090025600B591B040220021C4
:10323000684612F029FF684606F0C6FC6846FFF7AC
:103240000DFF6846FFF73CFF11B05DF804FB7047C7
:1032500070477047FFF78ABE00B5E5B04FF4C872FB
:103260000021684612F010FF00231022CDE9002350
:103270004FF40013329303236846239306F006FEAF
:1032800048B900230822CDE900232823249068466A
:10329000259306F0FBFD65B05DF804FB444B454A01
:1032A00070B501209A60022500224349434E01F582
:1032B0008054C1F8180AC4F81802C4F85802C3F8B8
:1032C000D820C3F8DC20C3F8E020C3F8D800C3F846
:1032D000DC20C3F8E020C3F8D8500325C3F8DC2075
:1032E000C3F8E020C3F8D8500425C3F8DC20C3F8A5
:1032F000E020C3F8D8500525C3F8DC20C3F8E0204F
:10330000C3F8D8500625C3F8DC20C3F8E020C3F882
:10331000D8500725C3F8DC20C3F8E020C3F8D85004
:10332000C3F8DC20C3F8E020C1F8780AD1F878228D
:103330009A683261224AD56B45F48055D563D56BC6
:1033400045F01005D563D26BD1F8742242F40042E7
:10335000C1F87422D1F8782242F01002C1F8782224
:10336000D1F87822D1F8782222F01002C1F8782220
:103370004FF44052C1F8202AC4F820224022C1F85C
:10338000240AC4F82402C4F86402C4F85C22326936
:10339000C4F87802D3F8882042F47002C3F8882079
:1033A000084AD2F8883043F47003C2F8883070BD00
:1033B00000ED00E00004003400800256008000565A
:1033C0000048025600ED02E07B4BF0B51A6A02F4A9
:1033D0004012B2F5001F00F0D18008D8002A39D081
:1033E000B2F5801F3CD00022744B1A60F0BDB2F5DC
:1033F000401FF8D1D3F8C42002F04052B2F1805FF0
:1034000036D0B2F1005F44D0002A52D1D3F88020E8
:1034100012F0006402F0E04140F0B980D3F884007B
:10342000D3F88830C2F30B2520F07F400C46B4F16E
:10343000005FC3F3C266C2F30551C3F3026300F039
:10344000948000F29D80002C47D0B4F1805F7CD046
:10345000002249E09B6C5A4AC3F3C113DA40C3E728
:103460005B6C584A13F4007F574B08BF1A46BBE702
:10347000D3F8902012F0006402F0E04140F0878021
:10348000D3F89400C2F30B25D3F8983020F07F4096
:10349000CCE7D3F8A02012F0006402F0E04176D12E
:1034A000D3F8A400C2F30B25D3F8A83020F07F4056
:1034B000BCE7D3F8B02012F0006402F0E04166D11E
:1034C000D3F8B400C2F30B25D3F8B83020F07F4016
:1034D000ACE70B460E4608460D46374A976C384A0D
:1034E000C7F3C117FA403CBB07EE100AB8EEC76A33
:1034F00007EE105A07EE902ADFED346AB8EEC77A6D
:10350000F8EEE77AA6EE267A67EE877A07EE101ACB
:10351000B8EEC77AC7EE876A07EE906AB8EEE77A28
:1035200007EE903AF8EEE77A27EE277AC6EE877A2A
:10353000FCEEE77A17EE902A1F4BD3F8C430C3F3A2
:1035400007430133B2FBF3F24EE700241A4A1E4F41
:10355000526C12F4007F1B4A08BF3A46C3E70023AF
:103560001E4618461D461946F0E70024184ABAE7D9
:1035700000231E4618461D461946F7E7144A33E74E
:10358000B4F1405F7FF464AF0024124AABE7B1F1BD
:10359000005FEDD006D800299BD0B1F1805FDED06E
:1035A0000022C9E7B1F1405FFAD100231E46184658
:1035B0001D461946E9E700BF0080025684B8023470
:1035C0000090D0030024F40000093D000000803387
:1035D000006CDC020080BB006DED81CF00B5FFF711
:1035E000F3FE054B5DF804EB18689FEC100A9FE8AA
:1035F0000E90FDEC81CF744784B802347047000010
:1036000038B50F4B05461A780AB9012038BD4FF47A
:103610007A73B3FBF2F30B4A1068B0FBF3F000F0DF
:1036200003F904460028F0D10F2DEED802462946B2
:103630004FF0FF3000F06CF8034B20461D60E5E7CB
:1036400088B8023484B802348CB8023410B5032030
:1036500000F040F8FFF7B8FE0F20FFF7D1FF044657
:1036600018B9FFF7CBFF204610BD0124FBE700008F
:10367000034A044B11681B780B441360704700BF6A
:10368000DCDB053488B80234014B1868704700BF92
:10369000DCDB053438B50446FFF7F6FF0546631C4E
:1036A0001EBF044B1B78E418FFF7EEFF431BA34239
:1036B000FAD338BD88B802344FF0E022136923F002
:1036C0000203136170474FF0E022136943F00203D5
:1036D00013617047C31E042B10B5044603D9E621BD
:1036E0000948FEF71BFE09492302CA6803F4E06398
:1036F00022F4E0621204120C134343F0BF6343F45C
:103700000033CB6010BD00BF6A69023400ED00E0F9
:1037100010F10C0F2DE9F04105460C46174601DB70
:10372000031D03D1FF212648FEF7F8FD254BDE6877
:10373000C6F30226022E06D857B14FF481712048F5
:10374000FEF7ECFD04E00123F21E9340BB42F4D9E6
:103750000F2CC6F1070804D8012303FA08F3A3428B
:1037600004D840F203111648FEF7D8FDB8F1040F53
:1037700006F1040328BF4FF004084FF0FF32062B78
:10378000A6F1030698BF002602FA08F824EA080307
:10379000B24027EA0207B340002D43EA0703ACBF5B
:1037A00005F16045084A4FEA0313DBB2ABBF05F5EC
:1037B000614505F00F0585F800335355BDE8F081EC
:1037C0006A69023400ED00E014ED00E0002808DB37
:1037D00001234109054A00F01F00834042F82130CF
:1037E000704740F215110248FEF798BD00E100E075
:1037F0006A69023400280DDB01220949430900F0FF
:103800001F008240203341F82320BFF34F8FBFF3C6
:103810006F8F70474FF493710248FEF77FBD00BF72
:1038200000E100E06A6902340138B0F1807F0BD218
:103830004FF0E023F021054A586182F82310002060
:10384000072298611A6170470120704700ED00E07F
:10385000002809DB01224309064900F01F008240CD
:10386000603341F8232070474FF4D7710248FEF7C8
:1038700055BD00BF00E100E06A69023438B5044676
:10388000036869BBD3F8002522F00802C3F80025BD
:10389000FFF7FAFE0546FFF7F7FE401BB0F57A7F0B
:1038A00001D9012038BD2368D3F8F4231204F2D4DF
:1038B000D3F8C025D40342BFD3F8C02522F4803208
:1038C000C3F8C025D3F8042422F00042C3F804242E
:1038D000D3F8F02322F447420020C3F8F023E1E7B5
:1038E000012928D1D3F8002922F00802C3F80029C1
:1038F000FFF7CAFE0546FFF7C7FE401BB0F57A7F0B
:10390000CFD82368D3F8F4231002F4D4D3F8C02915
:10391000D10342BFD3F8C02922F48032C3F8C029B2
:10392000D3F8042822F00042C3F80428D3F8F02387
:1039300022F40702D0E7D3F8002D22F00802C3F8E2
:10394000002DFFF7A1FE0546FFF79EFE401BB0F5D8
:103950007A7FA6D82368D3F8F423002AF4DBD3F8BF
:10396000042C22F00042C3F8042CD3F8C02DD2035B
:1039700042BFD3F8C02D22F48032C3F8C02DD3F853
:10398000F02322F00742A7E7F8B51446036871BB9D
:10399000D3F8042422F4C01242EAC442C3F8042437
:1039A000234B022C1A6838D0032C39D0012C3AD181
:1039B00042F040021A60FFF767FE4FF400360746F8
:1039C0001B4DA640FFF760FEC01BB0F57A7F2DD8D7
:1039D000D5F8903036EA0303F4D14FF48853002031
:1039E000D5F88020A3401343C5F88030F8BD0129E5
:1039F000D3F8042806D122F4C01242EAC442C3F824
:103A00000428CDE7520341BFD3F8042C22F4C0129E
:103A100042EAC442C3F8042CC2E742F48062C9E718
:103A200042F48042C6E742F00402C3E70120DDE72A
:103A300000600058012930B54FF00205046810D12C
:103A40008571D4F800190B43C4F80039C4F8C429AF
:103A5000D4F8F03343F4060343F02003C4F8F03302
:103A600030BD08444571D4F8001D0B43C4F8003D37
:103A7000C4F8C42DD4F8F03343F00643ECE770B437
:103A800015461E4699B9022301684371D1F80025F5
:103A90003243C1F80025C1F8C455D1F8F03370BCE9
:103AA00043F4064343F02003C1F8F033704770BC81
:103AB000FFF7C0BF022383710368D3F8042842F0E4
:103AC0000042C3F80428D3F8002942F00802C3F8E2
:103AD0000029704769B90368D3F8042442F0004212
:103AE000C3F80424D3F8002542F00802C3F80025E7
:103AF0007047012901D1FFF7DDBF0368D3F8042C1B
:103B000042F00042C3F8042CD3F8002D42F0080222
:103B1000C3F8002D70470000184B10B55A69C9B2A0
:103B200042F480325A611A6942F001021A615A69FC
:103B300042F480325A6100221A615A615C695C6108
:103B40001C6944F001041C611A615C6944F480340E
:103B50005C611C6944F001041C615C69044344F429
:103B600080345C611A615A6158690143596119696D
:103B700041F0010119611A6110BD00BF00700058C9
:103B800010B50446D8B103680E4A934208D002F13A
:103B90007042934204D04FF4A7710B48FEF7BEFB6E
:103BA000237913B920460DF0E9F80323002023718F
:103BB00001236071A071E071A060237110BD01202C
:103BC000FCE700BF00200058B269023438B5054652
:103BD00038B300240368D3F80422D20755BFD3F8C2
:103BE0000421D3F8042222F4804222F0010254BFBF
:103BF000C3F80421C3F80422C3F80444C3F80448FA
:103C0000C3F8044C084B5C601A6822F001021A6089
:103C10000DF0F0F82046AC602C716C71AC71EC7159
:103C200038BD0120FCE700BF006000582DE9F041DD
:103C30000546FEB00C464FF4FC726846544912F03B
:103C4000AAFC1DB901207EB0BDE8F081002CF9D09E
:103C50002B68504A934208D002F17042934204D03C
:103C600040F28B214C48FEF759FB2368B3F5807F67
:103C700007D0B3F5007F04D04FF423714648FEF718
:103C80004DFB6368013B012B04D940F28D21424872
:103C9000FEF744FBA3683E2B04D940F28E213E4838
:103CA000FEF73CFB3D4B1A6822F001021A60616886
:103CB00001291AD1226842F404121A671A6842F0E4
:103CC00001021A60D3F8802042F0B04242F404129C
:103CD000C3F880202268B2F5807FD3F8842054D1C5
:103CE000012908D142F01F0207E00229AAD1226867
:103CF00042F49012E1E742F4F8520026284DC3F84E
:103D000084202B68254F23F002032B607E602B69F3
:103D1000012043F001032B61FFF7BCFC2E61D4F8B6
:103D20000880AB685DF8382023F4FE4343EA0223A1
:103D300043F02803AB60382108201602FFF7ECFEA1
:103D40001121E420FFF7E8FE0DEBC803D3F804804F
:103D5000E3204FEA182146F48036FFF7DDFE46F0F7
:103D60002806E3205FFA88F1FFF7D6FEAE602368ED
:103D70000020B3F5807F0CBF07230F237B602B68E7
:103D800043F002032B6068605DE742F4F852A9E754
:103D9000809F013400200058B2690234006000584E
:103DA0000070005870B50D461446064608B901204B
:103DB00070BD002AFBD00368524A934208D002F13A
:103DC0007042934204D04FF444714F48FEF7A6FA74
:103DD000022D04D940F211314B48FEF79FFA2368B7
:103DE00033F4403304D040F212314748FEF796FADC
:103DF000022D23681ED033F4403304D040F2163134
:103E00004148FEF78BFA2368B3F5803F02D0B3F543
:103E1000003F0FD1A368222B0CD0183B152B04D8E0
:103E20003A4A22FA03F3DA0704D440F21B31364847
:103E3000FEF774FA2368B3F5403F0FD06368222B76
:103E40000CD0183B152B04D8304A22FA03F3DB07B9
:103E500004D440F221312C48FEF760FA3379013B5B
:103E6000012B2ED82268B2F5403F45D0B2F5003F75
:103E70002BD1002D9BD113466168B2F5803F43EAF8
:103E80000103316802D0B2F5003F04D1022D2BD0DE
:103E9000A26843EA0223EDB931681D4AD1F804044F
:103EA00002401A43C1F804243368D3F8042122F4F1
:103EB0008042C3F80421D3F8042242F00102C3F87F
:103EC000042202230020337172E7022D14BF13462F
:103ED0000023D1E7012D07D1D1F804080C4A024094
:103EE0001A43C1F80428DFE7D1F8042C22F03F027E
:103EF0001343C1F8043CD7E7002D7FF458AF1346B5
:103F0000CAE700BF00200058B2690234C31B3C005E
:103F1000C0C0FCFF032970B506460D46144604D9FF
:103F20004FF472711548FEF7F9F9062C04D940F2E6
:103F3000C9311248FEF7F2F9F6B1032D08D8DFE8CF
:103F400005F002090F150E4B240244F001041C6118
:103F5000002070BD0A4B240244F001041C62F7E704
:103F6000074B240244F001041C63F1E7044B2402D4
:103F700044F001041C64EBE70120EAE7B269023473
:103F800000600058F8B50D461446064608B90120F1
:103F9000F8BD002AFBD00368474A934208D002F1DB
:103FA0007042934204D040F202414448FEF7B6F911
:103FB000022D04D940F203414048FEF7AFF92368CF
:103FC000032B04D940F204413C48FEF7A7F9BDB9E0
:103FD000711948793379C0B2022BDAB2D7D110F017
:103FE000FB00D4D14A713368276815BBD3F800258C
:103FF00022F003023A43C3F8002501234B71C7E7BF
:10400000A3680A2B04D940F207412C48FEF786F931
:1040100063681A0702D1B3F5004F04D34FF48161EE
:104020002648FEF77BF9022DD2D1A368062BCFD903
:10403000ADE7012DD4E9014626D1D3F80029204D62
:1040400022F003023A43C3F80029D3F8C02922F032
:104050000F023243C3F8C029D3F8CC292A402243A7
:10406000C3F8CC29F21F012A06D8D3F8DC292A404C
:104070002243C3F8DC29C0E7092EBED1D3F8DC29DE
:104080002A4042EA5402F4E7D3F8002D22F003025A
:104090003A43C3F8002DD3F8C02D22F00F0232436B
:1040A000C3F8C02DD3F8CC2D22F4FF4222F07F02BA
:1040B0002243C3F8CC2DA0E700200058B269023497
:1040C0000080FFFF2DE9F041022904460D46164607
:1040D0001F46DDF8188004D94FF4C2611A48FEF774
:1040E0001DF9032E04D940F211611748FEF716F9A5
:1040F00038F0040304D040F212611348FEF70EF9C1
:104100001CB901263046BDE8F0813A07F9D1236891
:104110006219D3F804325279012AF2D1DB07F0D5C3
:10412000324629462046FFF72FFC06460028E8D1F4
:104130002946204643463A46FFF7A1FC2946204639
:10414000FFF7C8FCDEE700BFB269023402292DE99F
:10415000F84305460E46144604D94FF4CD6129486C
:10416000FEF7DCF8032C04D940F269612548FEF71C
:10417000D5F81DB901252846BDE8F8832B68D3F88A
:104180000432DB07F6D5AF197B79002BF2D0284635
:104190003146FFF773FB05460028EBD11A4B022C82
:1041A0001A6826D0032C27D0012C28D142F0800297
:1041B0001A60FFF769FA4FF400388146124E08FA88
:1041C00004F8FFF761FAA0EB0900B0F57A7FD1D8C7
:1041D000D6F8903038EA0303F3D04FF48852D6F87B
:1041E0008030A24023EA0203C6F8803001237B71AD
:1041F000C1E742F40062DBE742F40042D8E742F054
:104200000802D5E7B2690234006000587047704771
:1042100070477047036870B5D3F8F86304467204BA
:10422000D3F8F05312D5690410D5D3F8F023002148
:1042300022F48042C3F8F023826842F004028260D4
:104240004FF48042C3F8FC23FFF7E1FF72050AD563
:104250006B0508D54FF48062236800212046C3F81F
:10426000FC230CF06BFDB00516D5A90514D5236809
:10427000D3F80025520707D5D3F8F02322F40642DD
:10428000C3F8F023012262714FF40072002120462E
:10429000C3F8FC230CF062FDF3050AD5E80508D548
:1042A0004FF48072236800212046C3F8FC23FFF7F7
:1042B000ADFF310416D52A0414D523680021D3F8A4
:1042C000F023204622F40042C3F8F023A26842F013
:1042D0000802A2604FF40042C3F8FC230423637178
:1042E000FFF796FFF3030AD5E80308D54FF48032B1
:1042F000236801212046C3F8FC23FFF787FF7103E1
:104300000AD56A0308D54FF480222368012120468C
:10431000C3F8FC230CF012FDB30316D5A80314D583
:104320002368D3F80029510707D5D3F8F02322F4E6
:104330000602C3F8F0230122A2714FF400320121DA
:104340002046C3F8FC230CF009FD320216D52B02DF
:1043500014D523680121D3F8F023204622F400026B
:10436000C3F8F023A26842F01002A2604FF40002EA
:10437000C3F8FC230423A371FFF74AFFF0010AD519
:10438000E90108D54FF08072236802212046C3F866
:10439000FC23FFF73BFF72010AD56B0108D54FF0F4
:1043A0008062236802212046C3F8FC230CF0C6FC7F
:1043B000B00116D5A90114D52368D3F8002D5207F2
:1043C00007D5D3F8F02322F00642C3F8F0230122E8
:1043D000E2714FF0007202212046C3F8FC230CF07A
:1043E000BDFC002E16DA002D14DA23680221D3F862
:1043F000F023204622F00042C3F8F023A26842F0E6
:104400002002A2604FF00042C3F8FC230423E371B2
:10441000FFF7FEFE700614D5690612D52368204604
:10442000D3F8F02322F04002C3F8F023A26842F050
:104430000202A2604022C3F8FC2304232371FFF789
:10444000E8FEB20614D5AB0612D523682046D3F891
:10445000F02322F02002C3F8F023A26842F0010208
:10446000A2602022C3F8FC2304232371FFF7D1FEAE
:1044700070BD70477047704770477047704770470E
:10448000B54B2DE9F041D3F890600446B202D3F861
:104490009480D3F88050D3F884700DD5A9020BD541
:1044A000D3F8802022F40012C3F880204FF40012C9
:1044B000C3F80021FFF7DEFF320715D52B0713D510
:1044C00023680321D3F80035204613F0040FA24BD4
:1044D0001EBFD3F8802022F00802C3F880200822F3
:1044E000C3F80021FFF7CBFF700715D5690713D577
:1044F00023680221D3F80035204613F0040F964BB1
:104500001EBFD3F8802022F00402C3F880200422CA
:10451000C3F80021FFF7B3FFB20715D5AB0713D5DA
:1045200023680121D3F80035204613F0040F8A4B8D
:104530001EBFD3F8802022F00202C3F8802002229E
:10454000C3F80021FFF79BFFF00715D5E90713D546
:1045500023680021D3F80035204613F0040F7E4B6A
:104560001EBFD3F8802022F00102C3F88020012270
:10457000C3F80021FFF783FF320416D52B0414D5AE
:1045800023680321D3F80035204613F0040F724B43
:104590001EBFD3F8802022F40042C3F880204FF4DD
:1045A0000042C3F80021FFF767FF700416D56904C5
:1045B00014D523680221D3F80035204613F0040FE8
:1045C000654B1EBFD3F8802022F48042C3F88020C0
:1045D0004FF48042C3F80021FFF74EFFB20416D516
:1045E000AB0414D523680121D3F80035204613F01D
:1045F000040F594B1EBFD3F8802022F40052C3F899
:1046000080204FF40052C3F80021FFF735FFF0047B
:1046100016D5E90414D523680021D3F800352046C7
:1046200013F0040F4C4B1EBFD3F8802022F48052AD
:10463000C3F880204FF48052C3F80021FFF71CFF1D
:10464000320516D52B0514D523680321D3F8003580
:10465000204613F0040F404B1EBFD3F8802022F4F5
:104660000062C3F880204FF40062C3F80021FFF716
:1046700004FF700516D5690514D523680221D3F807
:104680000035204613F0040F334B1EBFD3F88020B3
:1046900022F48062C3F880204FF48062C3F80021C6
:1046A000FFF7EBFEB20516D5AB0514D52368012143
:1046B000D3F80035204613F0040F274B1EBFD3F864
:1046C000802022F40072C3F880204FF40072C3F8F7
:1046D0000021FFF7D2FEF00516D5E90514D52368B1
:1046E0000021D3F80035204613F0040F1A4B1EBFEB
:1046F000D3F8802022F48072C3F880204FF48072B7
:10470000C3F80021FFF7B9FE320615D52B0613D5E5
:1047100023680321D3F80035204613F0040F0E4B15
:104720001EBFD3F8802022F08002C3F880208022B0
:10473000C3F80021FFF7A2FE700619D5690617D548
:1047400023680221D3F80035204613F0040F024BF2
:1047500018BFD3F8802001E0006000581CBF22F091
:104760004002C3F880204022C3F80021FFF786FEF4
:10477000B20615D5AB0613D523680121D3F8003551
:10478000204613F0040FB94B1EBFD3F8802022F04F
:104790002002C3F880202022C3F80021FFF76EFE1C
:1047A000F00615D5E90613D523680021D3F80035A6
:1047B000204613F0040FAD4B1EBFD3F8802022F02B
:1047C0001002C3F880201022C3F80021FFF756FE24
:1047D000720013D56B0011D5A44B2046D3F880206E
:1047E00022F08042C3F880204FF08042C3F80021BD
:1047F000A36843F48073A360FFF70BFDB00013D5EB
:10480000A90011D5994B2046D3F8802022F0005200
:10481000C3F880204FF00052C3F80021A36843F48E
:104820000073A360FFF7F5FCF20013D5EB0011D580
:104830008E4B2046D3F8802022F08052C3F880208F
:104840004FF08052C3F80021A36843F48063A36053
:10485000FFF7DFFC300113D5290111D5834B20462A
:10486000D3F8802022F00062C3F880204FF000626D
:10487000C3F80021A36843F40063A360FFF7C9FCF9
:10488000720113D56B0111D5784B2046D3F88020E7
:1048900022F08062C3F880204FF08062C3F80021CC
:1048A000A36843F48053A360FFF7B3FCB00113D5B2
:1048B000A90111D56D4B2046D3F8802022F000725B
:1048C000C3F880204FF00072C3F80021A36843F4BE
:1048D0000053A360FFF79DFCF20113D5EB0111D546
:1048E000624B2046D3F8802022F08072C3F88020EB
:1048F0004FF08072C3F80021A36843F48043A360A3
:10490000FFF787FC18F0010F14D0F80712D501212A
:10491000564B2046D3F8802022F00102C3F88020B5
:10492000C3F80411A36843F40023A3600423237194
:10493000FFF79FFD18F0020F15D0B90713D54B4BA9
:104940000121D3F88020204622F00202C3F8802003
:104950000222C3F80421A36843F48023A360042344
:104960002371FFF786FD18F0040F13D07A0711D5D5
:104970003E4B0121D3F88020204622F00402C3F8E8
:1049800080200422C3F80421A36843F40033A36009
:10499000FFF76FFD18F0080F13D03B0711D5334B0D
:1049A0000121D3F88020204622F00802C3F880209D
:1049B0000822C3F80421A36843F48033A360FFF7FF
:1049C00058FD18F0100F13D0F80611D5274B012110
:1049D000D3F88020204622F01002C3F88020102255
:1049E000C3F80421A36843F40043A360FFF741FD2B
:1049F00018F4807F16D0F90514D51C4B0221D3F88A
:104A00008020204622F48072C3F880204FF4807208
:104A1000C3F80421A36843F40023A3600423237193
:104A2000FFF727FD18F4007F16D0BA0514D50F4BF9
:104A30000221D3F88020204622F40072C3F880209F
:104A40004FF40072C3F80421A36843F48023A360E9
:104A500004232371FFF70DFD18F4806F17D07B0539
:104A600015D5024B0221D3F8802001E000600058E8
:104A7000204622F48062C3F880204FF48062C3F89D
:104A80000421A36843F40033A360FFF7F2FC18F499
:104A9000006F14D0380512D51F4B0221D3F88020A7
:104AA000204622F40062C3F880204FF40062C3F86D
:104AB0000421A36843F48033A360FFF7DAFC18F401
:104AC000805F14D0F90412D5134B0221D3F8802053
:104AD000204622F48052C3F880204FF48052C3F85D
:104AE0000421A36843F40043A360FFF7C2FCF20370
:104AF0000FD5EB030DD5084B2046D3F8802022F4C8
:104B00008032C3F880204FF48032C3F80021FFF7D1
:104B1000B2FCBDE8F08100BF0060005870B50E46E1
:104B20001446054608B9012070BD002AFBD00229B1
:104B300004D940F6EF614A48FDF7F0FB236933F0F2
:104B4000804304D04FF46F614548FDF7E7FB63688D
:104B5000B3F5805F04D340F6F1614148FDF7DEFB19
:104B600040F6FE72E368013B934204D940F6F261DD
:104B70003B48FDF7D3FB40F6FE72A368013B93422E
:104B800004D940F6F3613648FDF7C8FB2368B3F556
:104B9000805F04D340F6F4613148FDF7BFFB2B7909
:104BA000022BC0D13EBB2A682E4BD2F804110B4019
:104BB000B3F5804FB7D0D4E90003D2F8041543EA27
:104BC000004301F0F0210B43C2F80435D2F8081578
:104BD000D4E9033021F09F41034321F4FE01A06892
:104BE00021F47F6143EA004321F00F010B43C2F837
:104BF0000835002098E7012E17D1D4E900032A6870
:104C000043EA0043D2F8041901F0F0210B43C2F843
:104C10000439D2F80819D4E9020301F0F02143EA7B
:104C200000430B43C2F80839E3E7022E7FF47BAF61
:104C3000D4E900032A6843EA0043D2F8041D01F0D6
:104C4000F0210B43C2F8043DD2F8081DD4E9020359
:104C500001F0F02143EA00430B43C2F8083DC8E7E6
:104C6000B26902340040FF00022938B505460C46FF
:104C700004D940F63F711A48FDF750FB6DB32B790C
:104C8000022B2AD17CB92B68164AD3F804110A40AA
:104C9000B2F5804F21D0D3F8082542F00042C3F886
:104CA0000825002038BD012C0DD12B682046D3F8F3
:104CB0002028B2F5004FF5D0D3F8082942F0004281
:104CC000C3F80829EDE7022C07D12A68D2F8083D7D
:104CD00043F00043C2F8083DE3E70120E2E700BFEC
:104CE000B26902340040FF00022908B506D940F637
:104CF0007E711048FDF712FB01200AE00028FBD06E
:104D0000036839B9D3F8082522F00042C3F8082512
:104D1000002008BD01290BBFD3F80829D3F8082DBE
:104D200022F0004222F000420CBFC3F80829C3F869
:104D3000082DEDE7B2690234022970B505460E462A
:104D4000144604D941F252011848FDF7E7FA2268E7
:104D500052B1182A03D8164BD340DA0704D441F2D3
:104D600053011248FDF7DAFA626852B1062A03D8F5
:104D70005423D340DB0704D441F254010B48FDF720
:104D8000CDFA8DB12B79022B0ED1012E0CD1D4E9A5
:104D90000030034300202968D1F8302822F01E0299
:104DA0001343C1F8303870BD0120FCE7B26902340A
:104DB00000010101022908B506D941F27A0109482A
:104DC000FDF7ACFA012008BD0028FBD00129F9D17C
:104DD00002680020D2F8303843F00103C2F83038BE
:104DE000F1E700BFB269023470B50E4614460546BD
:104DF00008B9012070BD022904D941F2BC011E4846
:104E0000FDF78CFA226852B1182A03D81B4BD34005
:104E1000DA0704D441F2BD011748FDF77FFA626852
:104E200052B1062A03D85423D340DB0704D441F2FD
:104E3000BE011148FDF772FA2B79022BD9D1012E50
:104E40000CD1D4E9003029680343D1F80C2922F0B1
:104E50001E021343C1F80C390020CBE7022EC8D143
:104E6000D4E9003029680343D1F80C2D22F01E024A
:104E70001343C1F80C3DEFE7B269023400010101B0
:104E800008B530B1022906D941F2E9010C48FDF715
:104E900045FA012009E0012908D10268D2F80C394D
:104EA00043F00103C2F80C39002008BD0229F0D1FB
:104EB0000268D2F80C3D43F00103C2F80C3DF3E761
:104EC000B269023408B530B1022906D941F20A119B
:104ED0000C48FDF723FA012009E0012908D10268F6
:104EE000D2F80C3923F00103C2F80C39002008BDB8
:104EF0000229F0D10268D2F80C3D23F00103C2F878
:104F00000C3DF3E7B269023470B50E46144605460F
:104F100008B9012070BD002AFBD0022904D941F252
:104F200034113F48FDF7FAF96369803BB3F5607FC0
:104F300004D341F235113A48FDF7F0F92369803B7B
:104F4000B3F5607F04D341F236113548FDF7E6F939
:104F5000E368B3F5803F04D341F237113048FDF7E1
:104F6000DDF9A368B3F5803F04D341F238112C4832
:104F7000FDF7D4F96368B3F5805F04D341F23911CA
:104F80002748FDF7CBF92368B3F5805F04D341F2DE
:104F90003A112348FDF7C2F92B79022BB9D1012E22
:104FA0001ED1D4E904022B6842EA0042D3F810195A
:104FB00001F0FC210A43C3F81029D4E9021242EAA5
:104FC0000142C3F81429D3F81819D4E9000201F0FA
:104FD000F02142EA00420A43C3F81829002099E769
:104FE000022E96D1D4E904022B6842EA0042D3F89B
:104FF000101D01F0FC210A43C3F8102DD4E9021260
:1050000042EA0142C3F8142DD3F8181DD4E9000276
:1050100001F0F02142EA00420A43C3F8182DDDE70F
:10502000B269023408B530B1022906D941F27A11C9
:105030000C48FDF773F9012009E0012908D1026845
:10504000D2F8103943F00043C2F81039002008BDEF
:105050000229F0D10268D2F8103D43F00043C2F8B3
:10506000103DF3E7B269023408B530B1022906D920
:1050700041F2BC110C48FDF751F9012009E001296A
:1050800008D10268D2F8703943F00103C2F87039D0
:10509000002008BD0229F0D10268D2F8703D43F02B
:1050A0000103C2F8703DF3E7B269023408B530B1CC
:1050B000022906D941F2DD110C48FDF72FF9012034
:1050C00009E0012908D10268D2F8703923F0010300
:1050D000C2F87039002008BD0229F0D10268D2F868
:1050E000703D23F00103C2F8703DF3E7B26902346A
:1050F00038B5134A0368044693420D4608D002F1BE
:105100007042934204D041F2F8110E48FDF706F9BF
:10511000022D06D941F2F9110A48FDF7FFF80020E7
:1051200038BD012D05D12368D3F8700900F00100C6
:10513000F6E7022DF3D12368D3F8700DF6E700BF30
:1051400000200058B269023470B50E461446054678
:1051500008B9012070BD002AFBD0022904D941F210
:105160001E212448FDF7DAF8A26852B1062A03D8B6
:105170005423D340DB0704D441F21F211D48FDF71F
:10518000CDF8E368072B04D94FF491511948FDF786
:10519000C5F82368072B04D941F221211548FDF7F2
:1051A000BDF86368072B04D941F222211148FDF7AD
:1051B000B5F82369072B04D941F223210D48FDF7E7
:1051C000ADF8012EC5D1D4E903231B0743EA0243FE
:1051D000A268296813432268D1F8700843EA025391
:1051E000626843EA0263044A024013430020C1F8A4
:1051F0007038AFE7B2690234F9FF888808B530B17A
:10520000022906D941F24A210748FDF787F8012013
:1052100008BD0129FBD102680020D2F8703843F0A4
:105220000103C2F87038F3E7B269023408B530B14F
:10523000022906D941F267210748FDF76FF80120DE
:1052400008BD0129FBD102680020D2F8703823F094
:105250000103C2F87038F3E7B2690234F8B50F46BB
:1052600015461C46064608B90120F8BD022904D996
:1052700041F289211048FDF751F8072D04D941F278
:105280008A210D48FDF74AF8B4F5805F04D341F256
:105290008B210948FDF742F8012FE5D1326844EA35
:1052A0000534D2F82038002023F4FF4323F07F0395
:1052B0001C43C2F82048D8E7B269023450B1012932
:1052C00008D102680020D2F8203843F40043C2F825
:1052D000203870470120704750B1012908D1026879
:1052E0000020D2F8203823F40043C2F82038704759
:1052F0000120704770B50E461446054608B90120D6
:1053000070BD022918D941F2EA210D48FDF706F8CF
:10531000072CF4D941F2EB210948FCF7FFFF012EDD
:10532000EDD129680020D1F8243823F00E0343EA98
:105330004403C1F82438E3E7072AF0D9EAE700BFBD
:10534000B269023408B530B1022906D941F20831F8
:105350000748FCF7E3FF012008BD0129FBD10268E3
:105360000020D2F8243843F00103C2F82438F3E7D0
:10537000B269023408B530B1022906D941F22531AB
:105380000748FCF7CBFF012008BD0129FBD10268CB
:105390000020D2F8243823F00103C2F82438F3E7C0
:1053A000B2690234022910B5044604D941F23B31F6
:1053B0000448FCF7B3FF2368D3F82408C0F3420085
:1053C00010BD00BFB269023438B5104A0368044604
:1053D00093420D4608D002F17042934204D041F24C
:1053E00048310B48FCF79AFF022D06D941F24931AA
:1053F0000748FCF793FF002038BD012DFBD123683F
:10540000D3F8240800F00100F6E700BF00200058A0
:10541000B269023438B51546044608B9012038BDD2
:10542000002AFBD0022904D941F266310648FCF774
:1054300075FF2379022BF1D123680020D3F8283897
:10544000C3F30B032B60EAE7B269023470B50E4672
:105450001446054608B9012070BD002AFBD0022978
:1054600004D941F225419848FCF758FF2378012BD5
:1054700004D941F226419448FCF750FF637813F0B9
:10548000FD0F04D041F227418F48FCF747FFB4F9E4
:105490000230B3F5006F04DB41F228418A48FCF783
:1054A0003DFFB4F90430B3F5006F04DB41F229414C
:1054B0008548FCF733FFB4F90630B3F5006F04DB21
:1054C00041F22A418048FCF729FFB4F90830B3F5CE
:1054D000006F04DB41F22B417B48FCF71FFFB4F95E
:1054E0000A30B3F5006F04DB41F22C417648FCF73B
:1054F00015FFB4F90C30B3F5006F04DB41F22D4118
:105500007148FCF70BFFB4F90E30B3F5006F04DB04
:1055100041F22E416C48FCF701FFB4F91030B3F5AD
:10552000006F04DB41F22F416748FCF7F7FEB4F946
:105530001230B3F5006F04DB41F230416248FCF7F2
:10554000EDFEB4F91430B3F5006F04DB41F23141E4
:105550005D48FCF7E3FEB4F91630B3F5006F04DBE9
:1055600041F232415848FCF7D9FEB4F91830B3F58E
:10557000006F04DB41F233415348FCF7CFFE012EAC
:105580007FF469AF2B682078D3F88018627821F017
:10559000060142EA80020A43C3F88028B4F90220D7
:1055A00090B2C2F30A01002AB4F90420B8BF084639
:1055B000C2F30A05002A91B2B8BF2946D3F884285D
:1055C00002F0F822024342EA0142C3F88428B4F907
:1055D000062095B2C2F30A01002AB4F90820B8BF28
:1055E0000D46C2F30901002A90B2B8BF0846D3F8AD
:1055F000882836490A402A4342EA0042C3F88828EC
:10560000B4F90C2095B2C2F30A00002AB4F90A20BA
:10561000B8BF0546C2F30A06002A90B2B8BF3046AA
:10562000D3F88C2802F0F82242EA05420243C3F87C
:105630008C28B4F90E2095B2C2F30A00002AB4F9FE
:105640001020B8BF0546C2F30906002A90B2B8BFC1
:105650003046D3F890280A402A4342EA0042C3F871
:105660009028B4F9122095B2C2F30A00002AB4F9C6
:105670001420B8BF0546C2F30A06002A90B2B8BF8C
:105680003046D3F8942802F0F8222A4342EA004236
:10569000C3F89428B4F91620C2F30A0095B2002A80
:1056A000B4F91820B8BF0546C2F30904002A90B225
:1056B000B8BF2046D3F898280A402A4342EA00425D
:1056C000C3F898280020C7E6B269023400F800FC4D
:1056D00008B530B1022906D941F27B410748FCF7F1
:1056E0001DFE012008BD0129FBD102680020D2F86F
:1056F000803843F00103C2F88038F3E7B26902341E
:1057000008B530B1022906D941F297410748FCF7A4
:1057100005FE012008BD0129FBD102680020D2F856
:10572000803823F00103C2F88038F3E7B26902340D
:1057300010B500B10AB9012010BD022905D941F206
:105740005B510B48FCF7EAFDF5E70129F3D100684E
:1057500053781478D0F8401892781B0443EA046315
:1057600043EA0223CAB21343C0F840380020E3E7FB
:10577000B269023408B530B1022906D941F27A5132
:105780000748FCF7CBFD012008BD0129FBD10268C9
:105790000020D2F8403843F00103C2F84038F3E764
:1057A000B269023408B530B1022906D941F29651E6
:1057B0000748FCF7B3FD012008BD0129FBD10268B1
:1057C0000020D2F8403823F00103C2F84038F3E754
:1057D000B2690234022904D941F2B0510748FCF7FA
:1057E0009DBD012908D10368D3F84038190A91708A
:1057F000190C1B0E51701370704700BFB269023450
:1058000038B5104A0368044693420D4608D002F1A9
:105810007042934204D041F2C4510B48FCF77EFD24
:10582000022D06D941F2C5510748FCF777FD00204B
:1058300038BD012DFBD12368D3F8400800F00100EA
:10584000F6E700BF00200058B2690234F8B50F46F1
:1058500015461C46064608B90120F8BD002BFBD0B2
:10586000022904D941F2E9512A48FCF757FD6B1E81
:10587000022B04D941F2EA512648FCF74FFDA368F8
:105880006BB1043B082B05D840F2111222FA03F346
:10589000DB0704D441F2EB511E48FCF73FFD63687F
:1058A00033F0300306D0402B04D041F2EC511948BC
:1058B000FCF734FD236833F0800304D041F2ED514E
:1058C0001448FCF72BFD012FC6D1D4E90032134355
:1058D000A268012D316843EA020309D0022D10D0DD
:1058E000D1F8582822F0FC021343C1F8583806E0DA
:1058F000D1F8502822F0FC021343C1F850380020A0
:10590000ABE7D1F8542822F0FC021343C1F8543815
:10591000F5E700BFB269023470B50E46144605467D
:1059200008B9012070BD002AFBD0022904D941F238
:105930001F612148FCF7F2FC6368B3F5805F04D374
:105940004FF4B1511C48FCF7E9FC2368B3F5805FC4
:1059500004D341F221611848FCF7E0FCE368B3F599
:10596000805F04D341F222611348FCF7D7FCA3689F
:10597000B3F5805F04D341F223610F48FCF7CEFCFE
:10598000012ECED1D4E900032A6843EA0043D2F8BD
:105990005C1801F0F0210B43C2F85C38D2F86018B3
:1059A000D4E9020301F0F02143EA00430B43002055
:1059B000C2F86038B6E700BFB269023470B50E466F
:1059C0001546044608B9012070BD022904D941F2E8
:1059D00047611548FCF7A2FC6B1E022B0ED941F261
:1059E00048611148FCF79AFC012EECD12268D2F8EC
:1059F000583843F00103C2F8583813E0012EE2D1C1
:105A0000012D236808D0022DF0D1D3F8542842F09C
:105A10000102C3F8542805E0D3F8502842F00102EF
:105A2000C3F850280020CFE7B269023408B530B17E
:105A3000022906D941F29F610748FCF76FFC01205B
:105A400008BD0129FBD102680020D2F8603843F07C
:105A50000043C2F86038F3E7B269023470B50E460D
:105A60001446054608B9012070BD002AFBD0022962
:105A700004D941F2DB611D48FCF750FC2378072B69
:105A800004D941F2DC611948FCF748FCA378072BE4
:105A900004D941F2DD611548FCF740FC2379072B5E
:105AA00004D941F2DE611148FCF738FC012EDAD14D
:105AB00029686378D1F8442820781B0522F0FF423A
:105AC00043EA007322F4E0021343C1F84438E37858
:105AD000A2781B0543EA02732279002043EA0233CD
:105AE000627943EA0213C1F84838BDE7B26902346B
:105AF00008B530B1022906D941F201710748FCF717
:105B00000DFC012008BD0129FBD102680020D2F85C
:105B1000443843F00103C2F84438F3E7B269023471
:105B200008B530B1022906D941F21D710748FCF7CA
:105B3000F5FB012008BD0129FBD102680020D2F845
:105B4000443823F00103C2F84438F3E7B269023461
:105B500070B50E461446054608B9012070BD002AEE
:105B6000FBD0022904D941F23B713948FCF7D6FB3E
:105B700023783F2B04D941F23C713548FCF7CEFB2A
:105B800063783F2B04D941F23D713148FCF7C6FBE5
:105B9000A3783F2B04D941F23E712D48FCF7BEFBA0
:105BA000E3783F2B04D941F23F712948FCF7B6FB5B
:105BB00023793F2B04D94FF4BA512548FCF7AEFBAB
:105BC00063793F2B04D941F241712148FCF7A6FBD0
:105BD000A3793F2B04D941F242711D48FCF79EFB8B
:105BE000E3793F2B04D941F243711948FCF796FB46
:105BF000237A3F2B04D941F244711548FCF78EFB00
:105C0000012EAAD12A682178D2F8A038002023F4E6
:105C1000FC4343EA4123C2F8A038A37861785B04CF
:105C200043EA4163E17843EA4123217943EA4103AE
:105C3000C2F8A438A37961795B0443EA4163E1794E
:105C400043EA4123217A43EA4103C2F8A83885E7B1
:105C5000B269023408B530B1022906D941F26C713B
:105C60000748FCF75BFB012008BD0129FBD1026856
:105C70000020D2F8A03843F00103C2F8A038F3E7BF
:105C8000B269023408B530B1022906D941F28871EF
:105C90000748FCF743FB012008BD0129FBD102683E
:105CA0000020D2F8A03823F00103C2F8A038F3E7AF
:105CB000B269023470B50E461446054608B9012093
:105CC00070BD022904D941F2D2711448FCF726FBB9
:105CD000230702D1B4F5004F04D341F2D3710F482A
:105CE000FCF71CFB012E0BD12A68D2F8CC3923F427
:105CF000FF4323F07F032343C2F8CC390020DFE7C2
:105D0000022EDCD12A68D2F8CC3D23F4FF4323F0E5
:105D10007F032343C2F8CC3DF0E700BFB2690234F1
:105D200070B50E461446054608B9012070BD02291B
:105D300017D941F2F6711248FCF7F0FA0A2CF4D99F
:105D400041F2F7710E48FCF7E9FA012E0CD12A68EE
:105D5000D2F8C03923F00F032343C2F8C039002022
:105D6000E4E70A2AF1D9EBE7022EDED12A68D2F85D
:105D7000C03D23F00F032343C2F8C03DEFE700BF4F
:105D8000B2690234022938B504460D4604D941F6F9
:105D900039110F48FCF7C2FABCB12379022B08D1A4
:105DA000012D08D12268D2F8C03943F01003C2F89F
:105DB000C039002038BD022D07D12268D2F8C03D7D
:105DC00043F01003C2F8C03DF3E70120F2E700BF43
:105DD000B2690234022938B504460D4604D941F6A9
:105DE0005B110F48FCF79AFABCB12379022B08D15A
:105DF000012D08D12268D2F8C03923F01003C2F86F
:105E0000C039002038BD022D07D12268D2F8C03D2C
:105E100023F01003C2F8C03DF3E70120F2E700BF12
:105E2000B2690234022908B506D941F67D210A4833
:105E3000FCF774FA012008BDFCD10368D3F8042CE8
:105E4000D3F804180A43F5D4D3F80428002022F428
:105E50008022C3F80428EEE7B2690234F8B50E4692
:105E600015461C46074608B90120F8BD002BFBD09B
:105E7000022904D94FF4E0511048FCF74FFA6B1E89
:105E8000022B08D941F601410C48FCF747FA012ED4
:105E9000EAD10020E9E7012EE6D1022D3B6807D0C8
:105EA000032D08D0D3F8643823F07F432360F0E754
:105EB000D3F86838F8E7D3F86C38F5E7B2690234FC
:105EC000022904D941F6E6410C48FCF727BA01291A
:105ED00013D10168D1F8483818095071C3F3023062
:105EE0001071C3F302701B0D9070D370D1F8443859
:105EF000190DC3F30273517013707047B269023405
:105F0000022970B405D970BC41F61F514A48FCF70C
:105F100005BA012940F08D800368D3F88018C1F3D9
:105F2000800001F0020110705170D3F88448434999
:105F3000C4F30A4040EA010514F0806F18BF2846F8
:105F4000D3F884489080C4F30A0040EA010514F4B1
:105F5000806F18BF2846D3F8885850803848C5F35A
:105F6000094444EA000615F0007F18BF3446D3F810
:105F700088581481C5F30A0444EA010615F4806FB9
:105F800018BF3446D3F88C58D480C5F30A4444EA89
:105F9000010615F0806F18BF3446D3F88C589481F1
:105FA000C5F30A0444EA010615F4806F18BF3446AD
:105FB000D3F890585481C5F3094444EA000615F01B
:105FC000007F18BF3446D3F890581482C5F30A04F2
:105FD00044EA010615F4806F18BF3446D3F8985888
:105FE000D481C5F30944204315F0007F18BF04464F
:105FF0001483D3F89848C4F30A0040EA010514F466
:10600000806F18BF2846D3F89448D082C4F30A4062
:1060100040EA010514F0806F18BF28469082D3F83B
:106020009408C0F30A03194310F4806F18BF0B469D
:10603000538270BC704700BFB269023400F8FFFFA2
:1060400000FCFFFF38B5104A0368044693420D4632
:1060500008D002F17042934204D041F69B510B48A4
:10606000FCF75CF9022D06D941F69C510748FCF774
:1060700055F9002038BD012DFBD12368D3F8440821
:1060800000F00100F6E700BF00200058B2690234BA
:1060900038B5104A0368044693420D4608D002F111
:1060A0007042934204D041F6C7510B48FCF736F9D1
:1060B000022D06D941F6C8510748FCF72FF90020F8
:1060C00038BD012DFBD12368D3F8800800F0010012
:1060D000F6E700BF00200058B2690234007970472B
:1060E000022938B504460D4604D941F644710348E7
:1060F000FCF714F92C44607938BD00BFB269023452
:1061000038B50446FDF7C0FA054644B194F854305A
:10611000022B06D02023A365002384F84C300120F5
:1061200038BD2268536943F004035361052384F8A2
:10613000543023681A69900419D55A69216D42F0C8
:1061400002025A61042284F854204FF4FE42DA60BD
:106150000122090648BF616F84F854204FF0000007
:1061600042BF0A7300229A6484F84C00D8E7FDF716
:106170008BFA401B0528DCD9A36D43F01003A365FF
:10618000032384F85430236D1D06C5D50122636FA7
:106190001A73C1E72DE9F84F484B044698420E4662
:1061A00054D003F17043984250D0454B98424DD0A3
:1061B00003F17043984249D0424B984246D003F1D4
:1061C0007043984242D0404B98423FD003F1704315
:1061D00098423BD03D4B984238D003F170439842EF
:1061E00034D03B4B984231D003F1704398422DD0CC
:1061F000384B98422AD003F17043984226D0364B50
:10620000984223D003F1704398421FD0334B9842F9
:106210001CD003F17043984218D0314B984215D0EE
:1062200003F17043984211D02E4B98420ED003F1E7
:10623000704398420AD02C4B984207D003F1704328
:10624000984203D0AD212948FCF768F833689AB228
:1062500012B1B3F5803F03D3AE212448FCF75EF8BA
:106260007368012B14D9B3F5041F11D01DD8B3F5F1
:10627000881F0DD009D8032B0AD9113B012B07D950
:10628000AF211A48FCF74AF802E0B3F5901FF7D1A6
:106290004FF000094F46DFF82480DFF854A035683E
:1062A00035FA07F326D1BDE8F88FB3F5441FEFD0D8
:1062B00023F48013B3F5081FE9E700BF000002567E
:1062C0000004025600080256000C02560010025646
:1062D0000014025600180256001C025600340256E2
:1062E00000380256003C025600400256FA69023459
:1062F000005002564FF0010B0BFA07FB1BEA050595
:1063000000F03081736803F00303013B012B1AD8BE
:10631000F368032B03D9BE219E48FBF7FFFF03233D
:10632000A26803FA09F322EA0302F36803FA09F305
:106330001343A36073686268C3F3001322EA0B027D
:10634000BB4013436360D6E9013203F00303032B20
:1063500002D1012A00F08280022A03D9D1218D487E
:10636000FBF7DCFF0323E26803FA09F322EA0302E6
:10637000B36803FA09F31343E360736803F003039C
:10638000022B6BD1444553D0834B9C4250D0834B5E
:106390009C424DD003F170439C4249D0804B9C42BB
:1063A00046D003F170439C4242D07E4B9C423FD08A
:1063B00003F170439C423BD07B4B9C4238D003F1AD
:1063C00070439C4234D0794B9C4231D003F17043EE
:1063D0009C422DD0764B9C422AD003F170439C42C4
:1063E00026D0744B9C4223D003F170439C421FD0B3
:1063F000714B9C421CD003F170439C4218D06F4BF0
:106400009C4215D003F170439C4211D06C4B9C42CE
:106410000ED003F170439C420AD06A4B9C4207D0D5
:1064200003F170439C4203D0DE215A48FBF776FF0C
:1064300033690F2B03D9DF215648FBF76FFF0F237A
:10644000FA0804EB820207F00701106A89008B400A
:1064500020EA030033698B4003431362032320685F
:1064600003FA09F220EA0200726802EA030101FA63
:1064700009F1014312F4403F216073D04FF00F0E39
:1064800027F0030101F1AC4101F5143107EA0300E3
:10649000D1F860C098400EFA00FE44452CEA0E0C7C
:1064A00064D0DFF8F8E0744562D00EF5806E744574
:1064B00060D00EF5806E744520D03B4B9C425BD083
:1064C00003F580639C4259D003F580639C4257D00A
:1064D00003F580639C4255D003F5C0539C4253D0D2
:1064E00003F580639C4251D003F580639C424FD0FA
:1064F00003F580639C4214BF10230B23834043EABF
:106500000C030B66DAF8803012F4803F23EA0501B1
:1065100043EA050308BF0B46CAF88030DAF8843036
:1065200012F4003F23EA050143EA050308BF0B46C6
:10653000CAF88430DAF8003012F4801F23EA05012B
:1065400043EA050308BF0B46CAF80030DAF8043006
:1065500012F4001F23EA050145EA030508BF0D46B2
:10656000CAF80450013709F1020998E60023C5E78B
:106570000123C3E70223C1E70423BFE70523BDE7E7
:106580000623BBE70723B9E70823B7E70923B5E7E5
:106590000A23B3E7FA6902340000024600040256F7
:1065A00000080256000C0256001002560014025653
:1065B00000180256001C02560034025600380256DB
:1065C000003C0256004002562DE9F84F874B044626
:1065D00098420D4655D003F17043984251D0844BF8
:1065E00098424ED003F1704398424AD0814B984272
:1065F00047D003F17043984243D07F4B984240D03C
:1066000003F1704398423CD07C4B984239D003F15F
:106610007043984235D07A4B984232D003F17043A0
:1066200098422ED0774B98422BD003F1704398427A
:1066300027D0754B984224D003F17043984220D064
:10664000724B98421DD003F17043984219D0704BA1
:10665000984216D003F17043984212D06D4B984285
:106660000FD003F1704398420BD06B4B984208D087
:1066700003F17043984204D040F22D116748FBF7B4
:106680004DFEABB213B1B5F5803F04D34FF4977113
:106690006248FBF743FE00224FF0010A4FF00F085B
:1066A0004FF0030B5E4835FA02F301D1BDE8F88FD5
:1066B0000AFA02FC1CEA05067FD022F0030101F170
:1066C000AC4101F5143102F003070B6EFF0008FA2C
:1066D00007F909EA030E454B9C4270D003F580632D
:1066E0009C426ED003F580639C426CD003F58063BE
:1066F0009C426AD003F580639C4268D003F58063B6
:106700009C4266D003F580639C4264D003F58063AD
:106710009C4262D003F5C0539C4260D003F5806375
:106720009C425ED003F580639C425CD003F580639D
:106730009C420CBF0B231023BB40734517D1D0F8EC
:10674000803023EA0603C0F88030D0F8843023EA92
:106750000603C0F88430036823EA06030360436835
:1067600023EA060343600B6E23EA09030B662368E2
:1067700056000BFA06F633432360D30804EB830379
:1067800002F007011F6A890008FA01F127EA0107F0
:106790001F62A76827EA0607A760676827EA0C0751
:1067A0006760E76827EA0607E7601E6C26EA0106CD
:1067B0001E649E6C26EA01019964013273E700238E
:1067C000BAE70123B8E70223B6E70323B4E70423BB
:1067D000B2E70523B0E70623AEE70723ACE70823BB
:1067E000AAE70923A8E70A23A6E700BF000002568C
:1067F0000004025600080256000C02560010025611
:106800000014025600180256001C025600340256AC
:1068100000380256003C025600400256FA69023423
:106820000050025670B5054616460C4621B94FF485
:10683000D0710848FBF772FD012E06D940F2A11174
:106840000448FBF76BFDAC6170BD002EFBD1AC6260
:10685000FAE700BFFA6902347047704738B5084D4F
:106860000446EB68034202D0E860FFF7F5FF2B69AE
:106870001C4203D020462C61FFF7EFFF38BD00BF5C
:106880000050025603689A69910744BF00229A6239
:106890009A69D2075EBF9A6942F001029A61704715
:1068A0002DE9F04114461F460268294B80469A4262
:1068B0000E46069D1DD003F170439A4219D0254B18
:1068C0009A4216D003F170439A4212D0224B9A4258
:1068D0000FD003F170439A420BD0204B9A4208D05C
:1068E00003F170439A4204D041F6C9511C48FBF7AA
:1068F00015FD37F0807307D0B7F1007F04D041F663
:10690000CA511748FBF70AFD164B9D420BD025F4E0
:106910008062A3F500539A4205D025B141F6CB51D0
:106920000F48FBF7FBFCD8F800000F4945EA044488
:10693000426844EA0703C6F30906334341EA555166
:1069400023F0004322EA010213434360BDE8F081D3
:106950000054005000580050005C0050001C0056CD
:10696000406A023400400080FF63FF0303682DE9A2
:10697000F0419C69054614F010040F4616466FD08E
:1069800000241022A046DA612B689A69900661D42F
:10699000B8F1000F35D0012044F004042E68B3692B
:1069A000D90541BF4FF480720120F26144F0010427
:1069B0005A0541BF4FF48062012044F00804F2619F
:1069C0009B054FD54FF4007344F00204F361284651
:1069D000FFF758FF7368012023F0FF7323F48B3314
:1069E00023F4FF7323F0010373606B6C23436B6428
:1069F000202385F84130002385F8423085F8403067
:106A000032E07A1CC1D0FCF73FFE801BB84201D8AF
:106A1000002FB9D12B68596895F842209869D2B2F5
:106A200000040AD5490408D4202A06D05A6842F442
:106A300080425A60FCF728FE06462B689B699B063D
:106A4000A2D4FCF721FE801B1928F6D920244FF090
:106A5000010899E7B8F1000F9DD12022DA619AE789
:106A600020469BE70028B2D1BDE8F08170B504460E
:106A70000D46164623689B699B0701D500201FE041
:106A8000324629462046FFF771FFC0B96A1CF1D093
:106A9000FCF7FAFD801BA84201D8002DEAD123683B
:106AA0009B6913F00203E5D1626C84F8403042F038
:106AB00020026264202284F8412084F842300120C0
:106AC00070BD2DE9F04104460F4616461D46DDF81F
:106AD000188023689B6937EA03030CBF0123002356
:106AE000B34201D0002025E0424629462046FFF768
:106AF0003DFFF0B96B1CECD0FCF7C6FDA0EB080025
:106B0000A84201D8002DE4D123689B6937EA03032A
:106B10000CBF01230023B342DBD1636C43F020039D
:106B20006364202384F84130002384F8423084F8E1
:106B300040300120BDE8F08170B504460D46164690
:106B400023689B699B0601D500201DE0324629463B
:106B50002046FFF70BFFB0B9FCF796FD801BA8425B
:106B600001D8002DECD123689B6913F02003E7D1F5
:106B7000626C84F8403042F020026264202284F883
:106B8000412084F84230012070BD704710B50446A2
:106B9000002800F0AF800368574A93421DD002F1ED
:106BA0007042934219D0554A934216D002F1704276
:106BB000934212D0524A93420FD002F17042934254
:106BC0000BD0504A934208D002F17042934204D055
:106BD00040F226214C48FBF7A1FBA368B3F5806F78
:106BE00004D340F227214848FBF798FBE368013BB8
:106BF000012B04D94FF40A714348FBF78FFB23693B
:106C000033F4004304D040F229213F48FBF786FBD0
:106C10006369FF2B04D940F22A213B48FBF77EFB36
:106C2000A369072B04D940F22B213748FBF776FBE9
:106C3000E36933F4002304D04FF40B713248FBF7BF
:106C40006DFB236A33F4003304D040F22D212E482B
:106C5000FBF764FB94F8413003F0FF0223B92046B0
:106C600084F84020FFF791FF242384F84130236803
:106C70001A6822F001021A60626822F070621A61DA
:106C80009A6822F400429A60D4E90221012906D1CF
:106C900042F400429A605A6822F4006207E042F42B
:106CA000044202299A60F6D15A6842F400625A609E
:106CB0005A68002042F0007242F400425A60DA68DA
:106CC00022F40042DA60D4E904210A43A16942EACD
:106CD0000122DA60D4E907210A431A601A6842F0F7
:106CE00001021A602023606484F84130206384F834
:106CF000420010BD0120FCE7005400500058005035
:106D0000005C0050001C0056406A023470470000CE
:106D100010B50446002836D003681C4A93421DD0A3
:106D200002F17042934219D0194A934216D002F1EF
:106D30007042934212D0174A93420FD002F1704230
:106D400093420BD0144A934208D002F1704293420E
:106D500004D040F299211148FBF7E0FA242322687D
:106D600084F841301368204623F001031360FFF7D5
:106D7000CDFF0020606484F8400084F84100206367
:106D800084F8420010BD0120FCE700BF0054005011
:106D900000580050005C0050001C0056406A02344D
:106DA0002DE9F74F9946013B012B04460F46164645
:106DB000BDF834A0DDF8388004D940F638216848A1
:106DC000FBF7ACFA94F84130202B40F0C6800C9BC6
:106DD00013B1BAF1000F06D14FF4007363640120C0
:106DE00003B0BDE8F08F94F84030012B00F0B5807F
:106DF0004FF0010B84F840B0FCF746FC1923054620
:106E000000905A464FF400412046FFF75AFE0028F2
:106E1000E5D1212384F84130402384F842300C9B93
:106E2000606463624F4B606339462046A4F82AA031
:106E30005FFA89F200934FF08073FFF731FD2A4625
:106E400041462046FFF712FE18BBB9F1010F236837
:106E500015D1F6B29E62002243468021204600955D
:106E6000FFF72FFEA8B9638D9BB2FF2B15D8628D5B
:106E70004FF0007392B222850090D2B212E0320A33
:106E80009A6241462A462046FFF7F0FD08B923687A
:106E9000DFE7002384F84030A1E7FF224FF0807342
:106EA0002285009039462046FFF7FAFC2A464146E3
:106EB0002046FFF7DBFD002891D1636A226813F8B2
:106EC000011B91626362638D228D013B9BB26385DE
:106ED000638D013A92B29BB22285B3B1AAB94346FF
:106EE000802120460095FFF7ECFD00287FF477AF66
:106EF000638D9BB2FF2B28D9FF224FF08073228530
:106F0000009039462046FFF7CBFC638D9BB2002BE7
:106F1000CCD12A4641462046FFF70EFE00287FF4DA
:106F20005EAF20212368D9615A6822F0FF7222F4F3
:106F30008B3222F4FF7222F001025A6084F8411071
:106F400084F8400084F842004AE7628D4FF00073F5
:106F500092B222850090D2B2D3E7022040E700BF70
:106F6000406A0234002000802DE9F74F9946013B2A
:106F7000012B04460F461646BDF834A0DDF83880D4
:106F800004D940F6C1216948FBF7C8F994F84130AB
:106F9000202B40F0C9800C9B13B1BAF1000F06D131
:106FA0004FF400736364012003B0BDE8F08F94F8E0
:106FB0004030012B00F0B8804FF0010B84F840B056
:106FC000FCF762FB1923009005465A464FF4004136
:106FD0002046FFF776FD03460028E4D1222284F8FC
:106FE0004120402284F842200C9A60646262504A38
:106FF000606339462046A4F82AA000925FFA89F21D
:10700000FFF74EFC2A4641462046FFF72FFD20BBE6
:10701000B9F1010F236816D1F6B29E6200224346F1
:10702000402120460095FFF74CFDB0B9638D9BB21F
:10703000FF2B404B15D8628D92B222850093D2B2BD
:107040004FF0007312E0320A9A6241462A46204607
:10705000FFF70CFD08B92368DEE7002384F8403011
:10706000A1E7FF22228500934FF080733946204626
:10707000FFF716FC43460022042120460095FFF747
:1070800020FD00288FD123685A6A636A1A70636AE8
:10709000228D01336362638D013A013B9BB26385AC
:1070A000638D92B29BB22285B3B1AAB943468021C7
:1070B00020460095FFF705FD00287FF474AF638D2F
:1070C0009BB2FF2B28D9FF224FF0807322850090BE
:1070D00039462046FFF7E4FB638D9BB2002BC9D1F4
:1070E0002A4641462046FFF727FD00287FF45BAF84
:1070F00020212368D9615A6822F0FF7222F48B3272
:1071000022F4FF7222F001025A6084F8411084F8E0
:10711000400084F8420047E7628D4FF0007392B25E
:1071200022850090D2B2D3E702203DE7406A0234C4
:10713000002000800024008090F841007047406CDF
:107140007047000038B5274A0368044693420D464D
:107150001CD002F17042934218D0234A934215D0BA
:1071600002F17042934211D0204A93420ED002F1B4
:10717000704293420AD01E4A934207D002F17042F5
:10718000934203D062211B48FBF7C8F835F48053C3
:1071900003D063211748FBF7C1F894F84130202B46
:1071A000D9B21CD194F84030012B18D024230020F0
:1071B00084F8413023681A6822F001021A601A68C4
:1071C00022F480521A601A682A431A601A6842F040
:1071D00001021A6084F8411084F8400038BD022092
:1071E000FCE700BF0054005000580050005C005005
:1071F000001C0056856A023438B5264A03680446E6
:1072000093420D461CD002F17042934218D0224A9C
:10721000934215D002F17042934211D01F4A93421B
:107220000ED002F1704293420AD01D4A934207D019
:1072300002F17042934203D090211A48FBF76EF896
:107240000F2D03D991211748FBF768F894F84130C6
:10725000202BD8B21BD194F84030012B17D0242317
:1072600084F8413023681A6822F001021A601A6813
:1072700022F4706242EA05221A601A6842F00102A2
:107280001A6084F84100002084F8400038BD0220D4
:10729000FCE700BF0054005000580050005C005054
:1072A000001C0056856A023438B504460D4621B9E3
:1072B00040F211112448FBF731F80C2C04D94FF49B
:1072C00089712148FBF72AF82B685A1E012A09D92F
:1072D000202B2FD8032B31D91C4A043B22FA03F36D
:1072E000DB072BD52B68802B01D0FF2B04D94FF463
:1072F0008A711548FBF712F86B68032B04D940F22A
:1073000015111148FBF70AF82B6893FAA3F3B3FAA7
:1073100083F2A00000F1A84000F51030D0F8103C36
:10732000696823F45C7343EA012343EA0213C0F85B
:10733000103C38BD402BD5D0802BD3D040F2131158
:107340000148FAF7EBFFCDE7CD6A023411100010C7
:10735000384B37B5984204460D465CD81E3B9842E0
:107360003BD8354B98424BD8B0F1005F3AD2334B03
:10737000984240D8C21F223B9A4237D9032D04D9E4
:107380004FF4BA712E48FAF7C9FF0122200F80008E
:1073900000F1A84000F51030036904F01F040193C8
:1073A000019BA24023EA02030193019905F0010326
:1073B000A3400B430193019BC5F340010361036BA1
:1073C000A1400193019B23EA02030193019B19430E
:1073D0000191019B036303B030BD00F14042194BA2
:1073E000023A1DE0184B00F1604219E0A0F10803D9
:1073F000172B18D8C2E700F170431C3B022BF8E7AB
:10740000124B984203D8B0F1405F0CD3B6E7104B53
:10741000984208D1B2E700F130421E2A03D80D4B42
:10742000D340DB07AAD440F273110548FAF776FF80
:10743000A4E700BF1F0000401E0000201A0000103B
:10744000CD6A02340B8C832E3BF0DF7708000030CE
:107450000A0000307FEFDE4903681C4A10B59342F2
:1074600004462CD002F17042934228D002F180529F
:107470008032934223D002F1704293421FD002F136
:107480008052803293421AD002F17042934216D059
:1074900002F180528032934211D002F17042934245
:1074A0000DD002F180528032934208D002F1704236
:1074B000934204D040F207410548FAF72FFF2268B3
:1074C000136823F48013136010BD00BF8030025294
:1074D000126B023403681C4A10B5934204462CD048
:1074E00002F17042934228D002F1805280329342DE
:1074F00023D002F1704293421FD002F180528032B9
:1075000093421AD002F17042934216D002F1805297
:107510008032934211D002F1704293420DD002F1B9
:1075200080528032934208D002F17042934204D0DC
:1075300040F21A410548FAF7F1FE2268136843F455
:107540008013136010BD00BF80300252126B0234F2
:1075500070470000036810B5B3F1A44F04467DD016
:10756000B3F1844F7AD0B3F1A04F77D0B3F1804F0D
:1075700074D0654A934271D002F1704293426DD04B
:10758000624A93426AD002F17042934266D0604AE6
:10759000934263D002F1704293425FD05D4A9342BE
:1075A0005CD002F17042934258D05B4A934255D06E
:1075B00002F17042934251D0584A93424ED002F1A8
:1075C000704293424AD0564A934247D002F17042E9
:1075D000934243D0534A934240D002F170429342C7
:1075E0003CD0514A934239D002F17042934235D097
:1075F0004E4A934232D002F1704293422ED04C4A0E
:1076000093422BD002F17042934227D0494A9342D1
:1076100024D002F17042934220D0474A93421DD0B9
:1076200002F17042934219D0444A934216D002F1BB
:107630007042934212D0424A93420FD002F17042FC
:1076400093420BD03F4A934208D002F170429342DA
:1076500004D04FF4CE713C48FAF760FE94F83D3008
:10766000012B4ED1022384F83D302368B3F1A44F9F
:1076700039D0B3F1844F36D0B3F1A04F33D0B3F14A
:10768000804F30D0204A93422DD002F17042934275
:1076900029D01E4A934226D002F17042934222D052
:1076A0001B4A93421FD002F1704293421BD01B4AE7
:1076B000934218D002F17042934214D0184A934278
:1076C00011D002F1704293420DD0184A93420AD071
:1076D00002F17042934206D0174A934203D002F15E
:1076E0007042934207D19968184A0A40062A06D088
:1076F000B2F5803F03D01A6842F001021A60002000
:1077000010BD0120FCE700BF00040050000800503D
:10771000000C0050001000500014005000040052F3
:10772000004C00520030005000340050001800504F
:10773000001C005000200050004000520044005245
:1077400000480052003C00525A6B0234070001000E
:10775000036810B5B3F1A44F04467DD0B3F1844F54
:107760007AD0B3F1A04F77D0B3F1804F74D0444AB0
:10777000934271D002F1704293426DD0414A9342DC
:107780006AD002F17042934266D03F4A934263D07E
:1077900002F1704293425FD03C4A93425CD002F1C6
:1077A0007042934258D03A4A934255D002F1704207
:1077B000934251D0374A93424ED002F170429342E5
:1077C0004AD0354A934247D002F17042934243D0A7
:1077D000324A934240D002F1704293423CD0304A48
:1077E000934239D002F17042934235D02D4A9342F0
:1077F00032D002F1704293422ED02B4A93422BD0CA
:1078000002F17042934227D0284A934224D002F1D9
:107810007042934220D0264A93421DD002F170421A
:10782000934219D0234A934216D002F170429342F8
:1078300012D0214A93420FD002F1704293420BD0F2
:107840001E4A934208D002F17042934204D040F2A3
:10785000C1111B48FAF762FD41F211122368196A3F
:10786000114208D144F24442196A114202BF1A6817
:1078700022F001021A60012384F83D30002010BD7F
:107880000004005000080050000C00500010005090
:107890000014005000040052004C00520030005010
:1078A0000034005000180050001C00500020005010
:1078B000004000520044005200480052003C005278
:1078C0005A6B0234B0F1A44F036824D0B0F1844F56
:1078D00021D0B0F1A04F1ED0B0F1804F1BD0524A42
:1078E000904218D002F17042904214D04F4A904218
:1078F00011D002F1704290420DD04D4A90420AD010
:1079000002F17042904206D04A4A904203D002F1FE
:10791000704290422CD14A6823F07003B0F1A44F1A
:1079200043EA020347D0B0F1844F44D0B0F1A04FF6
:1079300041D0B0F1804F3ED03B4A90423BD002F163
:107940007042904237D0394A904234D002F17042AE
:10795000904230D0364A90422DD002F1704290428F
:1079600029D0344A904226D002F17042904222D06F
:10797000314A90421FD002F1704290421BD02F4AF0
:10798000904218D002F17042904214D02C4A90429A
:1079900011D002F1704290420DD02A4A90420AD092
:1079A00002F17042904206D0274A904203D002F181
:1079B0007042904203D1CA6823F4407313434A696A
:1079C00023F0800313438A68B0F1A44FC2620A68AF
:1079D00082621ED0B0F1844F1BD0164A904218D05C
:1079E00002F17042904214D0154A904211D002F137
:1079F000704290420DD0134A90420AD002F1704278
:107A0000904206D0104A904203D002F17042904258
:107A100001D10A690263026842F004020260012295
:107A200042610360704700BF00040050000800502E
:107A3000000C005000040052004C0052001800508E
:107A400000400052004400520048005210B5044665
:107A5000002800F000810368B3F1A44F7DD0B3F19A
:107A6000844F7AD0B3F1A04F77D0B3F1804F74D068
:107A70007A4A934271D002F1704293426DD0784AB3
:107A800093426AD002F17042934266D0754A9342A3
:107A900063D002F1704293425FD0734A93425CD04C
:107AA00002F17042934258D0704A934255D002F18D
:107AB0007042934251D06E4A93424ED002F17042CE
:107AC00093424AD06B4A934247D002F170429342AC
:107AD00043D0694A934240D002F1704293423CD075
:107AE000664A934239D002F17042934235D0644ADB
:107AF000934232D002F1704293422ED0614A9342B7
:107B00002BD002F17042934227D05F4A934224D097
:107B100002F17042934220D05C4A93421DD002F1A0
:107B20007042934219D05A4A934216D002F17042E1
:107B3000934212D0574A93420FD002F170429342BF
:107B40000BD0554A934208D002F17042934204D0C0
:107B50004FF48D715148FAF7E1FBA36833F010023E
:107B60000AD023F04002202A06D0402B04D040F255
:107B70001B114A48FAF7D2FB236933F4807207D00D
:107B8000B3F5007F04D04FF48E714448FAF7C6FB7A
:107B90002368E268B3F1A04F26D0B3F1804F23D021
:107BA0002E498B4220D001F170418B421CD02C49D0
:107BB0008B4219D001F170418B4215D029498B427B
:107BC00012D001F170418B420ED01B68013ADB04E8
:107BD00054BF4FF6FE73324B9A4207D940F21D1143
:107BE0002E48FAF79BFB01E0002AF7D0A36933F097
:107BF000800304D04FF48F712848FAF78FFB94F874
:107C00003D3003F0FF0223B9204684F83C20FFF703
:107C10009FFC0223206884F83D30211DFFF752FEAF
:107C20000123002084F8483084F83E3084F83F3047
:107C300084F8403084F8413084F8423084F843308E
:107C400084F8443084F8453084F8463084F847306E
:107C500084F83D3010BD0120FCE700BF0004005057
:107C600000080050000C005000100050001400509C
:107C700000040052004C005200300050003400500C
:107C800000180050001C005000200050004000521E
:107C90000044005200480052003C00525A6B02342B
:107CA000EEFF0F0010B584680A4324F47F4442EAD3
:107CB00003222243826010BD38B590F83C3005465F
:107CC000012B0C464FF0020000F04C81012385F897
:107CD0003D0085F83C300B68B3F5805F17D0B3F5F5
:107CE000005F14D023F03002402A10D07AB1B2F5F0
:107CF000801F0CD09C498A4209D023F01003B3F5B1
:107D0000001F04D041F256619848FAF707FB2B6830
:107D1000974A99680A409A602268702A00F0A38105
:107D200000F28E80502A00F05F8214D8402A00F0C2
:107D3000CE8207D8202A00F06D8105D832F01001DC
:107D400000F04681012007E1302AFBD1B3F1A44FB6
:107D500040F06381A3E3602AF4D1B3F1A44F3ED095
:107D6000B3F1844F3BD0B3F1A04F38D0B3F1804F83
:107D700035D0804A934232D002F1704293422ED0E5
:107D80007D4A93422BD002F17042934227D07B4A26
:107D9000934224D002F17042934220D0784A934219
:107DA0001DD002F17042934219D0764A934216D008
:107DB00002F17042934212D0734A93420FD002F103
:107DC000704293420BD0714A934208D002F1704244
:107DD000934204D041F2A5616448FAF79FFA6368C0
:107DE000B3F5004F09D033F0020206D00A2B04D0BD
:107DF00041F2A8615D48FAF791FAE3680F2B04D9C4
:107E000041F2A9615948FAF789FA2B6860681A6A41
:107E1000196AE46821F010011962996922F0A00240
:107E200021F4704142EA001241EA043199611A6278
:107E30009A6822F4401222F0700242F0670244E293
:107E4000B2F5005F00F0668100F2B480B2F5805FA9
:107E50007FF478AFB3F1A44F7DD0B3F1844F7AD0E3
:107E6000B3F1A04F77D0B3F1804F74D0414A934221
:107E700071D002F1704293426DD03F4A93426AD072
:107E800002F17042934266D03C4A934263D002F1C1
:107E9000704293425FD03E4A93425CD002F17042FE
:107EA000934258D03B4A934255D002F170429342DC
:107EB00051D0334A93424ED002F1704293424AD09D
:107EC000304A934247D002F17042934243D0324A43
:107ED000934240D002F1704293423CD02F4A9342E9
:107EE00039D002F17042934235D0274A934232D0C2
:107EF00002F1704293422ED0294A93422BD002F1D4
:107F00007042934227D0274A934224D002F1704214
:107F1000934220D01D4A93421DD002F170429342F9
:107F200019D0214A934216D002F17042934212D0E6
:107F30001E4A93420FD002F1704293420BD01C4A6A
:107F4000934208D002F17042934204D041F2626140
:107F50000648FAF7E3F90020012385F83D300023B5
:107F600085F83C3038BD00BF400010005A6B023429
:107F70008800CEFF0004005000080050000C0050A4
:107F800000040052004C0052001800500040005203
:107F90000010005000140050003000500034005019
:107FA000001C0050002000500044005200480052C5
:107FB000003C005282498A422CD049D830398A424A
:107FC00028D020D822F01001B1F5801F7FF4BAAE7E
:107FD000B3F1A44F21D122F02003102B00F05F82D7
:107FE00022F48013202B00F05A8222F05003B3F5C4
:107FF000801F00F05482734B22F04001994200F040
:108000004E823033FDE16F498A4203D010318A42FB
:108010007FF498AEB3F1A44FE2D0B3F1A04F40F09B
:10802000C88132F0200300F03A8222F48013302B12
:1080300000F0358222F05003B3F5801F00F02F824C
:10804000614B22F04001994200F029825033D8E17F
:10805000B2F5001FDED004D85C4922F0100088423F
:10806000B4E75B49D3E7B3F1A44F29D0B3F1844F10
:1080700026D0B3F1A04F23D0B3F1804F20D0554A82
:1080800093421DD002F17042934219D0524A93425A
:1080900016D002F17042934212D0504A93420FD050
:1080A00002F1704293420BD04D4A934208D002F144
:1080B0007042934204D041F269614A48FAF72EF9BE
:1080C000A36833F4405304D041F26C614548FAF799
:1080D00025F96368B3F5004F09D033F0020206D0EA
:1080E0000A2B04D041F26D613E48FAF717F9E368B4
:1080F0000F2B04D941F26E613A48FAF70FF9D4E92F
:1081000001212868E368FFF7CDFD836843F077031A
:10811000836020E7B3F1A44F29D0B3F1844F26D078
:10812000B3F1A04F23D0B3F1804F20D0294A93421E
:108130001DD002F17042934219D0274A934216D0C3
:1081400002F17042934212D0244A93420FD002F1BE
:10815000704293420BD0224A934208D002F17042FF
:10816000934204D041F281611E48FAF7D7F8A36820
:1081700033F4405304D041F284611A48FAF7CEF840
:108180006368B3F5004F09D033F0020206D00A2B22
:1081900004D041F285611348FAF7C0F8E3680F2B69
:1081A00004D941F286610F48FAF7B8F8D4E9012101
:1081B0002868E368FFF776FD836843F48043A7E708
:1081C000500010003000100020001000600010006F
:1081D000100020000004005000080050000C005067
:1081E000000400525A6B0234B3F1A44F3ED0B3F1F5
:1081F000844F3BD0B3F1A04F38D0B3F1804F35D08E
:10820000984A934232D002F1704293422ED0964A5D
:1082100093422BD002F17042934227D0934A93426B
:1082200024D002F17042934220D0914A93421DD053
:1082300002F17042934219D08E4A934216D002F155
:108240007042934212D08C4A93420FD002F1704296
:1082500093420BD0894A934208D002F17042934274
:1082600004D041F295618648FAF758F86368B3F58F
:10827000004F09D033F0020206D00A2B04D041F29D
:1082800098617F48FAF74AF8E3680F2B04D941F266
:1082900099617B48FAF742F82B686168186A1A6A94
:1082A000E46822F001021A629A6920F00A0022F0C2
:1082B000F00242EA041201439A6119629A6822F4B8
:1082C000401222F0700242F057029A6043E6B3F186
:1082D000A44F3ED0B3F1844F3BD0B3F1A04F38D080
:1082E000B3F1804F35D05F4A934232D002F17042F1
:1082F00093422ED05C4A93422BD002F170429342BB
:1083000027D05A4A934224D002F17042934220D09F
:10831000574A93421DD002F17042934219D0554AF8
:10832000934216D002F17042934212D0524A9342C5
:108330000FD002F1704293420BD0504A934208D0C2
:1083400002F17042934204D041F2B5614C48F9F712
:10835000E5FF6368B3F5004F09D033F0020206D0A1
:108360000A2B04D041F2B8614548F9F7D7FFE3681A
:108370000F2B04D941F2B9614148F9F7CFFF2B68BF
:108380006168186A1A6AE46822F001021A629A693E
:1083900020F00A0022F0F00242EA041201439A613E
:1083A00019629A6822F4401222F0700242F04702E9
:1083B0008BE72C498B420FD132F010136FD022F48F
:1083C0008013302B6BD02F4B22F04001994266D0A6
:1083D0002D4B22F0100111E623498B4216D132F0C9
:1083E00010135CD022F48013202B58D0274B22F09E
:1083F0004001994253D022F01001103399424ED0DF
:1084000020339A424BD0B2F5001F19E017498B4236
:108410001DD132F0300342D022F02003B3F1101FFF
:108420003DD0184B22F04001994238D0164922F035
:1084300010038B4233D030318A4230D0B3F5001F65
:108440002DD041F2D2610E48F9F768FF27E00849C4
:108450008B421DD132F0300321D022F02003B3F53E
:10846000801FC2E70004005000080050000C0050BC
:1084700000040052004C005200180050004000520E
:108480005A6B023420001000400010003000100031
:1084900011498B420FD132F030037FF4A6AD2A6828
:1084A0002168936823F4401323F070030B4343F0D7
:1084B000070393604FE509498B4203D132F0300343
:1084C000EDD0B7E506498B42BBD132F03003E6D0A0
:1084D000B3F5801F7BE700BF004C0052001800502E
:1084E00000400052F8B503680546B3F1A44F0E46AC
:1084F0004CD0B3F1844F49D0B3F1A04F46D0B3F183
:10850000804F43D06D4A934240D002F17042934273
:108510003CD06B4A934239D002F17042934235D03D
:10852000684A934232D002F1704293422ED0664A9A
:1085300093422BD002F17042934227D0634A934278
:1085400024D002F17042934220D0614A93421DD060
:1085500002F17042934219D05E4A934216D002F162
:108560007042934212D05C4A93420FD002F17042A3
:1085700093420BD0594A934208D002F17042934281
:1085800004D040F63C015648F9F7C8FE336833F092
:10859000300209D0402A07D0B3F1007F04D040F662
:1085A0003D014F48F9F7BAFEB36833F0800304D0B9
:1085B00040F63E014A48F9F7B1FE95F83C300220FA
:1085C000012B7AD0012385F83C302B6885F83D00DB
:1085D000B3F1A44F5C689F6809D0B3F1844F06D013
:1085E0003B4A934203D002F17042934215D1736823
:1085F00033F440130DD0B3F5800F0AD0B3F5000F5C
:1086000007D0B3F5400F04D04FF405613448F9F7B3
:1086100085FE736824F470041C43336824F00074EE
:1086200024F070041C432B68B3F1A44F5C6039D074
:10863000B3F1844F36D0B3F1A04F33D0B3F1804FB4
:1086400030D01E4A93422DD002F17042934229D07D
:108650001B4A934226D002F17042934222D0194A1B
:1086600093421FD002F1704293421BD0184A9342AA
:1086700018D002F17042934214D0164A934211D09E
:1086800002F1704293420DD0134A93420AD002F194
:108690007042934206D0114A934203D002F17042D5
:1086A000934204D1B26827F0800717439F600123EB
:1086B000002085F83D3085F83C00F8BD00040050EE
:1086C00000080050000C0050001000500014005032
:1086D00000040052004C00520018005000400052AC
:1086E0009F6B023438B504680546606810F00900D5
:1086F0003FD1A860012028711220013BE060C4F83E
:1087000004211A44C4F80821D4F8003123F00603E8
:108710001943049BC4F80011012BA3680AD143F04C
:108720001003A360D4F8003143F00103C4F8003112
:1087300000201DE023F01003A360D4F8003143F0C3
:108740000103C4F80031FAF79FFF04462B685B6809
:10875000DB06EDD4FAF798FF001BC828F6D92B6882
:108760005B68DA06F2D41023AB60062301202B717C
:1087700038BD0220FCE7000038B5044650B303685A
:10878000154A934208D002F17042934204D04FF44C
:10879000B5711248F9F7C2FD23685B68D90707D4A1
:1087A00000202268A060136843F00103136038BD05
:1087B000FAF76AFF054623685B68DB07F0D5FAF72E
:1087C00063FF401B0128F6D923685B68DA07F2D4FF
:1087D0001023A3600120EAE700FC0D58E76B023488
:1087E00010B50446C8B103680D4A934207D002F1A0
:1087F0007042934203D0BC210A48F9F78FFD2379D8
:1088000013B92046FAF772F90023A36001232371FC
:108810002046BDE81040FFF7AFBF012010BD00BFEC
:1088200000FC0D58E76B023438B5044680B303688A
:10883000184A934208D002F17042934204D040F2A9
:10884000A1111548F9F76AFD23681A68D20701D407
:10885000002038BD0022A260012222711A6822F095
:1088600001021A60FAF710FF054623685B6813F0EF
:10887000090FEDD0FAF708FF401B0128F5D923684E
:108880005B6813F0090FF0D01023A360012323715C
:108890000120DEE700FC0D58E76B023473B50E468D
:1088A00015460446E0B103680E4A934208D002F12F
:1088B0007042934204D040F24D210B48F9F72EFD4F
:1088C00025B940F24E210848F9F728FD0023324629
:1088D000009306212B462046FFF704FF02B070BD2F
:1088E0000120FBE700FC0D58E76B023438B50C465D
:1088F000054608B30368114A934208D002F170425A
:10890000934204D040F226310D48F9F707FD24F0D8
:108910004C5323F44C1323B140F227310848F9F7A4
:10892000FDFC00202B681A6842EA84021A601A686B
:1089300022EA84021A6038BD0120FCE700FC0D58D1
:10894000E76B023470B5044628B30368134A9342B8
:1089500007D002F17042934203D0F1211048F9F799
:10896000DDFC00252046A5602571FFF75DFF0D4960
:1089700006462046FFF7BAFF236820461D60C3F86D
:108980000051C3F80451C3F80851DD609D60FAF747
:10899000D5F8304670BD0126FBE700BF00FC0D583E
:1089A000E76B0234000033330122014BDA62704777
:1089B000004802560022014BDA6270470048025616
:1089C0004B1E022B10B50C4604D940F22221094857
:1089D000F9F7A4FC084A012C136923F0040313617E
:1089E00001D130BF10BD032C01D040BF20BF20BF3C
:1089F000F8E700BF316C023400ED00E0042838B520
:108A000005460C4612D940F26A311D48F9F786FC3A
:108A1000012C15D940F26B311948F9F77FFC042D70
:108A20000ED8DFE805F0060E151C24000129F6D942
:108A3000F0E7144AD36B23F0807343EA0463D363F3
:108A400038BD104AD36B23F0007343EA4463F6E762
:108A50000C4AD36B23F0806343EA8463EFE7094A4F
:108A6000536B23F0807343EA04635363E8E7054ADA
:108A7000936B23F0807343EA04639363E0E700BFE2
:108A8000766C023400480256024AD36B43F40073FA
:108A9000D363704700480256024A536B43F4807315
:108AA0005363704700480256024B5868C0F3C00039
:108AB000704700BF00800256024B5868C0F3800028
:108AC000704700BF00800256024B5868C0F3002078
:108AD000704700BF0080025670B50B691B4D8E6851
:108AE000040162591B0243EA06534E6822F00C420D
:108AF00022F0FF0233439A4226D1154BCA68E3584D
:108B000023F07F4393421FD1124BE258D1E9056312
:108B10001B0602F07C5243EAC6639A4214D10E4B04
:108B20005A684FF4807303FA00F090430AD06359F7
:108B300013F0006F0CBF012303230868C01A18BF8D
:108B4000012070BD0223F8E70120FAE78080025679
:108B500084800256888002560080025670B54FF419
:108B60008074094E8440C6F80048FAF78DFD05462A
:108B700073681C4201D0002070BDFAF785FD401BD0
:108B80000128F5D90320F7E7008002560B682DE98C
:108B9000F047022B81460D46834F844E4FEA001466
:108BA00040F099804B6833F0405304D040F64401C4
:108BB0007F48F9F7B3FBEB68B3F1807F04D340F64D
:108BC00045017B48F9F7AAFBAB68013B3E2B04D972
:108BD00040F646017648F9F7A1FB40F6BA122B6938
:108BE0000A3B934204D940F647017148F9F796FBD6
:108BF0006B69013B062B04D940F648016C48F9F734
:108C00008DFBAB69013B062B04D940F6490168484E
:108C1000F9F784FB4FF48078664B08FA09F8C3F83B
:108C20000080FAF731FD8146DFF894A1DAF80430CC
:108C300038EA030340D0A3595F4943F00403A3512A
:108C4000E35923F00063E3512B69AA681B0243EA4E
:108C500002536A68E0591343584A02401343E351F0
:108C6000A259D5E905031B0622F07C5243EAC063F2
:108C70001343A3516358EA6803F07F4313436350DF
:108C8000A35923F00803A351EB681BB1A35943F088
:108C90000A03A351A3594A4D43F0804343F0010313
:108CA000A351C5F80088FAF7EFFC04466B6818EA90
:108CB000030F0AD0002006E0FAF7E6FCA0EB09005B
:108CC0000128B3D90320BDE8F087FAF7DDFC001BCB
:108CD0000128EBD9F6E7032B46D14B687BB3B3F100
:108CE000805F32D0B3F1005F32D0B3F1405F0DD07E
:108CF00040F689012E48F9F711FB6B68B3F1005F6C
:108D000026D003D8DBB1B3F1805F1ED04FF480765C
:108D1000284B06FA09F61E60FAF7B6FC8046DFF823
:108D2000A090D9F8043036EA030316D0E3596A68F4
:108D300023F0F043134343F00063E351BAE7FFF736
:108D4000B3FE0028E2D10120BDE7FFF7B5FEF8E74A
:108D50001B4B5B68DB06F6D5D8E7FAF795FCA0EB72
:108D600008000128DDD9ADE7012BA3D14FF48075B0
:108D7000A359854023F08043A3510E4BDFF8408078
:108D80001D60FAF781FC0646D8F8043035EA030383
:108D900003D0E35923F00063CFE7FAF775FC801B9B
:108DA0000128F1D98EE700BF8080025688800256E4
:108DB000BE6C02340090025684800256FF00008C84
:108DC0000080025610B50C461C490A6A02F0405257
:108DD000B2F1005F30D005D892B1B2F1805F15D00A
:108DE000002012E0B2F1405FFAD1B0F1005F20D074
:108DF00014D8C8B1B0F1805FF2D104F07FF815E06B
:108E00008B6C0F48C3F3C113D84010BD4B6C0D4899
:108E100013F4007F0C4B18BF1846F6E7B0F1405F23
:108E2000DED104F0EBF801E004F028F8B0FBF4F038
:108E3000EBE704F0A3F8F9E70448E6E70080025600
:108E40000090D00300093D000024F400006CDC0217
:108E5000B0F1005F08B52BD00ED8B8B1B0F1805F8B
:108E60001FD00022B1F1005F44D028D889B3B1F1FE
:108E7000805F38D0002234E0B0F1405FF1D1214B67
:108E80005A68120505D4D3F8B02007E0FFF71CFE9E
:108E900008B10122E6E71B4BD3F88020C2F3C06281
:108EA000E0E7184B5A689205F3D4D3F89020F5E721
:108EB000144B5A685005ECD4D3F8A020EEE7B1F17A
:108EC000405FD7D10F4B596809050AD4D3F8B030A9
:108ED00005E0FFF7F9FD20B90A4BD3F880301801FF
:108EE000C8D5104608BD074B59688905F9D4D3F891
:108EF0009030F4E7034B59684805F2D4D3F8A0301A
:108F0000EDE700BF008002562DE9F74F044618B97F
:108F1000012003B0BDE8F08F036833B1DD0604D152
:108F200040F275119348F9F7F9F9934B1E6A1D6ADF
:108F3000D3F8802006F4401602F0E04BD3F89020DE
:108F400005F0405502F0E04AD3F8A02002F0E049D5
:108F5000D3F8B0205F68236802F0E048D80763D4F4
:108F60002368990700F1D4802368D80622D5E369E5
:108F7000002B00F04783042B00F04D834FF4027167
:108F80007C48F9F7CBF9B6F5801F40F04881E369DA
:108F9000002BBDD0636A1F2B04D940F21B217548FA
:108FA000F9F7BCF9744A616A536C23F4F81343EA85
:108FB000014353642368180700F189812368590726
:108FC00000F1B481A36A032B04D94FF42A716948D4
:108FD000F9F7A4F9A76A002F40F01082636C032B05
:108FE00004D940F2D6216348F9F798F9676C002F4D
:108FF00040F04682236E032B04D94FF441715D4843
:10900000F9F78CF9276E002F40F07A82E36F032B7B
:1090100004D940F231315748F9F780F9E76F002F52
:1090200040F0B082002074E76368002B00F01383E7
:1090300023F40042102A00F00583504A934200F0C6
:10904000018340F283114B48F9F768F9B6F5001F28
:1090500003D16368002B83D15AE7B5F1005FF8D0E4
:10906000BBF1005F01D1FA05F3D4BAF1005F01D181
:10907000BB05EED4B9F1005F01D17805E9D4B8F1B0
:10908000005F01D13905E4D462683B4B102A14D14A
:10909000C3F80028FAF7F8FA636801905BB3364B1F
:1090A0005A68D2063FF55CAFFAF7EEFA019BC01A98
:1090B0006428314BF4D903202BE73AB91021304A08
:1090C00011605A6D22F4C0325A65E3E748F210018C
:1090D0008A4209D15A6D42F400425A655A6D22F40F
:1090E00080325A651022D3E724498A42E6D15A6D6C
:1090F00042F4C032F5E7204B5A68D3067FF530AF13
:10910000FAF7C2FA019BC01A64281B4BF4D9D2E7C4
:10911000E368002B00F08882082B00F08C824FF46B
:10912000DC711448F9F7FAF866BBE368002B3FF4EA
:10913000EFAE236933F4C07304D04FF4E5710D48EA
:10914000F9F7ECF863697F2B04D940F2CB11094899
:10915000F9F7E4F8084A2169936C23F4C0730B43D0
:109160009364936C616923F4FE0343EA01439364BF
:10917000FAE600BFBE6C0234008002561080010087
:1091800000900256002DD0D0BBF1000F01D1F805A0
:10919000CBD4BAF1000F01D1B905C6D4B9F1000F93
:1091A00001D17A05C1D4B8F1000F01D13B05BCD47F
:1091B000E36813B3236933F4C07304D040F2D911C8
:1091C000AB48F9F7ABF863697F2B04D94FF4ED7125
:1091D000A748F9F7A3F80822A64BC3F80028FAF726
:1091E00053FA0190FFF760FC0028B3D1FAF74CFA6C
:1091F000019BC01A0128F5D95DE708229E4B1A6031
:10920000FAF742FA0190FFF74FFC00283FF4ACAEAA
:10921000FAF73AFA019BC01A0128F4D94BE7B5F1E5
:10922000805F3FF4B4AEBBF1805F02D1F9053FF53A
:10923000AEAEBAF1805F02D1BA053FF5A8AEB9F182
:10924000805F02D17B053FF5A2AEB8F1805F02D10D
:109250003F053FF59CAEE36943B3236A33F40073E3
:1092600004D040F227218248F9F758F8636A1F2B8F
:1092700004D94FF40A717E48F9F750F87D4A216A03
:10928000536C23F400730B4353640423C2F8003877
:10929000FAF7FAF90746FFF70FFC00287FF482AED1
:1092A000FAF7F2F9C01B0128F5D904E70422724B42
:1092B0001A60FAF7E9F90746FFF7FEFB00283FF4CA
:1092C00079AEFAF7E1F9C01B0128F5D9F3E6A369F5
:1092D000012B04D94FF416716548F9F71FF8A269FC
:1092E00001238AB1DFF88C81C8F80038FAF7CCF98D
:1092F0000746D8F80430DA073FF560AEFAF7C4F94C
:10930000C01B0128F5D9D6E65B4ADFF868811360F7
:10931000FAF7BAF90746D8F80430DB077FF54EAE06
:10932000FAF7B2F9C01B0128F5D9C4E6A36833F0F7
:1093300002020AD048F2020223F48033934204D09E
:1093400040F283214A48F8F7E9FFA368494F022B0E
:1093500013D1C7F80038FAF797F941F28838074671
:10936000DFF81091D9F8043098073FF52BAEFAF7E3
:109370008BF9C31B4345F5D99DE6D3B902223E4B79
:1093800041F288391A603B6C23F480333B643B6CB8
:1093900023F400433B64FAF777F980467B6899072A
:1093A0007FF510AEFAF770F9A0EB08034B45F5D93D
:1093B00081E648F20202934209D13B6C43F4004338
:1093C0003B643B6C23F480333B640223C1E72B4AAC
:1093D000934207D13B6C43F400433B643B6C43F442
:1093E0008033F1E70222244B1A603B6C23F40043E4
:1093F0003B643B6C23F480333B64ACE7002004F116
:109400002801FFF769FB0246FFF75EFB012A25D121
:10941000184BB6F5401FD3F8C470D3F8C800D3F882
:10942000D820D3F8EC3003D117F0405F3FF470AD93
:10943000B5F1405F0BD110F0405F3FF469AD12F021
:10944000405F3FF465AD13F0405F3FF461AD002035
:10945000FFF79CFB00283FF4C1AD59E5022F7FF4D4
:10946000BDAD00287FF4BAADFFF778FBF2E700BF8F
:10947000BE6C023400800256009002560280010049
:10948000012004F14401FFF727FB774B01285A68BC
:109490002CD1B6F5401FD3F8C470D3F8C800D3F868
:1094A000D820D3F8EC3005D107F04057B7F1805FF2
:1094B0003FF42EADB5F1405F11D100F04050B0F156
:1094C000805F3FF425AD02F04052B2F1805F3FF47F
:1094D0001FAD03F04053B3F1805F3FF419AD01209D
:1094E000FFF754FB00283FF485AD11E5022F7FF410
:1094F00081AD92053FF57EAD0120FFF72FFBF1E72F
:10950000022004F16001FFF7E7FA0246FFF7DCFAF8
:10951000012A2DD1544BB6F5401FD3F8C470D3F8AF
:10952000C800D3F8D820D3F8EC3005D107F0405765
:10953000B7F1005F3FF4ECACB5F1405F11D100F042
:109540004050B0F1005F3FF4E3AC02F04052B2F1A2
:10955000005F3FF4DDAC03F04053B3F1005F3FF434
:10956000D7AC0220FFF712FB00283FF44FADCFE449
:10957000022F7FF44BAD00287FF448AD3846FFF74B
:10958000EDFAF1E7032004F17C01FFF7A5FA364B71
:1095900001285A682CD1B6F5401FD3F8C440D3F83F
:1095A000C800D3F8D820D3F8EC3005D104F04056E9
:1095B000B6F1405F3FF4ACACB5F1405F11D100F0C3
:1095C0004050B0F1405F3FF4A3AC02F04052B2F122
:1095D000405F3FF49DAC03F04053B3F1405F3FF474
:1095E00097AC0320FFF7D2FA003818BF012090E4AF
:1095F000022F7FF417AD13053FF514AD0320FFF7DD
:10960000ADFAF1E7B6F5801F3FF482ACB5F1805FAB
:109610007FF409AE7CE4B6F5801F3FF4BBACB5F136
:10962000805F7FF400AEB5E4002E3FF471AC002DF6
:109630007FF4AAAD6CE4002E3FF47BAD002D3FF427
:1096400078ADA1E5B6F5001F3FF48AACB5F1005F37
:109650007FF406AD84E4B6F5001F3FF459ACB5F1D4
:10966000005F7FF4FDAC53E400800256224A10B53F
:10967000136A03F44013B3F5001F3AD005D8E3B1E1
:10968000B3F5801F1FD000201CE0B3F5401FFAD1B6
:10969000D2F8C400D2F8C430C0F3074003F04053FE
:1096A000B3F1005F00F1010420D014D8CBB1B3F1C5
:1096B000805FE8D103F022FC15E0936C0F48C3F300
:1096C000C113D84010BD536C0D4813F4007F0D4BEF
:1096D00018BF1846F6E7B3F1405FD4D103F08EFC13
:1096E00001E003F0CBFBB0FBF4F0EBE703F046FC4A
:1096F000F9E70548E6E700BF008002560090D00376
:1097000000093D000024F400006CDC022DE9F0416A
:10971000044610B90120BDE8F08103687F2B04D90D
:1097200040F281319348F8F7F9FD23681F0713D5FC
:109730002369072B04D94FF462718E48F8F7EEFDC8
:109740008D4A2169536A03F00703994281BF536A26
:1097500023F007030B4353622368DE0616D56369C3
:1097600033F0300306D0402B04D040F292318148D0
:10977000F8F7D4FD804A6169536A03F07003994297
:1097800081BF536A23F070030B43536223689D0625
:1097900017D5A36933F4405307D0B3F5804F04D0F5
:1097A0004FF467717348F8F7B9FD734AA169536ABA
:1097B00003F4E043994281BF536A23F4E0430B432F
:1097C00053622368580617D5E36933F4403307D052
:1097D000B3F5802F04D040F2A6316648F8F79EFD1D
:1097E000654AE169536A03F4E023994281BF536AF1
:1097F00023F4E0230B4353622368590717D5E3682A
:1098000033F4401307D0B3F5800F04D04FF46C71DC
:109810005848F8F783FD584AE168536A03F4E003B7
:10982000994281BF536A23F4E0030B4353622368D8
:10983000DA072AD5636833F4403304D040F2BB31F1
:109840004C48F8F76BFD6368B3F5003F40F09A8031
:10985000494B5B68DB067FF55DAF474D62682B6A5D
:1098600041F2883723F4403313432B62F9F70CFF9E
:1098700006462B6A626803F44013B3EB021F40F004
:10988000B780FFF7F3FE3D4B186023689F0700F198
:10989000B78023685E0700F15C812368180713D541
:1098A0002369072B04D940F266413248F8F736FDA8
:1098B000314A2169536A03F0070399423FBF536A53
:1098C00023F007030B4353622368D90616D5636957
:1098D00033F0300306D0402B04D04FF48E6125487E
:1098E000F8F71CFD244A6169536A03F0700399423A
:1098F0003FBF536A23F070030B43536223689A06F9
:1099000017D5A36933F4405307D0B3F5804F04D083
:1099100040F27A411748F8F701FD174AA169536AE6
:1099200003F4E04399423FBF536A23F4E0430B43FF
:10993000536223685B0617D5E36933F4403307D0DD
:10994000B3F5802F04D040F284410A48F8F7E6FCD2
:10995000094AE169536A03F4E02399423FBF536A1D
:1099600023F4E0230B435362054BBDE8F041186834
:10997000F9F746BEBE6C02340080025684B8023449
:109980008CB80234B3F5403F26D1236A33F04053FC
:1099900004D040F2CA317B48F8F7C0FC636A013B4F
:1099A000FF2B04D940F2CB317648F8F7B7FC764E5E
:1099B000256AD6F8C400294600F04050FFF748FA5F
:1099C00001287FF4A7AE636A013B45EA0345C6F868
:1099D000C450C6F8400A40E7B3F5803F05D1FFF711
:1099E0006BF800287FF439AF94E6FFF75DF8F8E7ED
:1099F000F9F74AFE801BB8427FF63BAF03208AE6A8
:109A0000A36833F0407304D040F204415D48F8F796
:109A100085FCA368B3F1007F1ED15B4B5B68DD065C
:109A20007FF578AE584DA2682B6A41F2883723F053
:109A3000407313432B62F9F727FE06462B6AA26890
:109A400003F04053B3EB021F3FF423AFF9F71CFEC2
:109A5000801BB842F2D9D1E7B3F1407F6FD1A36A3E
:109A600033F0405304D040F213414648F8F756FC17
:109A7000E36A013BFF2B04D940F214414148F8F757
:109A80004DFC236B33F0405304D040F215413D4868
:109A9000F8F744FC636B013BFF2B04D940F21641FD
:109AA0003848F8F73BFCA36B33F0405304D040F246
:109AB00017413448F8F732FCE36B013BFF2B04D924
:109AC0004FF483612F48F8F729FC2F4DD4F82880F4
:109AD000D5F8C800414600F04050FFF7B9F9012819
:109AE0007FF418AED5F8D800276B00F04050394607
:109AF000FFF7AEF901287FF40DAED5F8EC00A66BA8
:109B000000F040503146FFF7A3F901287FF402AE80
:109B1000E36A013B48EA0343C5F8C830636B013B85
:109B200047EA0347C5F8D870E36B013B46EA0346B2
:109B300040F22243C5F8EC60C5F8403A72E72BB911
:109B4000FEF7B2FF00287FF46DAFE3E5FEF7B4FF48
:109B5000F8E7E36833F4401307D0B3F5800F04D07F
:109B600040F25B410748F8F7D9FB074AE168536ABE
:109B700003F4E00399423FBF536A23F4E0030B432D
:109B800053628AE6BE6C023400800256054BD3F85D
:109B9000C800D3F8C81000F04050C1F307410131AC
:109BA000FFF710B90080025608B5FFF7EFFF054B2D
:109BB0005A6A5B6AC2F30252D04003F00703D840EE
:109BC00008BD00BF008002567F231F4A0360136A4E
:109BD0001B0903F4403103F0407341608360536A12
:109BE00003F4E001C16003F00701016103F07001BB
:109BF000416103F4E04103F4E0238161C361D2F8E1
:109C0000C43003F04051C3F30743013301624362A0
:109C1000D2F8C83003F04051C3F3074301338162E7
:109C2000C362D2F8D83003F04051C3F30743013385
:109C300001634363D2F8EC3003F04052C3F30743AF
:109C400001338263C363704700800256024A536D3A
:109C500023F040035365704700800256024A536D5B
:109C600043F040035365704700800256024B586D25
:109C7000C0F38010704700BF00800256024B586846
:109C8000C0F30010704700BF00800256024B5868B6
:109C9000C0F3C000704700BF00800256024B5868F6
:109CA000C0F38000704700BF00800256024B586826
:109CB000C0F34000704700BF00800256074930B52E
:109CC000C4B2C0F304256358020EAA40C0F3074093
:109CD00023EA0203A8400343635030BD4481025687
:109CE000054BC2B2D158C0F30422030E93400B407F
:109CF000D34040EA0340704744810256024BD3F8F8
:109D00004002C0F38010704700800256034BD3F826
:109D1000DC00C0F307400130704700BF00800256EE
:109D2000024BD3F84002C0F3C010704700800256C7
:109D3000034BD3F8E000C0F307400130704700BF89
:109D400000800256024BD3F84002C0F30020704757
:109D500000800256034BD3F8E400C0F30740013003
:109D6000704700BF00800256024BD3F84002C0F398
:109D70004030704700800256034BD3F8F800C0F320
:109D800007400130704700BF00800256024BD3F8F5
:109D90004002C0F38030704700800256034BD3F876
:109DA000FC00C0F307400130704700BF008002563E
:109DB000024B5B6AC3F30253D840704700800256DF
:109DC000B0F1005F08B523D005D848B1B0F1805F8D
:109DD00011D0002008BDB0F1405FFAD10F48F9E77B
:109DE000FFF754FF0028F4D00D4B0E489B6CC3F3D3
:109DF000C113D840EEE7FFF751FF0028E9D0084B28
:109E000009485B6C13F4007F084B08BF1846E1E774
:109E1000FFF734FF0028DCD00548DBE70080BB00FB
:109E2000008002560090D0030024F40000093D0099
:109E3000006CDC0207EE102A06EE103A07EE900ADC
:109E4000B8EEC66ADFED105AB8EE477A06EE901A01
:109E5000A6EE257AF8EE677A67EE877AB8EE667A2C
:109E600087EE876ADDED007AF8EE677AC6EE276A3C
:109E7000DDED017AF8EE677A86EEA77AFCEEC77A16
:109E800017EE900A704700BF00008033D0E900232E
:109E900023F07E431A4370B5044603D18821B648A7
:109EA000F8F73CFA23681A0140F19080D4F8883121
:109EB00023F40072B2F5807F5AD0B3F5007F57D0FB
:109EC00023F40052B2F5985F52D023F48042B2F5E9
:109ED0000C5F4DD023F41042B2F5864F48D023F4E6
:109EE0000042B2F5E64F43D023F44052B2F5034F9F
:109EF0003ED023F48031B1F5634F39D09F498A4277
:109F000036D001F580418A4232D001F580418A4243
:109F10002ED023F4043001F58041884228D023F468
:109F2000003001F54051884222D001F580518A422B
:109F30001ED001F580418A421AD001F580418A4243
:109F400016D001F580418A4212D001F580418A4243
:109F50000ED001F580418A420AD001F580418A4243
:109F600006D0874A934203D08E218348F8F7D6F96A
:109F7000844BD4F88811D3F85C3113F4407341F06A
:109F8000E986B1F5807F09D1F9F77EFB41F2883689
:109F90000546FFF78BFE002801F0ED86D4F88831E6
:109FA000784A03F44070B0F5407F08D1D2F85C11D4
:109FB00023F4407321F47C310B43C2F85C31D2F8B6
:109FC0005C3123F440730343C2F85C3100252368FD
:109FD0005E0738D5D4F8B830072B03D9D4216648AA
:109FE000F8F79CF9D4F8B830042B41F0CD86A36A79
:109FF00033F0405303D0D9215F48F8F78FF9E36A73
:10A00000013BFF2B03D9DA215B48F8F787F95D4A5A
:10A01000E16AD2F8D430A06A23F0435323F47C13CE
:10A020000139034343EA0143C2F8D4301023C2F894
:10A03000403A544AD4F8B810D2F85C3123F0070300
:10A040000B43C2F85C316368580239D5D4F8AC30A0
:10A050004D4A23F44033934204D04FF49271464862
:10A06000F8F75CF9D4F8AC30484A934241F048879D
:10A07000A36933F0405304D040F229113E48F8F769
:10A080004DF9E369013BFF2B04D94FF495713A4830
:10A09000F8F744F93B4AE169D2F8CC30A06923F0E3
:10A0A000435323F47C130139034343EA0143C2F8C9
:10A0B000CC300423C2F8403AD4F8AC00FFF7FEFDE0
:10A0C0006368190239D5D4F8B030314A23F44033EB
:10A0D000934204D040F251112748F8F71FF9D4F801
:10A0E000B0302C4A934241F03B87A36933F0405390
:10A0F00004D04FF4AB712048F8F710F9E369013B45
:10A10000FF2B04D940F257111B48F8F707F91D4AF5
:10A11000E169D2F8CC30A06923F0435323F47C13D7
:10A120000139034343EA0143C2F8CC300423C2F8A7
:10A13000403AD4F8B000FFF7C1FD6368DA014ED5AC
:10A14000D4F8B430144A23F44033934204D04FF48B
:10A15000BF710948F8F7E2F8D4F8B4300F4A9342D7
:10A1600041F02E87A36933F0405319D040F2831198
:10A170000148F8F7D3F813E0036D0234000301003F
:10A1800000E30300008002561400000314000203E1
:10A190001404000314040203140800031408020347
:10A1A000E369013BFF2B04D94FF4C271C148F8F7B2
:10A1B000B5F8C14AE169D2F8CC30A06923F0435325
:10A1C00023F47C130139034343EA0143C2F8CC3042
:10A1D0000423C2F8403AD4F8B400FFF76FFD2368B7
:10A1E0001B053CD5D4F8A83033F0300304D040F23E
:10A1F000AB11B048F8F792F8D4F8A830202B41F012
:10A200000F87A36933F0405304D04FF4D871A948A5
:10A21000F8F784F8E369013BFF2B04D940F2B11150
:10A22000A448F8F77BF8A44AE169D2F8CC30A069D9
:10A2300023F0435323F47C130139034343EA0143DE
:10A24000C2F8CC300423C2F8403A9B4AD4F8A81094
:10A25000D2F84C3123F030030B43C2F84C31236861
:10A260005E0039D5D4F82C31944A23F4403393421C
:10A2700004D04FF4EC718F48F8F750F8D4F82C3133
:10A280008F4A934241F0FA86236A33F0405304D058
:10A2900040F2DD118748F8F741F8636A013BFF2B74
:10A2A00004D94FF4EF718348F8F738F8824A616AAD
:10A2B000D2F8D030206A23F0435323F47C130139C1
:10A2C000034343EA0143C2F8D0300823C2F8403ABE
:10A2D000D4F82C01FFF7F2FC2368002B39DAD4F80C
:10A2E0003031784A23F44033934204D040F20521C0
:10A2F0007048F8F713F8D4F83031734A934241F0BC
:10A30000ED86236A33F0405304D040F20A216948B5
:10A31000F8F704F8636A013BFF2B04D940F20B21E4
:10A320006448F7F7FBFF644A616AD2F8D030206ACC
:10A3300023F0435323F47C130139034343EA0143DD
:10A34000C2F8D0300823C2F8403AD4F83001FFF701
:10A35000B5FC2368D8074FD5D4F8BC3033F03003B0
:10A3600006D0402B04D040F232215248F7F7D6FFF6
:10A37000D4F8C030013BFF2B04D940F233214D48C3
:10A38000F7F7CCFFD4F8BC30202B41F0EF86A36B5D
:10A3900033F0405304D04FF40E714648F7F7BEFF38
:10A3A000E36B013BFF2B04D940F239214148F7F719
:10A3B000B5FF414AE16BD2F8DC30A06B23F0435388
:10A3C00023F47C130139034343EA0143C2F8DC3030
:10A3D0004023C2F8403A3849D4F8C020D1F844317B
:10A3E000D4F8BC0023F47F4323F07003013A034305
:10A3F00043EA0223C1F84431236899073BD5D4F8D6
:10A40000C430072B04D940F261212A48F7F786FFB0
:10A41000D4F8C430022B41F0D786A36B33F04053FD
:10A4200004D040F266212348F7F778FFE36B013B45
:10A43000FF2B04D940F267211E48F7F76FFF1E4A31
:10A44000E16BD2F8DC30A06B23F0435323F47C1390
:10A450000139034343EA0143C2F8DC304023C2F828
:10A46000403A154AD4F8C410D2F8443123F0070317
:10A470000B43C2F8443123681A0735D5D4F890301D
:10A4800033F0405304D040F28E210A48F7F746FFDC
:10A49000D4F89430013BFF2B04D940F28F210548BA
:10A4A000F7F73CFF044AD4F89410D2F80831D4F8F6
:10A4B00090000BE0036D0234008002561C00000384
:10A4C0001C0002031C0400031C04020323F043537A
:10A4D00023F47C130139034343EA0143C2F80831F2
:10A4E0004FF40033C2F8403A2368DB0642D5D4F873
:10A4F000C83033F4401304D040F29D21C348F7F72D
:10A500000DFFD4F8C830B3F5001F41F08B86D4F8A6
:10A51000883033F0405304D040F2A221BB48F7F713
:10A52000FDFED4F88C30013BFF2B04D940F2A3216F
:10A53000B648F7F7F3FEB64AD4F88C10D2F80431D7
:10A54000D4F8880023F0435323F47C1301390343E8
:10A5500043EA0143C2F804314FF48033C2F8403A71
:10A56000AB4AD4F8C810D2F8443123F440130B435B
:10A57000C2F8443123689E063ED5D4F8CC3033F47B
:10A58000405304D040F2BD21A048F7F7C7FED4F8ED
:10A59000CC30B3F5005F41F04E86236E33F040536C
:10A5A00004D040F2C2219948F7F7B8FE636E013B30
:10A5B000FF2B04D940F2C3219448F7F7AFFE944A29
:10A5C000616ED2F8F030206E23F0435323F47C13F5
:10A5D0000139034343EA0143C2F8F0304FF400630A
:10A5E000C2F8403A8A4AD4F8CC10D2F8483123F461
:10A5F00040530B43C2F848312368580616D5D4F8A7
:10A60000D03033F4803207D0B3F5802F04D040F23D
:10A61000DD217E48F7F782FE7D4AD4F8D010D2F8CB
:10A62000483123F4E0230B43C2F84831236819066C
:10A6300013D5D4F8D43033F4801304D040F2E7219A
:10A640007248F7F76BFE724AD4F8D410D2F848314A
:10A6500023F480130B43C2F848312368DA0513D57D
:10A66000D4F8D83033F0807304D040F2F121674839
:10A67000F7F754FE664AD4F8D810D2F8483123F0E0
:10A6800080730B43C2F8483123689B054BD5D4F83F
:10A69000DC30032B04D940F2FB215C48F7F73EFE87
:10A6A000D4F8E030013B0F2B04D94FF43F715748E9
:10A6B000F7F734FED4F8DC30022B41F0C585A36EE9
:10A6C00033F0405304D040F201315048F7F726FEF2
:10A6D000E36E013BFF2B04D940F202314B48F7F700
:10A6E0001DFE4B4AE16ED2F8F430A06E23F04353C6
:10A6F00023F47C130139034343EA0143C2F8F430E5
:10A700004FF48053C2F8403A4149D4F8E020D1F8E0
:10A710004831D4F8DC0023F0F303013A034343EA61
:10A720000213C1F8483123685E0540D5D4F8E430FF
:10A73000032B04D940F21D313448F7F7EFFDD4F86C
:10A74000E430022B41F08885D4F8983033F0405340
:10A7500004D040F222312D48F7F7E0FDD4F89C30C8
:10A76000013BFF2B04D940F223312848F7F7D6FDEF
:10A77000274AD4F89C10D2F80C31D4F8980023F072
:10A78000435323F47C130139034343EA0143C2F8E2
:10A790000C314FF48023C2F8403A1D4AD4F8E4103B
:10A7A000D2F84C3123F003030B43C2F84C31236839
:10A7B000D8044AD5D4F8E830164A23F440319142FF
:10A7C0000AD023F4803302F58022934204D040F271
:10A7D0003D310E48F7F7A2FDD4F8E8300E4A934217
:10A7E00041F04285236D33F0405304D040F24231B2
:10A7F0000648F7F793FD636D013BFF2B0ED940F23E
:10A8000043310248F7F78AFD08E000BF036D0234C8
:10A81000008002560C0000070C000207BD4A616D63
:10A82000D2F8E830206D23F0435323F47C13013930
:10A83000034343EA0143C2F8E8304FF40073C2F81F
:10A84000403AD4F8E800FFF739FA2368990440D574
:10A85000D4F8EC30B04A23F4403191420AD023F4CA
:10A86000803302F58022934204D040F26A31AB4833
:10A87000F7F754FDD4F8EC30A94A934241F025850E
:10A88000236D33F0405304D040F26F31A348F7F703
:10A8900045FD636D013BFF2B04D94FF45C719F486C
:10A8A000F7F73CFD9B4A616DD2F8E830206D23F04C
:10A8B000435323F47C130139034343EA0143C2F8B1
:10A8C000E8304FF40073C2F8403AD4F8EC00FFF7D8
:10A8D000F5F923685A0440D5D4F8F030914A23F4AE
:10A8E000403191420AD023F4803302F58022934212
:10A8F00004D040F297318948F7F710FDD4F8F030D2
:10A90000894A934241F01285236D33F0405304D0BD
:10A910004FF467718148F7F701FD636D013BFF2B31
:10A9200004D940F29D317D48F7F7F8FC794A616D12
:10A93000D2F8E830206D23F0435323F47C1301391F
:10A94000034343EA0143C2F8E8304FF40073C2F80E
:10A95000403AD4F8F000FFF7B1F923681B0440D562
:10A96000D4F8F430714A23F4403191420AD023F4F0
:10A97000803302F58022934204D04FF4717167480E
:10A98000F7F7CCFCD4F8F430694A934241F0FF84E5
:10A99000236D33F0405304D040F2C9315F48F7F7DC
:10A9A000BDFC636D013BFF2B04D940F2CA315B480B
:10A9B000F7F7B4FC574A616DD2F8E830206D23F008
:10A9C000435323F47C130139034343EA0143C2F8A0
:10A9D000E8304FF40073C2F8403AD4F8F400FFF7BF
:10A9E0006DF92368DE0340D5D4F8F830514A23F4DA
:10A9F000403191420AD023F4803302F58022934201
:10AA000004D040F2F1314548F7F788FCD4F8F8302B
:10AA1000494A934241F0EC84236D33F0405304D013
:10AA200040F2F6313D48F7F779FC636D013BFF2BAF
:10AA300004D940F2F7313948F7F770FC354A616DB7
:10AA4000D2F8E830206D23F0435323F47C1301390E
:10AA5000034343EA0143C2F8E8304FF40073C2F8FD
:10AA6000403AD4F8F800FFF729F92368980340D555
:10AA7000D4F8FC30314A23F4403191420AD023F417
:10AA8000803302F58022934204D040F21E412348D5
:10AA9000F7F744FCD4F8FC30294A934241F0F284A1
:10AAA000236D33F0405304D040F223411B48F7F7A5
:10AAB00035FC636D013BFF2B04D940F2244117485C
:10AAC000F7F72CFC134A616DD2F8E830206D23F0C3
:10AAD000435323F47C130139034343EA0143C2F88F
:10AAE000E8304FF40073C2F8403AD4F8FC00FFF7A6
:10AAF000E5F8236859035BD5D4F80031114A23F4F3
:10AB00004031914225D023F4803302F580229342D4
:10AB10001FD019E0008002560C040007036D0234B8
:10AB20000C0402070C0800070C0802070C0C0007B5
:10AB30000C0C02070C1000070C1002070C14000785
:10AB40000C1402072C08000740F24B41BD48F7F7F0
:10AB5000E5FBD4F80031BC4A934241F0C484A36FB2
:10AB600033F0405304D04FF48A61B648F7F7D6FB70
:10AB7000E36F013BFF2B04D940F25141B148F7F795
:10AB8000CDFBB24AE16FD2F8FC30A06F23F0435303
:10AB900023F47C130139034343EA0143C2F8FC3038
:10ABA0004FF48043C2F8403AD4F80001FFF786F82A
:10ABB00023681A0340D5D4F80431A54A23F4403160
:10ABC00091420AD023F4803302F58022934204D0CC
:10ABD00040F26B419B48F7F7A1FBD4F804319D4A42
:10ABE000934241F08984A36F33F0405304D04FF473
:10ABF0008E619448F7F792FBE36F013BFF2B04D97A
:10AC000040F271418F48F7F789FB904AE16FD2F823
:10AC1000FC30A06F23F0435323F47C13013903432A
:10AC200043EA0143C2F8FC304FF48043C2F8403A93
:10AC3000D4F80401FFF742F82368DB0240D5D4F8CA
:10AC40000831854A23F4403191420AD023F48033FD
:10AC500002F58022934204D040F28B417948F7F705
:10AC60005DFBD4F808317D4A934241F04E84A36FD6
:10AC700033F0405304D04FF492617248F7F74EFB23
:10AC8000E36F013BFF2B04D940F291416D48F7F788
:10AC900045FB6E4AE16FD2F8FC30A06F23F04353BE
:10ACA00023F47C130139034343EA0143C2F8FC3027
:10ACB0004FF48043C2F8403AD4F80801FEF7FEFF93
:10ACC00023689E0240D5D4F80C31654A23F4403104
:10ACD00091420AD023F4803302F58022934204D0BB
:10ACE00040F2AB415748F7F719FBD4F80C315D4AF5
:10ACF000934241F01384A36F33F0405304D04FF4D8
:10AD000096615048F7F70AFBE36F013BFF2B04D92C
:10AD100040F2B1414B48F7F701FB4C4AE16FD2F8E2
:10AD2000FC30A06F23F0435323F47C130139034319
:10AD300043EA0143C2F8FC304FF48043C2F8403A82
:10AD4000D4F80C01FEF7BAFF2368580240D5D4F8B6
:10AD50001031454A23F4403191420AD023F4803324
:10AD600002F58022934204D040F2CB413548F7F7F8
:10AD7000D5FAD4F810313D4A934241F0D883A36FFD
:10AD800033F0405304D04FF49A612E48F7F7C6FAD7
:10AD9000E36F013BFF2B04D940F2D1412948F7F77B
:10ADA000BDFA2A4AE16FD2F8FC30A06F23F043537A
:10ADB00023F47C130139034343EA0143C2F8FC3016
:10ADC0004FF48043C2F8403AD4F81001FEF776FF02
:10ADD000236819025ED5D4F8143133F440720CD0D4
:10ADE00023F48072B2F5806F07D0B3F5C06F04D042
:10ADF00040F2EB411348F7F791FAD4F81431B3F568
:10AE0000007F41F09D83A36C33F0405304D04FF496
:10AE10009E610C48F7F782FAE36C013BFF2B04D9E3
:10AE200040F2F1410748F7F779FA084AE16CD2F8A5
:10AE3000E430A06C23F0435323F47C130139034323
:10AE400016E000BF036D02342C0802070080025692
:10AE50002C0C00072C0C02072C1000072C100207EA
:10AE60002C1400072C1402072C1800072C180207BA
:10AE700043EA0143C2F8E4304FF48073C2F8403A29
:10AE8000C14AD4F81411D2F8783123F4E0630B43AB
:10AE9000C2F878312368DA0142D5D4F8183133F09A
:10AEA000407304D04FF4A361B848F7F737FAD4F8E9
:10AEB0001831B3F1007F41F07483D4F8803033F05F
:10AEC000405304D040F21D51B048F7F727FAD4F8A8
:10AED0008430013BFF2B04D940F21E51AB48F7F7F9
:10AEE0001DFAA94AD4F88410D2F80031D4F88000B1
:10AEF00023F0435323F47C130139034343EA014312
:10AF0000C2F800314FF40043C2F8403A9E4AD4F8E8
:10AF10001811D2F8503123F040730B43C2F850316E
:10AF200023689B0140D5D4F81C3133F4403307D05B
:10AF3000B3F5802F04D04FF4A7619448F7F7EEF9EA
:10AF4000D4F81C31B3F5003F41F03483A36B33F0E8
:10AF5000405304D040F23D518C48F7F7DFF9E36BE2
:10AF6000013BFF2B04D940F23E518848F7F7D6F950
:10AF7000854AE16BD2F8DC30A06B23F0435323F415
:10AF80007C130139034343EA0143C2F8DC30402318
:10AF9000C2F8403A7C4AD4F81C11D2F8543123F458
:10AFA000E0230B43C2F8543123685E0141D5D4F845
:10AFB000203133F0300304D040F265517348F7F785
:10AFC000ADF9D4F82031202B41F02483D4F8A030FF
:10AFD00033F0405304D040F26A516C48F7F79EF9C1
:10AFE000D4F8A430013BFF2B04D940F26B516748E1
:10AFF000F7F794F9644AD4F8A410D2F81031D4F8D1
:10B00000A00023F0435323F47C130139034343EAA4
:10B010000143C2F810314FF40023C2F8403A5A4AB3
:10B02000D4F82011D2F85C3123F030030B43C2F87E
:10B030005C312368D8003DD5D4F82431544A23F438
:10B040004033934208D002F58022934204D040F26C
:10B0500085514E48F7F762F9D4F824314D4A9342AE
:10B0600041F0E082A36B33F0405304D040F28A51A8
:10B070004648F7F753F9E36B013BFF2B04D940F245
:10B080008B514248F7F74AF93F4AE16BD2F8DC307E
:10B09000A06B23F0435323F47C130139034343EAA9
:10B0A0000143C2F8DC304023C2F8403AD4F824010E
:10B0B000FEF704FE236899003DD5D4F82831364ABE
:10B0C00023F44033934208D002F58022934204D007
:10B0D00040F2B2512D48F7F721F9D4F828312F4A20
:10B0E000934241F0CF82A36B33F0405304D040F23F
:10B0F000B7512648F7F712F9E36B013BFF2B04D950
:10B100004FF4B7612148F7F709F91F4AE16BD2F80C
:10B11000DC30A06B23F0435323F47C130139034349
:10B1200043EA0143C2F8DC304023C2F8403AD4F885
:10B130002801FEF7C3FD6368DA0748D5D4F84C311F
:10B14000062B04D940F2DF511048F7F7E7F8D4F89E
:10B150004C31022B41F0C682A36B33F0405304D034
:10B1600040F2E4510948F7F7D9F8E36B013BFF2BB4
:10B1700004D940F2E5510548F7F7D0F8024AE16BEF
:10B18000D2F8DC30A06B0BE000800256036D023475
:10B1900018140007181402071818000718180207D7
:10B1A00023F0435323F47C130139034343EA01435F
:10B1B000C2F8DC304023C2F8403ABC4AD4F84C1103
:10B1C000D2F8643123F007030B43C2F8643163689B
:10B1D0009B0743D5D4F83431B54A23F4403191422A
:10B1E0000ED023F4803102F58022914208D002F57E
:10B1F0000032934204D040F20C61AE48F7F78EF86B
:10B20000D4F83431AC4A934241F0B482236C33F029
:10B21000405304D040F21161A648F7F77FF8636C01
:10B22000013BFF2B04D940F21261A248F7F776F8F0
:10B230009E4A616CD2F8E030206C23F0435323F433
:10B240007C130139034343EA0143C2F8E030802311
:10B25000C2F8403AD4F83401FEF730FD63685E0767
:10B2600043D5D4F83831954A23F4403191420ED079
:10B2700023F4803102F58022914208D002F5003299
:10B28000934204D040F239618A48F7F747F8D4F87E
:10B2900038318B4A934241F09E82236C33F0405305
:10B2A00004D040F23E618348F7F738F8636C013B05
:10B2B000FF2B04D940F23F617E48F7F72FF87B4A15
:10B2C000616CD2F8E030206C23F0435323F47C13FC
:10B2D0000139034343EA0143C2F8E0308023C2F856
:10B2E000403AD4F83801FEF7E9FC6368180743D503
:10B2F000D4F83C31734A23F4403191420ED023F408
:10B30000803102F58022914208D002F5003293424A
:10B3100004D040F266616748F7F700F8D4F83C3192
:10B32000694A934241F08882236C33F0405304D041
:10B3300040F26B615F48F6F7F1FF636C013BFF2B56
:10B3400004D940F26C615B48F6F7E8FF574A616C3C
:10B35000D2F8E030206C23F0435323F47C130139FE
:10B36000034343EA0143C2F8E0308023C2F8403A85
:10B37000D4F83C01FEF7A2FC6368D90644D5D4F8A2
:10B380004031524A23F4403191420ED023F48031AF
:10B3900002F58022914208D002F50032934204D097
:10B3A00040F293614348F6F7B9FFD4F84031484A78
:10B3B000934241F07282A36C33F0405304D04FF4B7
:10B3C000D3613C48F6F7AAFFE36C013BFF2B04D99D
:10B3D00040F299613748F6F7A1FF344AE16CD2F8A0
:10B3E000E430A06C23F0435323F47C13013903436E
:10B3F00043EA0143C2F8E4304FF48073C2F8403AA4
:10B40000D4F84001FEF75AFC63689A0644D5D4F894
:10B410004431304A23F4403191420ED023F480313C
:10B4200002F58022914208D002F50032934204D006
:10B430004FF4D8611F48F6F771FFD4F84431264A1B
:10B44000934241F05B82A36C33F0405304D040F24E
:10B45000C5611848F6F762FFE36C013BFF2B04D986
:10B4600040F2C6611348F6F759FF104AE16CD2F872
:10B47000E430A06C23F0435323F47C1301390343DD
:10B4800043EA0143C2F8E4304FF48073C2F8403A13
:10B49000D4F84401FEF712FC63685B065ED5D4F86D
:10B4A00048310E4A23F44031914219E0008002569F
:10B4B00020040007036D023420040207200800075F
:10B4C00020080207200C0007200C020720100007AC
:10B4D000201002072014000720140207201800077C
:10B4E0000ED023F4803102F58022914208D002F57B
:10B4F0000032934204D040F2ED61BA48F6F70EFFF5
:10B50000D4F84831B84A934241F02982236C33F091
:10B51000405304D040F2F261B248F6F7FFFE636C8C
:10B52000013BFF2B04D940F2F361AE48F6F7F6FE7B
:10B53000AE4A616CD2F8E030206C23F0435323F420
:10B540007C130139034343EA0143C2F8E03080230E
:10B55000C2F8403AD4F84801FEF7B0FB6368DE0554
:10B5600044D5D4F85031A24A23F4403191420ED050
:10B5700023F4803102F58022914208D002F5003296
:10B58000934204D040F21A719648F6F7C7FED4F8F9
:10B590005031984A934241F01382A36C33F04053E8
:10B5A00004D040F21F718F48F6F7B8FEE36C013B00
:10B5B000FF2B04D94FF4E4618A48F6F7AFFE8B4ABB
:10B5C000E16CD2F8E430A06C23F0435323F47C13F5
:10B5D0000139034343EA0143C2F8E4304FF4807376
:10B5E000C2F8403AD4F85001FEF768FB636898054A
:10B5F00044D5D4F85431804A23F4403191420ED0DE
:10B6000023F4803102F58022914208D002F5003205
:10B61000934204D040F247717248F6F77FFED4F8A7
:10B620005431764A934241F01D82A36C33F040536B
:10B6300004D040F24C716B48F6F770FEE36C013BAE
:10B64000FF2B04D940F24D716648F6F767FE674A52
:10B65000E16CD2F8E430A06C23F0435323F47C1364
:10B660000139034343EA0143C2F8E4304FF48073E5
:10B67000C2F8403AD4F85401FEF720FB636859053C
:10B6800044D5D4F858315E4A23F4403191420ED06B
:10B6900023F4803102F58022914208D002F5003275
:10B6A000934204D040F274714E48F6F737FED4F856
:10B6B0005831544A934241F00682A36C33F0405310
:10B6C00004D040F279714748F6F728FEE36C013B5D
:10B6D000FF2B04D940F27A714248F6F71FFE434A25
:10B6E000E16CD2F8E430A06C23F0435323F47C13D4
:10B6F0000139034343EA0143C2F8E4304FF4807355
:10B70000C2F8403AD4F85801FEF7D8FA63681A052F
:10B7100044D5D4F85C313C4A23F4403191420ED0F8
:10B7200023F4803102F58022914208D002F50032E4
:10B73000934204D040F2A1712A48F6F7EFFDD4F805
:10B740005C31324A934241F0EF81A36C33F04053B5
:10B7500004D040F2A6712348F6F7E0FDE36C013B0C
:10B76000FF2B04D940F2A7711E48F6F7D7FD1F4AF8
:10B77000E16CD2F8E430A06C23F0435323F47C1343
:10B780000139034343EA0143C2F8E4304FF48073C4
:10B79000C2F8403AD4F85C01FEF790FA6368DB0423
:10B7A0005FD5D4F860311A4A23F4403191420ED06B
:10B7B00023F4803102F58022914208D002F5003254
:10B7C000934204D040F2CE710648F6F7A7FDD4F8B4
:10B7D0006031104A934241F0D881A36C33F040535A
:10B7E0001FD019E0036D02342018020700800256B2
:10B7F0003000000730000207300400073004020761
:10B800003008000730080207300C0007300C020730
:10B81000301000073010020740F2D371BC48F6F731
:10B820007DFDE36C013BFF2B04D940F2D471B84895
:10B83000F6F774FDB74AE16CD2F8E430A06C23F05F
:10B84000435323F47C130139034343EA0143C2F811
:10B85000E4304FF48073C2F8403AD4F86001FEF748
:10B860002DFA63689E0444D5D4F86431AA4A23F4BF
:10B87000403191420ED023F4803102F58022914272
:10B8800008D002F50032934204D040F2FB71A04888
:10B89000F6F744FDD4F86431A04A934241F0A68102
:10B8A000A36C33F0405304D04FF400619848F6F78E
:10B8B00035FDE36C013BFF2B04D940F601019448B0
:10B8C000F6F72CFD934AE16CD2F8E430A06C23F03B
:10B8D000435323F47C130139034343EA0143C2F881
:10B8E000E4304FF48073C2F8403AD4F86401FEF7B4
:10B8F000E5F96368580444D5D4F86831884A23F4DC
:10B90000403191420ED023F4803102F580229142E1
:10B9100008D002F50032934204D040F628017C485A
:10B92000F6F7FCFCD4F868317E4A934241F08F81EF
:10B93000A36C33F0405304D040F62D017448F6F761
:10B94000EDFCE36C013BFF2B04D940F62E0170485F
:10B95000F6F7E4FC6F4AE16CD2F8E430A06C23F017
:10B96000435323F47C130139034343EA0143C2F8F0
:10B97000E4304FF48073C2F8403AD4F86801FEF71F
:10B980009DF96368190444D5D4F86C31664A23F4F0
:10B99000403191420ED023F4803102F58022914251
:10B9A00008D002F50032934204D040F655015848C1
:10B9B000F6F7B4FCD4F86C315C4A934241F07881DC
:10B9C000A36C33F0405304D040F65A015048F6F7C8
:10B9D000A5FCE36C013BFF2B04D940F65B014C480E
:10B9E000F6F79CFC4B4AE16CD2F8E430A06C23F0F3
:10B9F000435323F47C130139034343EA0143C2F860
:10BA0000E4304FF48073C2F8403AD4F86C01FEF78A
:10BA100055F96368DA0344D5D4F87031444A23F405
:10BA2000403191420ED023F4803102F580229142C0
:10BA300008D002F50032934204D040F68201344827
:10BA4000F6F76CFCD4F870313A4A934241F08281A7
:10BA5000A36C33F0405304D040F687012C48F6F72E
:10BA60005DFCE36C013BFF2B04D940F688012848BC
:10BA7000F6F754FC274AE16CD2F8E430A06C23F0CE
:10BA8000435323F47C130139034343EA0143C2F8CF
:10BA9000E4304FF48073C2F8403AD4F87001FEF7F6
:10BAA0000DF963689B035ED5D4F87431224A23F400
:10BAB000403191420ED023F4803102F58022914230
:10BAC00008D002F50032934204D040F6AF0110488E
:10BAD000F6F724FCD4F87431184A934241F06B8194
:10BAE000A36C33F0405304D040F6B4010848F6F795
:10BAF00015FCE36C013BFF2B04D940F6B50104486B
:10BB0000F6F70CFC034AE16CD2F8E43018E000BF11
:10BB1000036D02340080025630140007301402070F
:10BB20003018000730180207301C0007301C0207CD
:10BB3000340000073400020734040007340402070D
:10BB4000A06C23F0435323F47C130139034343EAED
:10BB50000143C2F8E4304FF48073C2F8403AD4F89D
:10BB60007401FEF7ABF863685E031ED5D4F8783134
:10BB7000B14A23F4803191420AD002F1004202F529
:10BB80008032934204D040F6DC01AC48F6F7C6FBA5
:10BB9000D4F8780120F00040FEF790F8D4F878311E
:10BBA000002B81F23981FEF759F86368D8021ED55F
:10BBB000D4F88031A24A23F4803191420AD002F1B4
:10BBC000004202F58032934204D040F6E6019B48E1
:10BBD000F6F7A4FBD4F8800120F00040FEF76EF8E1
:10BBE000D4F88031002B81F21B81FEF737F86368AF
:10BBF000190349D5D4F87C31924A23F4403191425B
:10BC00000AD002F1004202F54032934204D04FF4D0
:10BC10000F618A48F6F782FBD4F87C318A4A934256
:10BC200041F00281A36F33F0405304D040F6F50198
:10BC30008248F6F773FBE36F013BFF2B04D940F614
:10BC4000F6017E48F6F76AFB804AE16FD2F8FC30D5
:10BC5000A06F23F0435323F47C130139034343EAD9
:10BC60000143C2F8FC304FF48043C2F8403AD4F8A4
:10BC70007C0120F00040FEF721F8D4F87C31002B45
:10BC800081F2DB80FDF7EAFF63689A0249D5D4F8B8
:10BC900084316F4A23F4403191420AD002F10042CC
:10BCA00002F54032934204D04FF411616348F6F735
:10BCB00035FBD4F88431674A934241F0C280A36FC8
:10BCC00033F0405304D040F615115C48F6F726FBDC
:10BCD000E36F013BFF2B04D940F616115748F6F7E6
:10BCE0001DFB5A4AE16FD2F8FC30A06F23F043539A
:10BCF00023F47C130139034343EA0143C2F8FC30C7
:10BD00004FF48043C2F8403AD4F8840120F0004058
:10BD1000FDF7D4FFD4F88431002B81F29B80FDF72E
:10BD20009DFF63681B0611D5D4F88C31032B04D911
:10BD30004FF413614148F6F7F1FA444AD4F88C11F4
:10BD4000536A23F0407343EA01635362281E18BF0D
:10BD5000012070BD01F440729A423EF412A93E4B9C
:10BD6000DA6A42F00102DA62DB6ADB073EF509A912
:10BD70000125FEF72CB9F7F787FC401BB0427EF691
:10BD800008A90325FEF723B9033B042B3EF651A96E
:10BD900001A252F823F000BF5DBE003433A000348E
:10BDA000ADBD0034F3BD0034AFBE0034236D33F0BD
:10BDB000405303D0E6212148F6F7B0FA636D013B0A
:10BDC000FF2B03D9E7211D48F6F7A8FA1F4A616D3A
:10BDD000D2F8E830206D23F0435323F47C1301396B
:10BDE000034343EA0143C2F8E8304FF40073FEF71F
:10BDF0001EB9A36F33F0405303D0F3210F48F6F779
:10BE00008DFAE36F013BFF2B03D9F4210B48F6F7C2
:10BE100085FA0E4AE16FD2F8FC30A06F23F043534D
:10BE200023F47C130139034343EA0143C2F8FC3095
:10BE30004FF48043FEF7FBB814100001036D023489
:10BE400014180001140C0003140C020300800256A5
:10BE5000141400031414020300480256D4F8983056
:10BE600033F0405304D04FF48071B448F6F756FADB
:10BE7000D4F89C30013BFF2B04D940F20111AF48AC
:10BE8000F6F74CFAAE4AD4F89C10D2F80C31D4F83C
:10BE9000980023F0435323F47C130139034343EA0E
:10BEA0000143C2F80C314FF48023FEF7C0B8D4F838
:10BEB000A03033F0405304D040F20D119F48F6F704
:10BEC0002DFAD4F8A430013BFF2B04D94FF487712D
:10BED0009A48F6F723FA9A4AD4F8A410D2F8103107
:10BEE000D4F8A00023F0435323F47C130139034317
:10BEF00043EA0143C2F810314FF40023FEF797B82C
:10BF0000904A934223D1236A33F0405304D04FF434
:10BF10009B718A48F6F702FA636A013BFF2B04D94A
:10BF200040F237118548F6F7F9F9854A616AD2F887
:10BF3000D030206A23F0435323F47C1301390343A8
:10BF400043EA0143C2F8D0300823FEF7B3B87E4A73
:10BF5000934202BF40227A4BC3F8482AFEF7ACB89E
:10BF60007A4A934223D1236A33F0405304D040F2FB
:10BF700063117248F6F7D2F9636A013BFF2B04D9CB
:10BF80004FF4B2716D48F6F7C9F96D4A616AD2F89B
:10BF9000D030206A23F0435323F47C130139034348
:10BFA00043EA0143C2F8D0300823FEF7C0B8684A1C
:10BFB000934202BF4022624BC3F8482AFEF7B9B849
:10BFC000644A934223D1236A33F0405304D04FF4A0
:10BFD000C8715A48F6F7A2F9636A013BFF2B04D9EE
:10BFE00040F291115548F6F799F9554A616AD2F82D
:10BFF000D030206A23F0435323F47C1301390343E8
:10C0000043EA0143C2F8D0300823FEF7E2B8524AAF
:10C01000934202BF40224A4BC3F8482AFEF7DBB8DE
:10C02000302B23D1236A33F0405304D040F2BD11AA
:10C030004248F6F773F9636A013BFF2B04D94FF4CA
:10C04000DF713E48F6F76AF93D4A616AD2F8D030AE
:10C05000206A23F0435323F47C130139034343EA5A
:10C060000143C2F8D0300823FEF7EDB8102B02BF11
:10C070004022334BC3F8482AFEF7E7B8374A9342C9
:10C0800023D1A36A33F0405304D04FF4F5712B4809
:10C09000F6F744F9E36A013BFF2B04D940F2EB11B8
:10C0A0002648F6F73BF9264AE16AD2F8D430A06A6E
:10C0B00023F0435323F47C130139034343EA014340
:10C0C000C2F8D4301023FEF701B9254A934202BFCB
:10C0D00040221B4BC3F8482AFEF7FAB8214A934284
:10C0E00023D1A36A33F0405304D040F21721134800
:10C0F000F6F714F9E36A013BFF2B04D94FF40671FC
:10C100000E48F6F70BF90E4AE16AD2F8D430A06A6D
:10C1100023F0435323F47C130139034343EA0143DF
:10C12000C2F8D4301023FEF70EB90F4A934202BF73
:10C130004022034BC3F8482AFEF707B9036D0234C7
:10C1400000800256140003031400010314040303C7
:10C150001404010314080303140801031C0003035F
:10C160001C0001031C0403031C040103302B23D116
:10C17000236C33F0405304D040F24521B548F6F724
:10C18000CDF8636C013BFF2B04D940F24621B14846
:10C19000F6F7C4F8B04A616CD2F8E030206C23F0B6
:10C1A000435323F47C130139034343EA0143C2F8A8
:10C1B000E0308023FEF70DB9102B02BF4022A64BC2
:10C1C000C3F8482AFEF707B9032B23D1236C33F0B9
:10C1D000405304D040F273219E48F6F79FF8636CF9
:10C1E000013BFF2B04D94FF41D719A48F6F796F8DE
:10C1F000994A616CD2F8E030206C23F0435323F469
:10C200007C130139034343EA0143C2F8E030802341
:10C21000FEF725B9012B02BF40228F4BC3F8482AF5
:10C22000FEF71FB9B3F5801F02BF40228A4BC3F847
:10C23000482AFEF795B9B3F5805F02BF4022864BCE
:10C24000C3F8482AFEF7CEB9012B02BF4022824B29
:10C25000C3F8482AFEF758BA012B02BF40227E4B92
:10C26000C3F8482AFEF799BA7C4A934224D1A36FB7
:10C2700033F0405304D040F24F317648F6F74EF891
:10C28000E36F013BFF2B04D94FF454717148F6F76B
:10C2900045F8714AE16FD2F8FC30A06F23F04353A8
:10C2A00023F47C130139034343EA0143C2F8FC3011
:10C2B0004FF48043FEF7C3BA694A934202BF40225B
:10C2C000654BC3F8482AFEF7BCBA664A934224D1AC
:10C2D000A36F33F0405304D04FF45F715D48F6F71D
:10C2E0001DF8E36F013BFF2B04D940F27D31594823
:10C2F000F6F714F8584AE16FD2F8FC30A06F23F03B
:10C30000435323F47C130139034343EA0143C2F846
:10C31000FC304FF48043FEF7D6BA534A934202BF33
:10C3200040224D4BC3F8482AFEF7CFBA4F4A9342FA
:10C3300024D1A36F33F0405304D040F2A9314548D3
:10C34000F5F7ECFFE36F013BFF2B04D940F2AA3174
:10C350004048F5F7E3FF404AE16FD2F8FC30A06FA8
:10C3600023F0435323F47C130139034343EA01438D
:10C37000C2F8FC304FF48043FEF7E9BA3C4A9342DE
:10C3800002BF4022344BC3F8482AFEF7E2BA394ACA
:10C39000934224D1A36F33F0405304D040F2D631FE
:10C3A0002C48F5F7BBFFE36F013BFF2B04D940F2AC
:10C3B000D7312848F5F7B2FF274AE16FD2F8FC30B1
:10C3C000A06F23F0435323F47C130139034343EA62
:10C3D0000143C2F8FC304FF48043FEF7FCBA264A12
:10C3E000934202BF40221C4BC3F8482AFEF7F5BA1D
:10C3F000224A934224D1A36F33F0405304D040F239
:10C4000003411448F5F78AFFE36F013BFF2B04D982
:10C4100040F204410F48F5F781FF0F4AE16FD2F86F
:10C42000FC30A06F23F0435323F47C130139034302
:10C4300043EA0143C2F8FC304FF48043FEF70FBBE0
:10C440000F4A934202BF4022034BC3F8482AFEF72B
:10C4500008BB00BF036D0234008002560C000307C6
:10C460000C0001070C0403070C0401070C08030768
:10C470000C0801070C0C03070C0C01070C10030738
:10C480000C100107AE4A934224D1A36F33F04053FE
:10C4900004D04FF48661AB48F5F740FFE36F013BF2
:10C4A000FF2B04D940F23141A648F5F737FFA64AE1
:10C4B000E16FD2F8FC30A06F23F0435323F47C13D8
:10C4C0000139034343EA0143C2F8FC304FF480438F
:10C4D000FEF709BB9D4A934202BF40229A4BC3F824
:10C4E000482AFEF702BB9A4A934202BF4022964B6B
:10C4F000C3F8482AFEF758BB964A934202BF40222F
:10C50000914BC3F8482AFEF793BB934A934202BF6C
:10C5100040228D4BC3F8482AFEF7CEBB8F4A934288
:10C5200002BF4022884BC3F8482AFEF709BC8C4A58
:10C53000934202BF4022844BC3F8482AFEF744BC12
:10C54000B3F5407F24D1236F33F0405304D040F241
:10C55000FD417C48F5F7E2FE636F013BFF2B04D9F8
:10C5600040F2FE417748F5F7D9FE774A616FD2F87D
:10C57000F830206F23F0435323F47C130139034335
:10C5800043EA0143C2F8F8304FF40053FEF776BC9B
:10C59000B3F5807F02BF40226B4BC3F8482AFEF7F9
:10C5A0006FBCB3F1807F02BF4022674BC3F8482ABB
:10C5B000FEF7ACBCB3F5403F23D1236C33F04053BE
:10C5C00004D040F24A515F48F5F7A8FE636C013B86
:10C5D000FF2B04D940F24B515A48F5F79FFE5A4AB7
:10C5E000616CD2F8E030206C23F0435323F47C13C9
:10C5F0000139034343EA0143C2F8E0308023FEF7E8
:10C60000C7BCB3F5803F02BF40224F4BC3F8482A56
:10C61000FEF7C0BC102B02BF40224B4BC3F8482A88
:10C62000FEF7FDBC4F4A934223D1236C33F04053B5
:10C6300004D040F297514348F5F770FE636C013B1C
:10C64000FF2B04D94FF4B3613E48F5F767FE3E4A2D
:10C65000616CD2F8E030206C23F0435323F47C1358
:10C660000139034343EA0143C2F8E0308023FEF777
:10C670001BBD3D4A934202BF4022334BC3F8482AB8
:10C68000FEF714BD394A934223D1236C33F0405353
:10C6900004D040F2C4512B48F5F740FE636C013BD7
:10C6A000FF2B04D940F2C5512648F5F737FE264A3C
:10C6B000616CD2F8E030206C23F0435323F47C13F8
:10C6C0000139034343EA0143C2F8E0308023FEF717
:10C6D0002CBD274A934202BF40221B4BC3F8482A75
:10C6E000FEF725BD032B23D1236C33F0405304D038
:10C6F00040F2F1511348F5F711FE636C013BFF2B3B
:10C7000004D940F2F2510F48F5F708FE0E4A616C69
:10C71000D2F8E030206C23F0435323F47C1301392A
:10C72000034343EA0143C2F8E0308023FEF743BDF0
:10C73000012B02BF4022044BC3F8482AFEF73DBD3F
:10C740000C140307036D0234008002560C14010719
:10C750002C0801072C0C01072C1001072C140107D1
:10C760002C180107181403071814010718180307D9
:10C7700018180107AB4A934224D1A36C33F04053FD
:10C7800004D040F21E61A848F5F7C8FDE36C013BF8
:10C79000FF2B04D940F21F61A348F5F7BFFDA34A60
:10C7A000E16CD2F8E430A06C23F0435323F47C1303
:10C7B0000139034343EA0143C2F8E4304FF4807384
:10C7C000FEF746BD9A4A934202BF4022974BC3F8F8
:10C7D000482AFEF73FBD974A934224D1A36C33F019
:10C7E000405304D040F24B618F48F5F797FDE36C5E
:10C7F000013BFF2B04D940F24C618B48F5F78EFDCD
:10C800008A4AE16CD2F8E430A06C23F0435323F45D
:10C810007C130139034343EA0143C2F8E4304FF487
:10C820008073FEF75CBD844A934202BF40227F4B77
:10C83000C3F8482AFEF755BD804A934224D1A36C21
:10C8400033F0405304D04FF4CF617748F5F766FDDD
:10C85000E36C013BFF2B04D940F279617248F5F794
:10C860005DFD724AE16CD2F8E430A06C23F04353D2
:10C8700023F47C130139034343EA0143C2F8E43053
:10C880004FF48073FEF772BD6D4A934202BF40229F
:10C89000664BC3F8482AFEF76BBD6A4A934224D11F
:10C8A000236F33F0405304D040F2A5615E48F5F7A2
:10C8B00035FD636F013BFF2B04D940F2A6615A4856
:10C8C000F5F72CFD594A616FD2F8F830206F23F04C
:10C8D000435323F47C130139034343EA0143C2F871
:10C8E000F8304FF40053FEF789BD574A934202BF18
:10C8F00040224E4BC3F8482AFEF782BD534A93426A
:10C9000024D1236F33F0405304D040F2D261464823
:10C91000F5F704FD636F013BFF2B04D940F2D361AF
:10C920004148F5F7FBFC414A616FD2F8F830206FBF
:10C9300023F0435323F47C130139034343EA0143B7
:10C94000C2F8F8304FF40053FEF7A0BD404A9342BE
:10C9500002BF4022354BC3F8482AFEF799BD3D4A35
:10C96000934224D1A36C33F0405304D040F2FF61D2
:10C970002D48F5F7D3FCE36C013BFF2B04D94FF4B2
:10C98000E0612948F5F7CAFC284AE16CD2F8E430A6
:10C99000A06C23F0435323F47C130139034343EA8F
:10C9A0000143C2F8E4304FF48073FEF7D1BD2A4A48
:10C9B000934202BF40221D4BC3F8482AFEF7CABD6E
:10C9C000264A934224D1236F33F0405304D040F2DF
:10C9D0002C711548F5F7A2FC636F013BFF2B04D9BE
:10C9E00040F22D711048F5F799FC104A616FD2F8AA
:10C9F000F830206F23F0435323F47C1301390343B1
:10CA000043EA0143C2F8F8304FF40053FEF7E8BDA3
:10CA1000134A934202BF4022044BC3F8482AFEF750
:10CA2000E1BD00BF20040307036D023400800256FD
:10CA3000200401072008030720080107200C030732
:10CA4000200C010720100307201001072014030702
:10CA500020140107201803072018010730000307DE
:10CA600030000107AB4A934224D1236F33F0405387
:10CA700004D040F25971A848F5F750FC636F013BB0
:10CA8000FF2B04D940F25A71A348F5F747FCA34A9B
:10CA9000616FD2F8F830206F23F0435323F47C13F6
:10CAA0000139034343EA0143C2F8F8304FF400531D
:10CAB000FEF7DEBD9A4A934202BF4022974BC3F86D
:10CAC000482AFEF7D7BD974A934224D1236F33F00B
:10CAD000405304D040F286718F48F5F71FFC636F16
:10CAE000013BFF2B04D940F287718B48F5F716FC08
:10CAF0008A4A616FD2F8F830206F23F0435323F451
:10CB00007C130139034343EA0143C2F8F8304FF480
:10CB10000053FEF7F5BD844A934202BF40227F4B8B
:10CB2000C3F8482AFEF7EEBD804A934224D1236F12
:10CB300033F0405304D040F2B3717748F5F7EEFB81
:10CB4000636F013BFF2B04D940F2B4717248F5F7D3
:10CB5000E5FB724A616FD2F8F830206F23F043533F
:10CB600023F47C130139034343EA0143C2F8F8304C
:10CB70004FF40053FEF70CBE6D4A934202BF4022B1
:10CB8000664BC3F8482AFEF705BE6A4A934224D191
:10CB9000236F33F0405304D04FF4FC615E48F5F747
:10CBA000BDFB636F013BFF2B04D940F2E1715A4892
:10CBB000F5F7B4FB594A616FD2F8F830206F23F0D3
:10CBC000435323F47C130139034343EA0143C2F87E
:10CBD000F8304FF40053FEF73EBE574A934202BF6F
:10CBE00040224E4BC3F8482AFEF737BE534A9342C1
:10CBF00024D1236F33F0405304D040F60D01464852
:10CC0000F5F78CFB636F013BFF2B04D940F60E0157
:10CC10004148F5F783FB414A616FD2F8F830206F45
:10CC200023F0435323F47C130139034343EA0143C4
:10CC3000C2F8F8304FF40053FEF755BE404A934215
:10CC400002BF4022354BC3F8482AFEF74EBE3D4A8C
:10CC5000934224D1236F33F0405304D040F63A017D
:10CC60002D48F5F75BFB636F013BFF2B04D940F6C2
:10CC70003B012948F5F752FB284A616FD2F8F8309A
:10CC8000206F23F0435323F47C130139034343EA19
:10CC90000143C2F8F8304FF40053FEF76CBE2A4A45
:10CCA000934202BF40221D4BC3F8482AFEF765BEDF
:10CCB000264A934224D1236F33F0405304D040F6E8
:10CCC00067011548F5F72AFB636F013BFF2B04D979
:10CCD00040F668011048F5F721FB104A616FD2F861
:10CCE000F830206F23F0435323F47C1301390343BE
:10CCF00043EA0143C2F8F8304FF40053FEF783BE15
:10CD0000134A934202BF4022044BC3F8482AFEF75D
:10CD10007CBE00BF30040307036D0234008002565E
:10CD2000300401073008030730080107300C0307FF
:10CD3000300C0107301003073010010730140307CF
:10CD4000301401073018030730180107301C03079F
:10CD5000301C0107414A934224D1236F33F04053E2
:10CD600004D040F694013E48F5F7D8FA636F013BD2
:10CD7000FF2B04D940F695013948F5F7CFFA394A27
:10CD8000616FD2F8F830206F23F0435323F47C1303
:10CD90000139034343EA0143C2F8F8304FF400532A
:10CDA000FEF779BE304A934202BF40222D4BC3F8B2
:10CDB000482AFEF772BE2D4A934224D1236F33F0E6
:10CDC000405304D040F6C1012548F5F7A7FA636F38
:10CDD000013BFF2B04D940F6C2012148F5F79EFA2A
:10CDE000204A616FD2F8F830206F23F0435323F4C8
:10CDF0007C130139034343EA0143C2F8F8304FF48E
:10CE00000053FEF7AABE1A4A934202BF4022154BB6
:10CE1000C3F8482AFEF7A3BEFCF718FFFEF7C5BE0D
:10CE2000FCF714FFFEF7E3BE124A934202BF402212
:10CE30000C4BC3F8482AFEF71ABFFCF707FFFEF7B2
:10CE400023BF0D4A934202BF4022064BC3F8482A33
:10CE5000FEF75ABFFCF7FAFEFEF763BF3400030784
:10CE6000036D0234008002563400010734040307C6
:10CE700034040107140C01031414010337B51E4CCC
:10CE80006368D90506D5D4F888305A000FD400203D
:10CE900003B030BDD4F880301B01F8D5D4F8800041
:10CEA00000F0E04003B0BDE83040FCF789BFD4F8A3
:10CEB000800000F0E040FCF783FF0028E7D0D4F8C2
:10CEC000803013F07C7FC3F30551E0D0D4F880208C
:10CED000D4F88430D4F88850D4F88840C5F3C265BB
:10CEE000C4F302640194009523F07F43C2F30B2244
:10CEF000FCF7A0FFCCE700BF0080025637B51E4C00
:10CF00006368990506D5D4F898305A000FD40020EC
:10CF100003B030BDD4F890301B01F8D5D4F89000A0
:10CF200000F0E04003B0BDE83040FCF749BFD4F862
:10CF3000900000F0E040FCF743FF0028E7D0D4F871
:10CF4000903013F07C7FC3F30551E0D0D4F89020EB
:10CF5000D4F89430D4F89850D4F89840C5F3C2650A
:10CF6000C4F302640194009523F07F43C2F30B22C3
:10CF7000FCF760FFCCE700BF0080025637B51E4CBF
:10CF80006368590506D5D4F8A8305A000FD400209C
:10CF900003B030BDD4F8A0301B01F8D5D4F8A00000
:10CFA00000F0E04003B0BDE83040FCF709BFD4F822
:10CFB000A00000F0E040FCF703FF0028E7D0D4F821
:10CFC000A03013F07C7FC3F30551E0D0D4F8A0204B
:10CFD000D4F8A430D4F8A850D4F8A840C5F3C2655A
:10CFE000C4F302640194009523F07F43C2F30B2243
:10CFF000FCF720FFCCE700BF0080025637B51E4C7F
:10D000006368190506D5D4F8B8305A000FD400204B
:10D0100003B030BDD4F8B0301B01F8D5D4F8B0005F
:10D0200000F0E04003B0BDE83040FCF7C9BED4F8E2
:10D03000B00000F0E040FCF7C3FE0028E7D0D4F8D1
:10D04000B03013F07C7FC3F30551E0D0D4F8B020AA
:10D05000D4F8B430D4F8B850D4F8B840C5F3C265A9
:10D06000C4F302640194009523F07F43C2F30B22C2
:10D07000FCF7E0FECCE700BF008002563E4B10B547
:10D08000D3F84822520635D5D3F85C2102F00702C6
:10D09000013A062A05D8DFE802F00E1346182F3BA6
:10D0A0005200FCF7F3FD28B3334B34489B6CC3F3B9
:10D0B000C113D8401FE0FCF7F1FDD8B130481AE0A9
:10D0C000FCF7DCFDB0B12F4815E0D3F84022D406C0
:10D0D00010D5D3F8D400D3F8D430C0F30740441CA3
:10D0E00003F04053B3F1005F43D034D8CBB3B3F176
:10D0F000805F3BD0002010BDD3F840229005F9D5C9
:10D10000D3F8E800D3F8E830C0F30740441CE7E761
:10D11000FCF73CFE0028EDD0FCF740FE164B044621
:10D12000D3F8FC30DCE7D3F840225103E2D5D3F842
:10D130000C01D3F80C31C0F30740441CD0E7D3F8FE
:10D1400040221203D6D5D3F81001D3F81031C0F322
:10D150000740441CC4E7B3F1405FCBD1FFF74EFF5B
:10D1600001E0FFF78BFEB0FBF4F0C4E7FFF7C6FE6B
:10D17000F9E7FFF703FFF6E7008002560090D003BF
:10D1800000093D00006CDC0238B52D4DD5F8643146
:10D1900003F00703062B24D8DFE803F0040D112A5F
:10D1A00049404F00FCF7F2FCFCF702FE6B6A03F00B
:10D1B0000703D84016E0BDE83840FFF75FBFFCF733
:10D1C0009DFD70B1FCF7A2FD0446D5F8DC3003F0FC
:10D1D0004053B3F1005F1ED014D8CBB1B3F1805FE0
:10D1E00001D0002038BDFFF789FEB0FBF4F0F9E76D
:10D1F000FCF796FD0028F4D0FCF79AFDD5F8E03056
:10D200000446E4E7B3F1405FEBD1FFF7F7FEECE74C
:10D21000FFF734FEE9E7FFF7B1FEE6E7FCF736FD7E
:10D220000028DED0AB6C0748C3F3C113C1E7FCF79D
:10D2300035FD0028D5D00448D4E70448D2E700BF24
:10D24000008002560090D00300093D000080BB0022
:10D2500010B5FCF745FD374B984228D01BD8A3F5F5
:10D260008033984213D00BD820F48062A3F580332A
:10D270009A424BD003F50063984247D0002010BD7E
:10D280002D4B984203D003F580639842F6D1BDE858
:10D290001040FFF7F3BE294B984229D021D8A3F5BF
:10D2A0007C43984203D003F580639842E6D1244B37
:10D2B000D3F8400210F00400E1D0D3F8CC00D3F84A
:10D2C000CC30C0F30740441C03F04053B3F1005F7F
:10D2D0002DD021D833B3B3F1805FCFD1FFF70EFE4D
:10D2E00022E0184B984203D003F580639842C5D1E1
:10D2F000134BD3F8400210F00800C0D0D3F8D00090
:10D30000D3F8D030C0F30740441CDDE7FCF73EFC07
:10D31000BDE81040FCF74CBDB3F1405FAED1FFF764
:10D320006DFE01E0FFF7AAFDB0FBF4F0A7E7FFF701
:10D3300025FEF9E71400020314040103140003039B
:10D34000008002561404030310B5FCF7C9FC2D4BF2
:10D35000984221D015D8A3F5803398420DD009D832
:10D36000A3F5803398422ED003F5006398422AD06B
:10D37000002010BD244B9842FAD1BDE81040FFF7C1
:10D380007DBE224B984224D003F50063984220D002
:10D39000A3F580339842EBD1FCF7F8FC0028E7D0E6
:10D3A000FCF7FCFC1A4B0446D3F8FC3003F0405366
:10D3B000B3F1005F22D016D8DBB1B3F1805FD7D1D3
:10D3C000FFF79CFD17E0FCF759FC0028D0D011486E
:10D3D000CFE7FCF753FC0028CAD0FCF747FC002835
:10D3E000F5D10D48C5E7B3F1405FC1D1FFF706FEA7
:10D3F00001E0FFF743FDB0FBF4F0BAE7FFF7BEFD35
:10D40000F9E700BF140C020314140103140C030306
:10D410000080025600366E01006CDC0208B5FCF795
:10D420005FFC114B98421CD005D8A3F500639842CD
:10D4300012D0002008BD0D4B20F400609842F8D1B6
:10D44000FCF71CFC0028F4D0FCF710FC084B00286B
:10D45000084808BF1846EDE70748BDE80840FFF751
:10D4600073BF0648F9E700BF14180001141001014A
:10D47000006CDC0200366E01140C0003141400036F
:10D4800010B5FCF72DFC704B984239D053D8A3F55A
:10D490000033984200F0B68013D8A3F6FC7398428C
:10D4A00000F0B0800BD8A3F20443984200F0AA80A9
:10D4B00003F58063984200F0AF80002010BD634BFD
:10D4C000F8E7634B98420CD00FD8A3F6FC73984250
:10D4D00007D08EBF5F4B20F48060A3F204439842D4
:10D4E000EBD1BDE81040FFF7C9BD5B4B984207D0B8
:10D4F0008EBF5A4B20F48060A3F204439842DCD1E3
:10D50000FCF720FC0028D8D0FCF724FC0446544B40
:10D51000D3F8E43003F04053B3F1005F00F09180A2
:10D5200000F28380002B00F08780B3F1805FC4D1CC
:10D53000FFF7E4FC82E04B4B984245D033D8A3F58B
:10D540008033984228D01CD8A3F57B43FC3B9842FB
:10D5500006D010D820F48060A3F204439842ACD1E6
:10D56000FCF702FC0028A8D0FCF706FC3C4B044664
:10D57000D3F8F830CEE73C4B9842F1D003F5406346
:10D58000ECE73A4B984207D08EBF394B20F00400AD
:10D59000A3F58063984290D1FCF788FB003818BF50
:10D5A0000120C0038AE7334B984220D013D8A3F55B
:10D5B0007843984208D08EBF2F4B20F00400A3F58B
:10D5C000806398427FF479AFFCF768FB00283FF452
:10D5D00074AF2A4872E72A4B984208D08EBF294B75
:10D5E00020F00400A3F5806398427FF466AFFCF757
:10D5F0004DFB00283FF461AF194B23489B6CC3F3EC
:10D60000C11307E0FCF7C2FAFCF7D2FB144B5B6ACC
:10D61000C3F30213D84051E7FCF7B8FAFCF7C8FB94
:10D620000F4B5B6A03F00703F4E7B3F1405F7FF44D
:10D6300044AFFFF7E3FC01E0FFF720FCB0FBF4F0A0
:10D640003CE7FFF79BFCF9E73014020730080007BE
:10D6500030140107300801073404020730080207BC
:10D660000080025630000507300803073008040721
:10D6700030140407300006073014050700093D0088
:10D6800030080607301406070090D00310B5FCF7E9
:10D6900027FB794B98423ED05AD8A3F500339842E5
:10D6A00000F0C78014D8754B984200F0CC80013B45
:10D6B00098420BD920F4006203F6FD739A4200F001
:10D6C000B880A3F58063984200F0B380002010BDBD
:10D6D0006B4B98420DD012D8A3F54063984208D006
:10D6E0000BD8A3F6FC73984203D003F6FC339842A0
:10D6F000ECD1BDE81040FFF7C1BC624BF7E7624BCD
:10D70000984208D022D8A3F6FC73984203D003F6BF
:10D71000FC339842DAD1FCF715FB0028D6D0FCF791
:10D7200019FB0446594BD3F8E43003F04053B3F1EE
:10D73000005F00F09D8000F28F80002B00F093804E
:10D74000B3F1805FC2D1FFF7D9FB8EE0504BE0E729
:10D75000504B98424AD036D8A3F58033984229D00E
:10D760001CD8A3F57043043B984208D012D8A3F606
:10D77000FC73984203D003F6FC339842A6D1FCF721
:10D78000F3FA0028A2D0FCF7F7FA404B0446D3F88E
:10D79000F830CAE7404B20F48060EEE73F4B9842F8
:10D7A00008D00ED8A3F54063984203D003F58063F8
:10D7B00098428BD1FCF77AFA003818BF0120C003D9
:10D7C00085E7374BF4E7374B984225D017D8A3F5B8
:10D7D0006843043B984209D00FD8A3F540639842B0
:10D7E00004D003F5806398427FF470AFFCF756FADB
:10D7F00000283FF46BAF2C4869E72C4BF3E72C4B28
:10D80000984209D013D8A3F54063984204D003F599
:10D81000806398427FF45AAFFCF738FA00283FF44F
:10D8200055AF1A4B23489B6CC3F3C11309E0224B3D
:10D83000EFE7FCF7ABF9FCF7BBFA144B5B6A03F0BC
:10D840000703D84043E7FCF7A1F9FCF7B1FA0F4B07
:10D850005B6AC3F30213F4E7B3F1405F7FF436AFC2
:10D86000FFF7CCFB01E0FFF709FBB0FBF4F02EE77C
:10D87000FFF784FBF9E700BF301C02073400000704
:10D88000301C0107301801073010020700800256D3
:10D890003018020734000507301803073018040752
:10D8A000301C04073400060700093D00301C050742
:10D8B000301806070090D003301C060710B5FCF79F
:10D8C0000FFA8B4B984255D065D8A3F53C3398425C
:10D8D00000F0CA801ED8A3F54063984200F0BA80D9
:10D8E0000AD8A3F5006398420BD003F580639842F1
:10D8F00000F0B080002010BD7E4B20F48060984284
:10D90000F8D1FCF743F9FCF753FA7B4B5B6AC3F39E
:10D910000213A7E0794B984200F0AF801DD8A3F521
:10D92000784398420AD00DD8A3F50063984205D0F9
:10D9300020F40060A3F580639842DBD1BDE810407D
:10D94000FFF79CBB6E4B9842F8D003F56C439842AE
:10D9500000F09380A3F57043EEE76A4B984209D03C
:10D9600013D8A3F50063984200F0878003F5806325
:10D970009842BFD1FCF7E6F90028BBD0FCF7EAF9E2
:10D980005D4B0446D3F8E43082E05F4B984274D09C
:10D9900003F56C43ECE75D4B984243D030D8A3F5D8
:10D9A000FA339842E6D008D820F48062A3F50063E9
:10D9B0009A427BD0A3F58063DAE7554B98420DD0AD
:10D9C00014D8A3F50063984208D00DD8A3F50063DE
:10D9D000984203D003F5806398428BD1FCF75EF93F
:10D9E000002887D04B4886E74B4BF5E74B4B9842D6
:10D9F00018D003F58063984214D0A3F57043EBE789
:10DA0000474B98426DD01ED8A3F54063984218D07A
:10DA100020F4806311D8434A934203D0424B98428A
:10DA20007FF468AFFCF732F900283FF463AF324B64
:10DA30003E489B6CC3F3C11314E03D4A93427FF40C
:10DA400059AF3C4857E73C4B98424AD003F58063B6
:10DA50009842F4E7FCF79AF8FCF7AAF9264B5B6AC0
:10DA600003F00703D84046E7FCF790F8FCF7A0F96D
:10DA7000214B5B6AC3F30233F4E7FCF751F900284A
:10DA80003FF438AFFCF754F904461B4BD3F8E030B1
:10DA900003F04053B3F1005F20D013D8CBB1B3F102
:10DAA000805F7FF427AFFFF729FA14E0FCF75CF9F9
:10DAB00000283FF41FAFFCF75FF90F4B0446D3F883
:10DAC000F830E5E7B3F1405F7FF414AFFFF796FA63
:10DAD00001E0FFF7D3F9B0FBF4F00CE7FFF74EFAE3
:10DAE000F9E7FCF7CBF800283FF404AF134802E74E
:10DAF00020080307201000070080025620080207B4
:10DB0000201801072014020720180207200C05071F
:10DB10002014040700093D00201004072004050715
:10DB20002010060720100507201805070090D003D5
:10DB3000200806070080BB0020140607006CDC02EA
:10DB400010B5FCF7CDF84B4B984250D03FD8A3F519
:10DB50000033984221D015D8A3F5803398420DD0D8
:10DB600009D8A3F58033984254D003F580639842D6
:10DB700050D0002010BD404B9842FAD1BDE8104073
:10DB8000FFF77CBA3D4B98424ED003F58063984234
:10DB90004AD0A3F580339842EBD1FCF7AFF80028C8
:10DBA000E7D0FCF7B3F80446354BD3F8DC3003F08C
:10DBB0004053B3F1005F4BD041D8002B45D0B3F1B7
:10DBC000805FD6D1FFF79AF9B0FBF4F0D2E72D4B86
:10DBD00098421DD011D8A3F5803398423BD003F56D
:10DBE0008063984237D0A3F580339842C1D1FCF7C7
:10DBF00055F80028BDD02448BCE7244B984234D0C7
:10DC000003F58063984230D0A3F580339842B0D1B9
:10DC10001F48AFE7FBF7BAFFFCF7CAF8184B5B6A7F
:10DC2000C3F30213D840A5E7FCF77AF80028A0D088
:10DC3000FCF77EF8124B0446D3F8E030B7E7B3F1B7
:10DC4000405F96D1FFF7DAF9BEE7FFF717F9BBE7B8
:10DC5000FFF794F9B8E7FCF719F8002889D0084BCA
:10DC60000C489B6CC3F3C113DCE7BDE81040FFF721
:10DC70008BBA00BF181404071818010718140307FB
:10DC8000008002561814060700093D001814070703
:10DC90000080BB000090D00310B5FCF721F83F4B8B
:10DCA000984261D031D8A3F5FE33984258D00DD8B0
:10DCB000A3F58033984249D003F57C4398424FD076
:10DCC000A3F58033984241D0002010BD344B20F49E
:10DCD00080609842F8D1334BD3F840229205F3D5B7
:10DCE000D3F8E800D3F8E830C0F30740441C03F051
:10DCF0004053B3F1005F4DD041D8002B45D0B3F174
:10DD0000805FE1D1FFF7FAF841E0274B984208D055
:10DD10000DD8A3F58033984226D003F57C43984272
:10DD2000D2D1FBF7BBFF0028CED02048CDE7204B57
:10DD300020F480609842C7D1FBF7A8FF0028C3D029
:10DD4000184B1C489B6CC3F3C11307E0FBF71EFF85
:10DD5000FCF72EF8134B5B6A03F00703D840B4E7D7
:10DD6000BDE81040FFF78AB9FCF710F80028ABD0E7
:10DD7000FCF714F80B4B0446D3F8FC30B7E7B3F1CB
:10DD8000405FA1D1FFF73AF901E0FFF777F8B0FB68
:10DD9000F4F09AE7FFF7F2F8F9E700BF0C10030779
:10DDA0000C100207008002560C14040700093D0005
:10DDB0000C1005070090D00310B5FBF791FF2E4B18
:10DDC00098421DD013D8A3F5803398420BD007D8C2
:10DDD00020F48060A3F5803398422BD0002010BD42
:10DDE000264B9842FAD1BDE81040FFF747B9244BC3
:10DDF00020F480629A4223D0A3F57C439842EDD16F
:10DE0000204BD3F8400210F00800E8D0D3F8D0003F
:10DE1000D3F8D030C0F30740441C03F04053B3F1B3
:10DE2000005F26D01AD8FBB1B3F1805FD6D1FFF7DF
:10DE300065F81BE0FBF7AAFEBDE81040FBF7B8BF92
:10DE4000104BD3F8400210F01000C8D0D3F8D40023
:10DE5000D3F8D430C0F30740441CDEE7B3F1405F91
:10DE6000BCD1FFF7CBF801E0FFF708F8B0FBF4F006
:10DE7000B5E7FFF783F8F9E71C0002031C04010370
:10DE80001C0003030080025610B5FBF729FF514B1D
:10DE9000984256D044D8A3F5FC33984212D015D8F6
:10DEA000A3F57C4398427CD020F4806307D84A4A8B
:10DEB000934276D0494B984273D0002010BD484A17
:10DEC0009342FAD1BDE81040FFF7D8B8454B9842CD
:10DED00008D021D8A3F578439842F3D003F57443D2
:10DEE0009842EAD1404BD3F840229205E5D5D3F8C9
:10DEF000E800D3F8E830C0F30740441C03F0405377
:10DF0000B3F1005F63D056D8002B5BD0B3F1805FD4
:10DF1000D3D1FEF7F3FF57E0344B20F48060DFE706
:10DF2000334B98421DD022D8A3F57C43984208D0A9
:10DF300012D8A3F50063984203D003F5806398429A
:10DF4000BBD1FBF723FF0028B7D0FBF727FF264BF9
:10DF50000446D3F8FC30D1E7264B20F48060984289
:10DF6000ABD1FBF79BFE0028A7D02348A6E7234BA5
:10DF7000984208D011D8A3F578439842F1D003F520
:10DF80007443984299D1FBF781FE002895D0164B37
:10DF90001B489B6CC3F3C1130BE01A4B20F4806049
:10DFA000EFE7FBF7F3FDFBF703FF0F4B5B6A03F0B3
:10DFB0000703D84082E7B3F1405F7FF47EAFFFF7FD
:10DFC0001DF801E0FEF75AFFB0FBF4F076E7FEF72C
:10DFD000D5FFF9E70C0003070C0000070C08000749
:10DFE0000C0001070C040207008002560C0802070F
:10DFF0000C0804070C00040700093D000C04050789
:10E000000090D0030C08050710B5FBF769FE644BC0
:10E0100098423AD051D8A3F5FE33984200F0A88038
:10E0200013D8A3F54063984200F09880013B9842D2
:10E0300009D903F20143984200F09A8003F5806306
:10E04000984200F09580002010BD564B984215D0A4
:10E0500008D820F48062A3F500639A420ED0A3F59D
:10E060007043EDE7504B98420FD00BD8A3F57443A3
:10E07000984203D003F580639842E4D1BDE8104094
:10E08000FEF7FCBF494B9842DDD1FBF77FFE00282D
:10E09000D9D0FBF783FE464B0446D3F8FC3003F09F
:10E0A0004053B3F1005F78D06BD8002B70D0B3F140
:10E0B000805FC8D1FEF722FF6CE03E4B984234D01F
:10E0C00024D8A3F57C4398420FD015D8A3F500635C
:10E0D00098420AD006D8A3F574439842D5D003F5E8
:10E0E0008063D0E7344B9842ADD1FBF7DFFD0038B9
:10E0F00018BF0120C003A7E7304B9842F5D003F5C5
:10E100007043984211D0A3F57443ECE72C4B98422E
:10E1100015D01BD8A3F57443984206D00CD820F430
:10E120008060A3F5006398428DD1214B5B68DB07CB
:10E1300089D54FF4FA4087E7224B984283D1FBF709
:10E1400025FD1B4B5B6AC3F301630FE01E4B20F4FC
:10E1500080629A42F3D003F50063EEE7FBF716FD09
:10E16000FBF726FE124B5B6A03F00703D8406BE710
:10E17000FBF70CFDFBF71CFE0D4B5B6AC3F3023390
:10E18000F4E7B3F1405F7FF45EAFFEF737FF01E0E5
:10E19000FEF774FEB0FBF4F056E7FEF7EFFEF9E78A
:10E1A0002C1002072C1001072C0802072C0C020768
:10E1B000008002562C0C04072C0C03072C180307B4
:10E1C0002C0C05072C0805072C10050738B500F1A5
:10E1D00060430B4300F06284BA4B984271F1000334
:10E1E00080F0DD80A0F580330B4300F05583B0F163
:10E1F000011F71F100036AD2A0F500730B4300F018
:10E20000B38240F20123984271F1000324D209281D
:10E2100071F1000315D250EA01031BD0013841F11E
:10E22000FF31082871F1000114D2072812D8DFE865
:10E2300010F09C010A021100590211001100110096
:10E240002802A0F110030B4300F03C822038084361
:10E2500000F06482002034E2A0F500530B4300F08C
:10E26000178342F20103984271F1000324D2A0F512
:10E2700000630B4300F0DD82A0F580530B4300F0F8
:10E280000283A0F580600843E4D18F4DD5F84C316E
:10E2900003F00303022B00F0BF82032B00F0508237
:10E2A000012B00F01F82FBF771FCFBF781FD6B6A0D
:10E2B00003F00703D84004E2A0F580430B4300F0CD
:10E2C000E982A0F500400843C4D18048DCE2A0F513
:10E2D00000030B4300F0F0827D4B984271F1000384
:10E2E00024D2A0F580130B4300F0E282794B9842D0
:10E2F00071F100030FD2A0F580230B4300F0D1820F
:10E30000A0F500230B4300F0D182A0F500300843B4
:10E31000A0D17148C1E2A0F500130B4300F0CA82FE
:10E32000A0F58000084395D16C48BBE200F17C4326
:10E330000B4300F061836A4B984271F100031FD2D6
:10E3400000F17F430B4300F0FC8200F17E40084364
:10E3500080D15D4DD5F8543103F4E023B3F5802F1F
:10E3600000F0888100F22D83B3F5003F00F0338385
:10E3700000F21883002B00F07781B3F5803FAFE106
:10E3800000F178430B4300F0688300F170400843CC
:10E390007FF460AF5348BDE83840FFF7D1BB00239E
:10E3A0004FF48052914208BF984200F09383834219
:10E3B0008A415FD31022914208BF984200F07D83CA
:10E3C00083428A4129D30222914208BF984200F039
:10E3D0006D8383428A4114D3994208BFB0F1004F44
:10E3E00000F05E83012908BF984200F05B8300F1D2
:10E3F000404008437FF42EAF3B48BDE83840FFF76C
:10E40000DBBC042908BF984200F05583082908BFE7
:10E4100098427FF41FAF354849E34FF400729142B0
:10E4200008BF984200F0528383428A4111D34029A9
:10E4300008BF984200F04383B1F5807F08BF98423F
:10E4400000F03F83202908BF00287FF403AF28484D
:10E450002DE3B1F5806F08BF984200F03983B1F524
:10E46000006F08BF98427FF4F5AE2248BDE83840FF
:10E47000FFF70CB94FF40022914208BF984200F018
:10E48000658383428A414AD34FF48032914208BF68
:10E49000984200F0258383428A412FD3B1F5804F03
:10E4A00008BF984200F01883B1F5004F08BF9842AA
:10E4B00000F01483B1F5005F08BF00287FF4CAAEF6
:10E4C0000D48FFE201000020008002560C0C0007FE
:10E4D00001008000010010000C1400072C18000738
:10E4E00001000004181400071C000003200C0007A2
:10E4F00020140007300C000730140007B1F5003F6E
:10E5000008BF984200F0EE82B1F5802F08BF984214
:10E510007FF4A0AEB248BDE83840FEF77FBF4FF4AD
:10E520008002914208BF984200F0178383428A41DB
:10E530000DD3B1F5801F08BF984200F00C83B1F5F0
:10E54000001F08BF98427FF485AEA648FFE2B1F5F0
:10E55000000F08BF984200F00583B1F1807F08BF2B
:10E5600098427FF477AEA048F8E2A04DD5F8443148
:10E5700003F07003402B58D01BD8202B31D00CD87F
:10E580003BB3102B2AD00020984BD3F84431C3F36F
:10E5900007230133B0FBF3F093E0302BF3D1FBF70B
:10E5A000BFFB0028EFD0FBF7C3FBD5F8E0300446F3
:10E5B00020E0602B45D0702B3DD0502BE3D1FBF7F2
:10E5C00065FB0028DFD0AB6C8948C3F3C113D8408A
:10E5D000DAE7FBF7DBFAFBF7EBFBD5E7FEF74EFDDF
:10E5E000D2E7FBF78BFB0028CDD0FBF78FFB04466F
:10E5F000D5F8DC3003F04053B3F1005F12D008D8F7
:10E600006BB1B3F1805FBED1FEF778FCB0FBF4F0E4
:10E61000BAE7B3F1405FB6D1FEF7F0FCF6E7FEF7DC
:10E620002DFCF3E7FEF7AAFCF0E7FBF737FB002829
:10E63000A9D07048A8E7FBF7A9FA6B6AC3F3016396
:10E64000C5E76D48A0E7694DD5F8443103F00703ED
:10E65000013B062B08D8DFE813F04500BE01A901F5
:10E660000D004D008702C901FBF790FABDE8384064
:10E67000FBF79EBBFBF712FB00283FF4EBAD5D48B8
:10E680001FE05A4BD3F8402295037FF5E3ADD3F852
:10E690000801D3F80831C0F30740441C03F040538D
:10E6A000B3F1005F00F0D68100F2CA81002B00F0C8
:10E6B000CE81B3F1805F7FF4CDADFEF71FFCB0FBE0
:10E6C000F4F038BD494DD5F8443103F44013B3F5A7
:10E6D000001F16D00AD8002B00F04F81B3F5801F21
:10E6E0007FF4B8ADBDE83840FEF7C8BCB3F5401FB5
:10E6F0007FF4B0ADFBF7CAFA00283FF4ABADAB6CCA
:10E7000037E1D5F84032DC037FF5A4ADD5F804013C
:10E71000D5F80431C0F30740441CBFE7334AD2F8B0
:10E72000483103F44053B3F5005F10D004D8002BF8
:10E730009AD0B3F5805FD3E7B3F5405F7FF48AAD3D
:10E74000FBF79CFA00283FF485AD2C48B9E7D2F8D6
:10E75000403218057FF57EADD2F8F000D2F8F030E7
:10E76000C0F30740441C99E7204AD2F8483103F02F
:10E770000303022B10D0032B48D0012B09D0FBF749
:10E7800005FAFBF715FB194BD3F84831C3F3031314
:10E79000FFE6FEF773FCF6E7D2F84032D90411D554
:10E7A000D2F8F400D2F8F430C0F3074003F040533D
:10E7B000B3F1005F00F1010425D005D853B1B3F1E6
:10E7C000805F1DD00020DEE7B3F1405FFAD1FEF795
:10E7D00015FC01E0FEF752FBB0FBF4F0D3E700BFFD
:10E7E00014100001141400031408000300800256E2
:10E7F0000090D00300093D000080BB00006CDC02EB
:10E80000FEF77CFBE8E7FEF7B9FBE5E7FBF736FA36
:10E810000028D7D0B448B6E7D5F840325B037FF57F
:10E8200019ADD5F80C01D5F80C31C0F30740441CE4
:10E8300034E7AE4BD3F84C2102F03002202A15D039
:10E8400004D8002A3FF410AF102A49E7302A7FF499
:10E8500001ADD3F8402214077FF5FCACD3F8D0000B
:10E86000D3F8D030C0F30740441C17E7D3F8402258
:10E8700055077FF5EFACD3F8CC00D3F8CC30C0F31C
:10E880000740441C0AE79A48BDE83840FFF7FCBA45
:10E890009848F9E79848F7E79848BDE83840FFF707
:10E8A000FBB99748BDE83840FFF7AEBB9548F9E79C
:10E8B0009548F7E79548F5E78C4AD2F8783103F4A4
:10E8C000E063B3F5407F31D012D8B3F5807F3FF4D9
:10E8D00009AFB3F5007F1DD0002B7FF4BBACFBF775
:10E8E00055F9FBF765FA814B5B6AC3F30233E1E448
:10E8F000B3F5A06F3FF4BEAEB3F5C06F32D0B3F541
:10E90000806F7FF4A7ACFBF7D1F9003818BF012066
:10E91000C003D6E6FBF716FA00283FF49BACFBF7E2
:10E9200019FA724B0446D3F8E430B7E6FBF71CFA49
:10E9300000283FF48FACFBF71FFAD2F8F8300446FA
:10E94000ACE66A4DD5F8503103F04073B3F1007F67
:10E950001BD003D88BB1B3F1807FC1E6B3F1407F08
:10E960007FF478ACFBF792F900283FF473AC5F4B6F
:10E970009B6C6748C3F3C1139CE4FBF707F9FBF7F3
:10E9800017FA6B6AC3F3024394E4D5F840321804D3
:10E990007FF560ACD5F80001D5F80031C0F3074031
:10E9A000441C7BE6B3F5403F7FF454ACFBF7B8F969
:10E9B00000283FF44FACFBF7BBF9D5F8E030044634
:10E9C0006CE6B3F5C02F00F0CF80B3F5E02F0DD08B
:10E9D000B3F5A02F8CE6FBF791F900283FF43AAC91
:10E9E000FBF794F9D5F8DC30044657E6FBF7CEF890
:10E9F0006B6AC3F301635DE43C4AD2F85C3103F017
:10EA00003003202B0FD004D8002B3FF42DAE102B59
:10EA100066E6302B7FF41EACFBF738F900283FF494
:10EA200019AC936CA5E7D2F8403219037FF512AC0C
:10EA3000D2F81001D2F81031C0F30740441C2DE683
:10EA4000B3F1405F7FF406ACFEF7D8FA37E6FEF785
:10EA500015FA34E6FEF792FA31E6244AD2F85C3130
:10EA600003F44073B3F5007F05D0B3F5407F09D0C0
:10EA7000B3F5807F45E75368DB077FF5EBAB4FF4D9
:10EA8000FA401EE6FBF7FAF800283FF4E3ABD2F8B1
:10EA90005C311548C3F3053301337BE51D487AE447
:10EAA0001D48AAE4BDE83840FEF76EBB1B48BDE830
:10EAB0003840FEF703BF1A48F9E71A48F7E71A4843
:10EAC000F5E71A48BDE83840FEF7DABC1848F9E720
:10EAD0001848F7E71848C9E41848C7E41848C5E4D7
:10EAE0001848C3E41848EDE7006CDC0200800256C9
:10EAF0000C0000070C0400070C0800070C100007AE
:10EB00002C0800072C0C00072C1000072C14000701
:10EB10000090D003181800071C040003200400070D
:10EB20002008000720100007201800073000000709
:10EB300030040007300800073010000730180007C5
:10EB4000301C000734000007340400070748BDE804
:10EB50003840FEF7F9BB0648DDE40648BDE838401A
:10EB6000FEF776BB0448F9E70448AAE5140C000355
:10EB70001418000114000003140400030080BB00FB
:10EB800010B5026852E8003F23F4907342E8003168
:10EB900002680029F5D10F4C02F1080353E8003F49
:10EBA000234002F1080C4CE800310029F4D1C36E77
:10EBB000012B07D152E8003F23F0100342E8003157
:10EBC0000029F7D12023C0F88C300023C3664367A7
:10EBD00010BD00BFFEFFFFEF7047704738B5054618
:10EBE00000286DD00368374A93424ED002F170423C
:10EBF00093424AD0344A934247D002F17042934242
:10EC000043D0324A934240D002F1704293423CD00A
:10EC10002F4A934239D002F17042934235D0B3F17A
:10EC2000502F32D002F5806293422ED0294A93426F
:10EC30002BD002F17042934227D0274A934224D02E
:10EC400002F17042934220D0244A93421DD002F137
:10EC50007042934219D0224A934216D002F1704278
:10EC6000934212D01F4A93420FD002F17042934256
:10EC70000BD01D4A934208D002F17042934204D057
:10EC800040F283211948F3F749FB24230024C5F8F7
:10EC900088302B6828461A6822F001021A601C602E
:10ECA0005C609C60FFF799FF2046C5F8904085F8AE
:10ECB0008440C5F88840C5F88C40EC662C6738BDA8
:10ECC0000120FCE7001000520044005000480050B2
:10ECD000004C00500014005200780050007C00509E
:10ECE00000180052001C0052000C00564B6D0234FC
:10ECF000F8B54268B04B04469A4204D94FF44561D6
:10ED0000AE48F3F70BFBA368B3F1805F07D033F491
:10ED1000805304D040F65141A848F3F7FFFA226827
:10ED2000A749E3688A4204D001F170418A4240F069
:10ED3000AF8033F4005304D040F654419F48F3F7BA
:10ED4000EDFA236933F4806207D0B3F5C06F04D0C5
:10ED500040F65C419948F3F7E1FA636933F00C023D
:10ED600000D123B940F65D419448F3F7D7FAA3697F
:10ED700033F4407304D040F65E419048F3F7CEFA86
:10ED8000E36933F4004304D040F65F418B48F3F766
:10ED9000C5FA636A0B2B04D94FF446618748F3F731
:10EDA000BDFA2169A26823680A4361691868E569A8
:10EDB0000A4384492A4301400A431A605A68E168B9
:10EDC00022F440520A435A607D4AA169934205D019
:10EDD00002F1704293421CBF226A11439A6822F0EA
:10EDE0006E4222F430620A439A60DA6A616A22F063
:10EDF0000F020A43DA62744A93427AD0734A93420A
:10EE000000F09C8002F58062934200F09B8002F546
:10EE10008062934200F09A80B3F1502F00F09A8004
:10EE20006B4A934200F09A806A4A934200F09A80BB
:10EE300002F58062934200F09980674A934200F0A5
:10EE4000998002F58062934200F098805C4A934278
:10EE50002ED002F1704293424FF000004FF00001BB
:10EE60004AD1FFF7B3F9002841D0616A5B4A65686F
:10EE700032F8112005EB4501B0FBF2F399421BD9A2
:10EE800001204FF00113A3660023C4E91D33F8BD30
:10EE900033F4405304D040F658414848F3F73EFA63
:10EEA000236A33F400633FF44CAF40F6594145E721
:10EEB0004FF400000021D4E7B3EB053FE0D8002376
:10EEC0001946F2F793FC06460F4656EA0F276808E4
:10EED00030182A464FF0000347F10001F2F786FC94
:10EEE0003F4BA0F540729A42CAD82368D8600020F0
:10EEF000C7E700204FF48071B5F5004F42D1FFF70E
:10EF000065F90028F3D0616A344B626833F8113038
:10EF1000B0FBF3F0530803EB4003B3FBF2F34FF6FF
:10EF2000EF72A3F110019142AAD823F00F022168D9
:10EF300092B2C3F342031343CB60D8E700204FF4EF
:10EF40000071D9E700204FF48061D5E700204FF42D
:10EF50000061D1E700204FF48051CDE700204FF44D
:10EF60000051C9E700204FF48041C5E700204FF46D
:10EF70000041C1E700204FF48031BDE700204FF48D
:10EF80000031B9E7FFF722F90028B0D0616A134BCE
:10EF9000626833F81130B0FBF3F303EB5203B3FBB9
:10EFA000F2F34FF6EF72A3F1100191423FF668AF12
:10EFB0002268D3609BE700BF1FBCBE004B6D0234CC
:10EFC000000C0056F369FFCF0010005200440050BF
:10EFD000001400520078005000180052926D023464
:10EFE000FFFC0F00836A10B5FF2B044604D940F6DE
:10EFF000E5417E48F3F792F9A36A18070FD5A36B92
:10F0000033F4004304D040F6EA417848F3F786F938
:10F010002268A16B536823F400430B435360A36A37
:10F02000D9070FD5E36A33F4003304D040F6F14139
:10F030006E48F3F773F92268E16A536823F40033EA
:10F040000B435360A36A9A070FD5236B33F48033C5
:10F0500004D040F6F8416548F3F760F92268216B67
:10F06000536823F480330B435360A36A5B070FD5C7
:10F07000636B33F4802304D040F6FF415B48F3F721
:10F080004DF92268616B536823F480230B4353606E
:10F09000A36AD8060FD5E36B33F4805304D040F64F
:10F0A00006515248F3F73AF92268E16B936823F46A
:10F0B00080530B439360A36A99060FD5236C33F4F6
:10F0C000005304D040F60E514848F3F727F9226860
:10F0D000216C936823F400530B439360A36A5A0690
:10F0E0006FD52368424A934247D002F1704293425F
:10F0F00043D0404A934240D002F1704293423CD008
:10F100003D4A934239D002F17042934235D03B4A96
:10F11000934232D002F1704293422ED0B3F1502F7D
:10F120002BD002F58062934227D0354A934224D0F7
:10F1300002F17042934220D0324A93421DD002F134
:10F140007042934219D0304A934216D002F1704275
:10F15000934212D02D4A93420FD002F17042934253
:10F160000BD02B4A934208D002F17042934204D054
:10F1700040F616511D48F3F7D1F8636C33F4801351
:10F1800004D040F617511948F3F7C8F82168626CAB
:10F190004B68B2F5801F23F4801343EA02034B60EF
:10F1A0000FD1A36C33F4C00304D040F61C510F48B8
:10F1B000F3F7B4F82268A16C536823F4C0030B433F
:10F1C0005360A36A1B060FD5E36C33F4002304D00D
:10F1D00040F624510548F3F7A1F82268E16C536822
:10F1E00023F400230B43536010BD00BF4B6D02346A
:10F1F000001000520044005000480050004C0050E5
:10F200000014005200780050007C0050001800529A
:10F21000001C00522DE9F84304460D461746984657
:10F22000DDF820902268D36935EA03030CBF01237F
:10F230000023BB4201D0002022E0B9F1FF3FF2D011
:10F24000F4F722FAA0EB0800484529D8B9F1000FDD
:10F2500026D021680B685A07E4D5802DE2D0402DD6
:10F26000E0D0CE6916F008060CD0082520460D62C5
:10F27000FFF786FC00230120C4F8905084F8843006
:10F28000BDE8F883CB691B05CCD54FF4006320465D
:10F290000B62FFF775FC202384F88460C4F890307B
:10F2A0000320EDE72DE9F7431F46D0F888300446E8
:10F2B000202B0D46164648D1002948D0002A46D0BA
:10F2C00021234FF00009C0F89090C0F88830F4F77F
:10F2D000DBF9A368A4F85460B3F5805FA4F8566026
:10F2E00080464E4604D123694B4504BF2E461D4639
:10F2F000B4F85620434692B2009742B940212046C6
:10F30000FFF788FF202348B9C4F8883009E00022BD
:10F3100080212046FFF77EFF30B120230320C4F870
:10F32000883003B0BDE8F08322685DB936F8023B4F
:10F33000C3F308039362B4F85620013A92B2A4F8DA
:10F340005620D5E715F8013BF4E70220E9E7012054
:10F35000E7E773B500260446C0F89060F4F794F927
:10F36000236805461B681A071CD56FF07E4332469A
:10F3700000934FF4001103462046FFF74BFF88B17E
:10F38000226852E8003F23F0800342E80031002960
:10F39000F6D12023C4F888300320002384F8843079
:10F3A00002B070BD23681B685B0724D56FF07E43F5
:10F3B000002200934FF480012B462046FFF72AFFDE
:10F3C000C8B1226852E8003F23F4907342E800314C
:10F3D00022680029F5D102F1080353E8003F23F029
:10F3E000010302F1080040E800310029F3D1202395
:10F3F000C4F88C30D0E720230020C4F88830C4F84B
:10F400008C30E0662067C8E710B50446002800F09D
:10F41000D08081690368684A00297CD093424ED02D
:10F4200002F1704293424AD0644A934247D002F1BB
:10F430007042934243D0624A934240D002F17042FC
:10F4400093423CD05F4A934239D002F170429342DA
:10F4500035D0B3F1502F32D002F5806293422ED0D6
:10F46000594A93422BD002F17042934227D0574A17
:10F47000934224D002F17042934220D0544A9342E6
:10F480001DD002F17042934219D0524A934216D0D5
:10F4900002F17042934212D04F4A93420FD002F1D0
:10F4A000704293420BD04D4A934208D002F1704211
:10F4B000934204D04FF4A0714948F2F72FFFD4F8DB
:10F4C000883023B9204684F88430FFF785FB242355
:10F4D0002268C4F88830136823F001031360A36A1C
:10F4E00013B12046FFF77EFD2046FFF701FC0128FF
:10F4F0005FD023682046BDE810405A6822F490424D
:10F500005A609A6822F02A029A601A6842F0010250
:10F510001A60FFF71EBF9342D1D0324A9342CED039
:10F52000264A9342CBD002F170429342C7D0244A7C
:10F530009342C4D002F170429342C0D0214A934218
:10F54000BDD002F170429342B9D0B3F1502FB6D082
:10F5500002F580629342B2D01B4A9342AFD002F1CF
:10F5600070429342ABD0194A9342A8D002F1704244
:10F570009342A4D0164A9342A1D002F17042934222
:10F580009DD0144A93429AD002F17042934296D091
:10F59000114A934293D002F1704293428FD00F4AA6
:10F5A00093428CD002F17042934288D040F24511D0
:10F5B00082E7012010BD00BF00100052004400503F
:10F5C00000480050004C00500014005200780050D9
:10F5D000007C005000180052001C0052000C005625
:10F5E0004B6D02340010004202682DE9F0471368A9
:10F5F000054623F04053136083680C467BB94B6883
:10F6000033F0404304D040F6A2418648F2F786FE2C
:10F610002A686168136823F040430B431360236832
:10F620002A68022B6FD102F5C07102F5C47602F58B
:10F63000C87002F5D073A76C0F60E76A67B1A76A5C
:10F640001F60676BE36AD1F800C03B43276B3B4305
:10F650002CF47C173B430B603368676C23F01F036B
:10F660003B433360D4F838A0BAF1000F0ED02368C2
:10F6700013B9E36B013B1364236CB3F1006F56D1F4
:10F68000D2F8083123F08043C2F80831E368D4F897
:10F690001C90002B00F09780D4E904E8B9F1000F2A
:10F6A0006DD0D4E9087C0E68BAF1000F48D04AEA60
:10F6B000030343EA090343EA080343EA0E0343EA68
:10F6C0000C033B43276C3B43574F37403B430B6096
:10F6D000A3680360A36921689364002946D00026CB
:10F6E000A36B6BB123685BB9E36B2A68013B1364BE
:10F6F000126C934204D040F664514A48F2F70EFE71
:10F700003046BDE8F087032B01BF02F5A07102F57A
:10F71000A47602F5A87002F5B0731FBF02F58071E0
:10F7200002F5847602F5887002F5907383E7AB6A80
:10F73000B3F1804FAAD1D2F8083143F08043A3E758
:10F7400043EA090343EA080343EA0E0343EA0C03CE
:10F7500026F47C563B4326F03F0633430B60636937
:10F76000082BB5D10B6843F00063B0E7926C93426D
:10F77000B5D040F611512B48F2F7D0FDAFE70A683B
:10F78000BAF1000F10D04AEA0303266C43EA0803DB
:10F7900043EA0E0322F07062334322F03F02134328
:10F7A0000B60A36803609AE743EA080343EA0E0389
:10F7B00022F03F0213430B606369082BF1D10B6801
:10F7C00043F00063ECE7B9F1000F27D0D4E90870EB
:10F7D000BAF1000F19D04AEA09030E680343206CFE
:10F7E0003B43034326F0706020F47C5003430B60DE
:10F7F000A3692168936400297FF471AF926C9342EE
:10F800003FF46DAF40F65151B5E70B6840EA09008F
:10F81000384323F47C5318430860E9E708230126A2
:10F82000EB655DE7AA6D0234C0C0FFF02DE9F04141
:10F8300004460E4615461F46DDF818802268136AF6
:10F84000334214BF01230023AB4201D1002011E059
:10F85000B8F1FF3FF3D0F3F717FFC01B404502D8C4
:10F86000B8F1000FEAD102230320A365E36D43F052
:10F870000103E365BDE8F08170470000F7B5044679
:10F88000F3F702FF0646002C00F01F81A36833F057
:10F89000400304D040F261118D48F2F73FFDE36868
:10F8A00033F0407209D023F00073B3F1806F04D0BD
:10F8B0004FF4B1718648F2F731FD23691F2B04D94B
:10F8C00040F263118248F2F729FD6369013B3F2B47
:10F8D00004D94FF4B2717E48F2F720FDA36933F0EA
:10F8E000020304D040F265117948F2F717FDE3698D
:10F8F000012B04D94FF4B3717548F2F70FFD236A59
:10F9000033F400320CD0B3F5403F09D023F48033F8
:10F91000B3F5802F04D040F267116D48F2F7FEFC7A
:10F92000636AFF2B04D94FF4B4716948F2F7F6FC0F
:10F93000A36A33F0804304D040F269116448F2F7BF
:10F94000EDFC236B1F2B04D94FF4B5716048F2F71F
:10F95000E5FC6368013B3F2B04D940F26B115C4826
:10F96000F2F7DCFC636BFF2B04D94FF4B6715848F7
:10F97000F2F7D4FCE36B33F0807304D040F26D11E6
:10F980005348F2F7CBFC236C33F4001304D04FF44C
:10F99000B7714F48F2F7C2FC0023E365A76D002F53
:10F9A00040F085802046FFF767FF41F28832E36927
:10F9B000E56821681D432369886845EA0345454B8E
:10F9C000226603401D436369206A013B45EA032523
:10F9D0008D60CB6823F4E0230343CB600B69206B7D
:10F9E00023F4F81343EA00430B610B69606B23F0C7
:10F9F000FF0303430B61A36B60684B610B68013825
:10FA000023F47C5343EA00230B60204600923346E4
:10FA10003A462021FFF70AFF002854D12368616A83
:10FA2000DA6822F0FF020A43DA602B4A934240D0A0
:10FA300002F1704293423CD0284A934239D002F1FD
:10FA40007042934235D0264A934232D002F170423E
:10FA500093422ED02368A2681968E06B21F0807170
:10FA600021F0400102430A431A60D3F80821A16A39
:10FA700022F080420A43C3F808211A6842F00102CA
:10FA80001A60A269022A03D19A6842F002029A60BF
:10FA9000226CB2F5001F02BF9A6842F400129A600D
:10FAA000E368B3F1806F0CBF01230223A36500203C
:10FAB00009E0236E00220093202133462046FFF701
:10FAC000B5FE0028C6D003B0F0BD0120FBE700BFA3
:10FAD000AA6D0234FCC0E0F80050025800A00258A1
:10FAE00000D00258704710B5044668B103681A6820
:10FAF00022F001021A609A6822F002029A60FFF76F
:10FB0000F1FF0020A06510BD0120FCE7F7B50C4611
:10FB100005461746F3F7B8FD23680646032B04D9BC
:10FB20004FF44F718448F2F7F9FBAB6843B963684F
:10FB300033F0404304D040F23F317F48F2F7EEFB10
:10FB4000E368042B04D940F242317B48F2F7E6FB2C
:10FB5000E3688BB1236933F0300304D040F24531C0
:10FB60007548F2F7DBFB636933F0080304D040F219
:10FB700046317148F2F7D2FBE36903B323F4007214
:10FB8000B2F5807F0DD1236A33F440532CD1636AE0
:10FB900033F4006313D040F24D316748F2F7BEFBF7
:10FBA0000DE0B3F5007FEED0B3F5806FEBD040F2FF
:10FBB00049316148F2F7B2FBE369002BE3D1E36A14
:10FBC00033B323F40032B2F5803F13D1236B33F407
:10FBD00040133DD1636B33F4002319D04FF45571BA
:10FBE0005548F2F79BFB13E04FF453715248F2F77C
:10FBF00095FBCCE7B3F5003FE8D0B3F5802FE5D017
:10FC00004FF454714C48F2F789FBE36A002BDDD1C5
:10FC1000EB68A16BB3F1806F20D189B321F08071C3
:10FC2000B1F1806F24D12368002B3DD0236C33F0D9
:10FC3000006304D040F25F313F48F2F76FFB636C22
:10FC40001F2B1DD94FF458713B48F2F767FB17E0A3
:10FC500040F253313848F2F761FBBBE781B121F044
:10FC60000073B3F1807FDED0B1F1007FD6D1DAE747
:10FC700040F257313048F2F751FBA36B002BD2D141
:10FC8000A36C33F0005304D040F263312A48F2F7FA
:10FC900045FBAB6D022B10D1EB68B3F1806F12D135
:10FCA00010230120EB6528E0E36B002BBED140F26E
:10FCB0005D312148F2F732FBB8E7142B1FD12368DE
:10FCC000023B012BECD83346002220212846009726
:10FCD000FFF7ACFD70BBE86521462846FFF784FCC2
:10FCE00058B9A36B9BB9024633462021284600979A
:10FCF000FFF79CFD02222B685A6203B0F0BD242B53
:10FD0000CED1236823F00203012BC9D1DBE723689E
:10FD10000BB9042305E0012B05D1AB6D242BF8D0E2
:10FD20001423AB65E9E7022BE7D1AB6D142BF0D0C0
:10FD30002423F6E70220E0E7AA6D02342DE9F3411F
:10FD4000044688461646F3F79FFC27680546B8F137
:10FD5000000F03D108230120E3652EE0A36D042BDF
:10FD60002ED13B6CC4F844800133E364E36CA3649C
:10FD70003B6823F040533B602B4601220421204680
:10FD80000096FFF753FDC0B9636C1B7887F85030BD
:10FD9000636C01336364E36C013BE364E36C002B4D
:10FDA000EAD12B460122022120460096FFF73EFDB4
:10FDB00018B9022322685362A36502B0BDE8F0813E
:10FDC0001023C8E72DE9F341044616468846F3F7A9
:10FDD0005BFC25680746AA6CD5F81001B8F1000F46
:10FDE00003D108230120E36535E0A36D042B3DD149
:10FDF0002B6CC4F844800133E364E36CA36429688A
:10FE0000E36821F0405141F08051B3F1806F2960E7
:10FE100024D1AA643B460122062120460096FFF722
:10FE200005FDC0B995F85020636C1A70636C0133FE
:10FE30006364E36C013BE364E36C002BEAD13B4673
:10FE40000122022120460096FFF7F0FC18B9022398
:10FE500022685362A36502B0BDE8F081D5F8003195
:10FE600013F4E06FD5D1C5F81001D3E71023B9E73B
:10FE70002DE9F34704460D461746F3F705FC2368C2
:10FE80000646D3F84880D3F81091D3F840A0AB6869
:10FE900033F4000304D040F232713248F2F73EFAF4
:10FEA000EB6833F4800304D040F233712D48F2F74D
:10FEB00035FA2B69B3F5803F04D340F234712948F9
:10FEC000F2F72CFABAF1030F04D940F23571254844
:10FED000F2F724FAA36D042B3ED1EB68B3F5800F43
:10FEE0003AD133460022202120460097FFF79EFC9E
:10FEF000002835D12B682168C1F888306B68C1F8BB
:10FF000080302B69C1F890300A68D5E902351D436D
:10FF100022F043531D43E36845F00055B3F1806F71
:10FF20000D6011D1C1F848803346012208212046D6
:10FF30000097FFF77BFC20B9082223685A6202234E
:10FF4000A36502B0BDE8F087D1F8003113F4E06F8B
:10FF5000E8D1C1F81091E7E710230120E365F0E74D
:10FF60000220EEE7AA6D023473B50C460546F3F79E
:10FF70008BFB2368064633F0080304D040F2C671B9
:10FF80002F48F2F7CBF9A36833F0007304D040F2A6
:10FF9000C7712B48F2F7C2F9AB6D042B4BD12B6E16
:10FFA00000220093202133462846FFF73FFC0646F7
:10FFB00058BB8823AB65A368B3F1007F28D12A68BA
:10FFC000136843F0007313602368082B12D1636831
:10FFD000B3F5803F04D340F2E3711948F2F79EF97C
:10FFE0002B686268C3F8302110225A621A6842F402
:10FFF00080121A602A682168136823F0405323F0A6
:02000004701179
:1000000008030B4343F040531360304602B070BD09
:10001000E36833F0806304D040F2DB710848F2F704
:100020007DF9D4E90230296803430A6822F0C062EE
:1000300013430B60C8E710230126EB65E5E700BF1B
:10004000AA6D023473B50446F3F71EFBA36D054693
:10005000002B41D023681A6852070DD51A68206D0D
:1000600022F004021A60F6F74BF808B10423E365A6
:10007000606DF6F745F830BB00202268136A13F074
:10008000200F136822D043F002031360236E012275
:10009000009302212B462046FFF7C8FB88B90226B1
:1000A000236802465E62236E2021009320462B4681
:1000B000FFF7BCFB28B92268136823F04053136094
:1000C000A66502B070BD0423E365D6E723F0405374
:1000D00013600223A365F4E710230120E365F0E732
:1000E000FF2938B504460D4604D940F69121094848
:1000F000F2F714F9A06D10F0080007D122686562CC
:10010000D36823F0FF032B43D36038BD10230120B5
:10011000E365FAE7AA6D023470B504460D46F3F7BD
:10012000B3FA06462CB122681B4B9A4203D0012336
:100130006360012070BDB5F5BC7FF8D26B0903F593
:10014000087352F82310012305F01F0083400B426F
:100150001FD1D2F8043C23F4C34323F07F032B4385
:10016000C2F8043C2368D3F8442ED20709D4D3F84C
:10017000440E10F48C00DDD0D3F8443E03F48C031D
:10018000D6E7F3F781FA801BB0F57A7FEAD90A2324
:10019000CEE70423CCE700BF0090005670B50E46B2
:1001A0001546044630B11AB10268094B9A4203D091
:1001B00001236360012070BDB1F5BC7FF8D2FFF769
:1001C000ABFF0028F6D1236853F826302B60F2E706
:1001D000009000562DE9F74304460E46174699460F
:1001E000F3F752FA80462CB12268284B9A4205D088
:1001F00001236360012003B0BDE8F08339F480433C
:1002000004D04FF4DD712248F2F788F8B6F5BC7FD0
:10021000EED22268730903F5007352F8231001230C
:1002200006F01F0083400B422ED1C2F8087CD2F8A2
:10023000045C25F4C34525F07F05354345EA0905EF
:1002400045F40055C2F8045C2368D3F8442ED20765
:1002500006D4D3F8443EDB030BD54FF48033C8E714
:10026000F3F712FAA0EB0800B0F57A7FECD90A2375
:10027000BFE73146204601AAFFF790FF0028B9D119
:10028000019BBB42E9D1B6E70423B2E700900056D8
:10029000F06D0234044B82B0C3F85C0AD3F85C32D0
:1002A0000193019B02B070470080025670B504466E
:1002B00086B02020FFF7EEFF00231026039305935E
:1002C0000123CDE901630323064D01A928460493C8
:1002D000F5F760FF224631462846F6F7A3FA06B046
:1002E00070BD00BF00140256044B82B0C3F85C0A14
:1002F000D3F85C320193019B02B070470080025634
:100300002DE9F04F8BB018B900200BB0BDE8F08F8D
:10031000714B40F6F61503EB5003B3FBF0F303EB20
:100320004304A5EB8305194600934FEA43080023D5
:100330004FF0100B9A46DFF8A8C1C4F1FF2404F572
:100340007F04E234DCF8002024EAE47425EAE57551
:100350008E46002740F279308645029707F1010763
:1003600054D900261020B1460190B44247D8B54276
:1003700045D39B4543D0142000FB02FB5748013274
:1003800000EB0B0A40F80B3002987F2ACAE90109FA
:1003900032D9CCF80020DCF800300026059342F278
:1003A00010734FF0FF320293C8F5905E08F13203EC
:1003B000A8F5115B494909930EF10C0EABF10A0B3C
:1003C000059B9E422ED17F2A9ED814214A43434B3F
:1003D0009918087C9B5840EA03704B681B0503F48E
:1003E000700318438B681B0403F470231843CB6815
:1003F0001B029BB2184388E79B464FF0010A019805
:1004000009F1010901380E440190AED1102F8E443C
:10041000A0D100980133102B014499D1BAF1000FFB
:10042000B7D1B8E7002700980B6803FB00030998D1
:10043000AEEB03041844039060000190039C0BEBA7
:100440000300089041F25C208442079707F10107FE
:1004500036D90098A4F13205B0EB950F30D2089848
:100460004FF0000905194FF48070DDF80480DDF8C5
:100470000CC0049041F2470005F2836A8245CDF832
:10048000189009F1010913D8BCF57A6F10D30098C0
:1004900060450DD2002DACBFAA46C24602988245E7
:1004A00006D2079ACDF808A00A61069ACA603246B9
:1004B00004989C4401381D44A8EB03080490D9D14A
:1004C0000198B7F5807FA0EB03001C440190B9D1DF
:1004D0000136143174E700BF00CA9A3B38DC05349A
:1004E00034DC05340E4A08B51368013B13600BB1C8
:1004F000002008BD4FF400710A48F6F765F80A4875
:100500000221F6F761F84FF40012084B0848C3F8CF
:100510006422F6F7FDFB0028EAD06FF00700E8E759
:1005200038E60534001C02560008025600900256B8
:10053000E0DB05340023012210B54160C0E902323E
:10054000C0E90433C0E9063303620446F6F71EFB34
:10055000014608B1012010BD2046F6F7F3FD014623
:100560000028F7D12046F6F747FE003818BF0120D3
:10057000F1E700002DE9F041284B294E86B03360A9
:10058000284B1A681AB1002006B0BDE8F08101229C
:1005900030461A60F6F7D0FD04460028F3D1F8F78C
:1005A0007BFA8020FFF7A0FE0420FFF79DFE0227C4
:1005B0004FF4007305464FF012080DEB0001059053
:1005C0001948CDE9013803940497F5F7E3FD17487E
:1005D0000DEB0501CDE90178CDE903470595F5F768
:1005E000D9FD4FF40013124AC2F8643AD2F86412EB
:1005F00000910099C2F8243A02F58052C2F82432E0
:10060000F9F7D2FAFFF77CFE01463046FFF792FF7A
:100610000028B8D06FF00700B6E700BF00540050C4
:10062000E0DB053438E60534001C025600080256AB
:10063000008002561FB54FF47A740092CDE9013460
:100640000A46022301460848F6F7AAFB002340B1F8
:100650000548F6F774FD042814BF6FF003036FF02C
:100660006503184604B010BDE0DB05341FB54FF438
:100670007A740092CDE901340A4602230146084803
:10068000F6F772FC002340B10548F6F758FD042840
:1006900014BF6FF003036FF06503184604B010BD7C
:1006A000E0DB0534F2F7F0BF024B00201B6A0B6061
:1006B000704700BFC0E70534024B00205B6A0B6047
:1006C000704700BFC0E7053408B5054B1B6E13B17A
:1006D0000448984708B9002008BD8320FCE700BF04
:1006E0004CE7053448E60534002170B5464B96B01A
:1006F0004FF4827204461846CDE90111CDE9031189
:10070000CDE9051105F0C0FC342202803F4A404982
:10071000C0F8E4203F4AC0F8E8203F4AC0F8F02083
:100720003E4AC0F8EC203E4AC0F8F4203D4AC0F8EA
:10073000F8203D4AC0F8FC203C4AC0F800213C4A61
:10074000C0F8DC203B4AC0F8C8203B4AC0F8CC20A7
:100750003A4AC0F8D0203A4AC0F8D420394AC0F802
:10076000C42001F0DDFC00284BD1374B1B7813F07F
:10077000FD0F46D12368264D0BB163683BB92B6E44
:10078000214807A99847109B2360119B636021466D
:100790002B681D489847002833D102212B6C1A483A
:1007A000984770BBA1686B6C17489847044640BBDC
:1007B00001234FF40072CDE901232C231C4801A929
:1007C0000393F3F733FA20B16FF00304204616B019
:1007D00070BD032221461648F3F79CFB0028F3D195
:1007E0002B232546CDE90534114E04942946304685
:1007F00004AAF3F7D7FA0028E6D10135032DF5D185
:10080000E4E76FF00404E1E748E6053475050134D8
:100810004CE70534E50401346D0601343506013436
:10082000A506013495360034610801344D080134C1
:10083000B4E70534D90B0134A90601341D0C013489
:10084000B9060134C906013400E80534021E18BF98
:10085000012204210148F5F7E5BF00BF000C025654
:10086000021E18BF01224FF480710148F5F7DABF6C
:100870000008025670B588B01422002103A805F0C4
:1008800003FC0823134C0125C4F85C3AD4F85C320D
:1008900000260293029BF8F7FFF80423C4F85C3AA1
:1008A000D4F85C220324019203A90B48019A039314
:1008B000CDE904560694F5F76DFC4FF480730748B4
:1008C00003A9CDE9045603930694F5F763FC08B039
:1008D00070BD00BF00800256000C02560008025690
:1008E00000487047B4E705342DE9F043002604467C
:1008F00093B00DF130080D46174631461822404698
:10090000CDE9046602960696039605F0BDFB142217
:10091000314607A80DF1080905F0B6FB5CB9214680
:100920004F4804AAF3F72EFB00287CD06FF0040098
:1009300013B0BDE8F083CDE900984A482A46D0E9D3
:10094000000107AB00F0ACFADDE90932134315D022
:100950002146434807AAF4F7E1F80028E6D12146EA
:100960003F48F4F781F90028E0D1DDE90232134372
:1009700009D121463A48F4F7A5FA0FE02146384854
:10098000F4F7B2F9EFE74A4621463548F4F72CFA76
:100990000028CBD121463248F4F772FA0028C5D19D
:1009A000424621462E48F4F7AFFA2D4E0028BDD11D
:1009B00021463046F4F736FB0028B7D12B69214693
:1009C0003046002B31D0F5F7DDF90028AED16B6948
:1009D000002B2DDA022C0FD1DFF88C80D8F80030F4
:1009E00053B921461E48F5F71DFA00289ED1D8F8C4
:1009F00000300133C8F800300023EA6804932B6804
:100A0000264453430F3323F00F03AA6805937379E9
:100A10000692C3B92146124804AAF3F7B3FA002894
:100A200084D1059B3B60002082E7F5F7D3F9CCE742
:100A300021460B4804D0F4F717FB0028CAD075E70D
:100A4000F4F734FBF9E721460548F5F769F9002882
:100A50007FF46CAF2146059A0148F5F72BF9DEE7E4
:100A6000B4E7053404E805343CE6053402280B46B7
:100A700013B515D8014600920E480022F3F722FB69
:100A800088B90D4C236813B1002002B010BD0B4B88
:100A90000B489B68984748B9236801332360F3E704
:100AA0006FF00100F1E76FF00300EEE76FF0040074
:100AB000EBE700BFB4E7053440E605344CE7053406
:100AC00048E605342DE9F041012186B02E48F5F7BE
:100AD00007FB70B902212C48F5F702FBA8B92A4898
:100AE000F3F774F860B9294D2B68002B15DC002052
:100AF00008E0002201212448F3F728FB0028E9D070
:100B00006FF0030006B0BDE8F081002202211E480C
:100B1000F3F71CFB0028E2D0F2E71D4B1D485B6891
:100B20009847044660BB04274FF001084FF48076D5
:100B3000CDE9030005900DEB07011748CDE90178D9
:100B4000F5F728FB15480DEB0701CDE90284019666
:100B5000F5F720FB224639460F48F5F763FE22469B
:100B600031460E48F5F75EFE2B680D4A013B2B60BF
:100B70001368013B13600B4A1368013B1360B6E72F
:100B80006FF00400BEE700BFB4E7053444E6053467
:100B90004CE7053448E60534000C025600080256BE
:100BA00040E605343CE60534084B10B59B6C044622
:100BB00033B101460648984728B9064B1C6210BD60
:100BC0006FF00A00FBE76FF00400F8E74CE705342C
:100BD00048E60534C0E70534084608B5FFF7E4FFEA
:100BE000002814BF7920002008BD0000084B10B574
:100BF000DB6C044633B101460648984728B9064BDA
:100C00005C6210BD6FF00A00FBE76FF00400F8E7CC
:100C10004CE7053448E60534C0E70534084608B516
:100C2000FFF7E4FF002814BF8320002008BD000068
:100C300008B5074B01461B6E33B10648984700289C
:100C400018BF6FF0040008BD6FF00A00FBE700BF9B
:100C50004CE7053448E60534F0B504460D4600215E
:100C600097B03C2207A8069105F00EFA2368274F9B
:100C7000019363680293A3680393E3680493636931
:100C8000059385B12B7873B104353B700695204DE3
:100C9000204B28462B60F2F7DFFA38B16FF00306DD
:100CA000304617B0F0BD00233B70F0E72846F2F75E
:100CB00067FF0028F2D1FFF7DDFD01A8FFF714FD63
:100CC000064610B16FF00606EAE7022307A83B705C
:100CD000FFF7AEFF0530F5D01498FFF787FF05301A
:100CE000F0D01298FFF760FF0530EBD0019B0A4D62
:100CF0002360029B63600FCC0FC5084A94E8030091
:100D0000136885E8030001331360C9E700E8053480
:100D1000B4E705340020005804E8053444E60534FF
:100D2000034BDB680BB1034818471846704700BFF8
:100D30004CE7053448E6053400207047054B10B5F4
:100D40001B690C460BB1044898472046FFF7F4FF97
:100D500010BD00BF4CE7053448E60534054B10B51F
:100D60005B690C460BB104489847204601F0F4FA41
:100D700010BD00BF4CE7053448E60534042330B508
:100D80001B4C85B0C4F87C3AD4F87C2204F580551D
:100D90000392039AC4F8BC3AD4F8BC220721029209
:100DA000029A3020C4F83C3A0022C5F83C32F2F7EF
:100DB000AFFC3020F2F70AFD4023C4F87C3AD4F8A7
:100DC0007C2207210192019AC4F8BC3AD4F8BC22D3
:100DD0002F200092009AC4F83C3A0022C5F83C3219
:100DE000F2F796FC2F2005B0BDE83040F2F7EEBCDC
:100DF0000080025670B504250B4E302006F5805455
:100E0000C6F83C5AC4F83C52F2F7F4FCC4F87C52E1
:100E100040252F20C6F83C5AC4F83C52F2F7EAFCB1
:100E2000C4F87C5270BD00BF0080025608B5B2EE17
:100E3000007A0123F6EE006AD0ED007AF4EEC77A6C
:100E4000F1EE10FA08DA013B072B1AD8DFE803F0BD
:100E50001F0A190F1919191467EEA67A5B00C0ED65
:100E6000007AE9E700290CBF0220082008BD00290C
:100E70000CBF04201020F9E700290CBF0620182021
:100E8000F4E77721034B044A044804F009F90020F1
:100E9000ECE700BF6D7802346E6E0234366E0234B9
:100EA000F7B51446DDE908566768926906EE907A50
:100EB00007EE100A07EE901AB8EE665A002A40F0C4
:100EC0008E80D4ED006AB8EE476AF8EE664AF8EE16
:100ED000676A86EE244AC6EE855AB4EE654AF1EE9C
:100EE00010FA48BFF0EE445AB7EE004AF4EEC45A86
:100EF000F1EE10FA05DA4F214F4B504A504804F0FA
:100F0000CFF89FED504AF4EEC45AF1EE10FA03D434
:100F100050214D4B494AF1E724EEA54AB4EEC46A8C
:100F200065EE255AF1EE10FAF4EEE56ACCBFBCEEA0
:100F3000C46ABCEEC66AF1EE10FA014616EE102A3B
:100F4000CCBFFCEEE56AFCEEE66A0131891A49087D
:100F5000596017EE901A16EE902A83ED036AC3EDDE
:100F6000026AB8EE466AF8EE666A0131891A002212
:100F7000C6EE245A86EE857A490819601A61002166
:100F800068468DED017ACDED005AFFF74FFF012144
:100F9000686001A8FFF74AFF9FED2C7ADDED007A2B
:100FA00067EE877AFCEEE77A286017EE903A2068C1
:100FB000C6ED037ADDED017A67EE877AFCEEE77A1B
:100FC00017EE902A2249C6ED027AB1FBF3F3B1FB8A
:100FD000F2F1C6E900707361316103B0F0BD012A1E
:100FE0000CD1D4ED006AB8EE477AF8EE666AC7EE27
:100FF000265AF8EE677A87EE857AC0E7022A06D18C
:10100000F8EE677A87EE857AF0EE475AB7E7E1693E
:1010100094ED007A07EE901AB8EE477AF8EE677A08
:10102000606A226A5860A06AC7EE875AD96007EEE4
:10103000902A9A601860DCE7586E0234996E023488
:10104000366E023400008042636E023400000046B7
:10105000FFFF7F00044B82B0C3F85C0AD3F85C3218
:101060000193019B02B070470080025630B5204CBE
:1010700085B0A27861781F4800F010FC18B16FF0BD
:10108000040005B030BD00904FF44073A278617841
:10109000184800F07DFC0028F1D1A278617815484D
:1010A00000F0FCFB03460028E9D101250095A27859
:1010B0006178104800F06CFC04460028DFD128203D
:1010C000F2F7E8FA224629460A4800F0C6FA034633
:1010D0000028D4D103AA009229460246054800F010
:1010E000AEFC0028CBD19DF80C30AB42C9D0C6E78E
:1010F0001CE8053420E8053430B5274D274C85B071
:101100002046AA78697800F0C9FB18B16FF0040096
:1011100005B030BD00904FF440732046AA7869783E
:1011200000F036FC0028F1D12046AA78697800F05A
:10113000B5FB03460028E9D1022200922046AA7896
:10114000697800F025FC0028E0D12820F2F7A2FA07
:101150004FF08073E3604FF080532046E362FEF768
:101160008DFBA8B901222046114600F076FA03460D
:101170000028CBD103AA009201222046114600F09C
:101180005EFC0028C2D19DF80C30022BC0D0BDE718
:101190006FF00300BCE700BF1CE8053420E805340D
:1011A00001230F4A4FF0020CC0E900230B684A6884
:1011B000036100234262C3628A68C0E905C3C36158
:1011C000036383600362CB688262012B4FF08073FC
:1011D000C36004BF4FF08053C362FEF74FBB00BF34
:1011E00000A00258014610B5B0B90D4C0D48FEF7ED
:1011F00077FFA37861785BB901220A4800F091FA81
:1012000010B16FF0040010BD022300202370FAE734
:10121000044800F0F3FAF3E76FF00100F3E700BFD2
:101220001CE8053420E8053410B550B9094C237882
:10123000022B09D10848FEF705FF40B901232370AE
:1012400010BD6FF00100FBE76FF01A00F8E76FF0D8
:101250000300F5E71CE8053420E8053438B500281C
:1012600055D12C4D2B781C46002B47D0022B47D054
:10127000002329482B706B70AB70FEF734FC4021C3
:101280000028264814BF6FF003040024F5F79CF9EA
:1012900001212248F5F798F902212048F5F794F941
:1012A00004211E48F5F790F908211C48F5F78CF940
:1012B00010211A48F5F788F920211848F5F784F924
:1012C0004FF480711548F5F77FF94FF4007113481A
:1012D000F5F77AF94FF480611048F5F775F94FF496
:1012E00000610E48F5F770F94FF480530C4AC2F8CC
:1012F000203A1A44C2F82032C2F86032204638BD83
:10130000FFF792FF0028B3D06FF00404F6E76FF008
:101310000104F3E71CE8053420E8053400340256E4
:10132000008002562DE9FF410D46164600285FD188
:10133000324C2378022B5ED06378012B4FD10129E8
:10134000A27809D1964207D101230020237065704D
:10135000A67004B0BDE8F081294F0121384600F0A5
:101360009DFA034610B16FF00400F2E70090ADF86B
:101370000C00A2783846617800F00AFB804600280D
:10138000F1D12820F2F786F9A378012B1BD0002297
:101390001B48114600F061F903460028E3D103AA77
:1013A000014600920246164800F049FB0028DAD1B7
:1013B0009DF80C30002BD6D1012DC5D1A37893B95F
:1013C000FFF79AFE11E03846C7F80C80C7F82C806A
:1013D000FEF754FA0028DAD06FF00300B9E70129CC
:1013E000B2D1002AECD1FFF741FE0028B1D1ABE722
:1013F0006FF00100ADE76FF01900AAE71CE80534B3
:1014000020E805342DE9F04F89460446824E8FB01E
:10141000002840F0FA80DFF80C8298F8003053B1D1
:1014200000256420002100FB0460FEF759FE2846D9
:101430000FB0BDE8F08F4FF48053784A4FF480200E
:10144000C2F8603AD2F86012092500910099C2F8FA
:10145000203A1A44C2F82032FFF7FCFDF7F714FBDC
:1014600001210220F7F7CAFA4FF40050FFF7F2FD0E
:101470000127FFF7EFFD4FF0030BFFF7EBFDFFF741
:10148000E9FDFFF7E7FDFFF7E5FDFFF7E3FDFFF7F8
:10149000E1FDFFF7DFFDFFF7DDFDFFF7DBFD0223D9
:1014A0005F4805A9CDE90533CDE9077B0995F4F738
:1014B00071FE5B4805A905970995F4F76BFE40237B
:1014C000574805A9059307940995F4F763FE04238B
:1014D000534805A905930995F4F75CFE0823504885
:1014E00005A905930995F4F755FE10234FF0200A3E
:1014F0004B4805A905930995F4F74CFE484805A902
:10150000CDF814A00995F4F745FE4FF480734448D4
:1015100005A905930995F4F73DFE4FF40073404883
:1015200005A905930995F4F735FE4FF480633C480F
:1015300005A905930995F4F72DFE4FF4006305A95D
:10154000374805930995F4F725FE05A800F06CF8D7
:10155000059B93FAA3F3002BB3FA83F208BF52461C
:1015600099F80130304601A9CDF808B001920394F2
:101570000493FFF715FE00284AD122462146304643
:1015800000F0BDFA10B16FF004054AE7224621468B
:10159000304600F0E5FA0028F5D1224639463046BB
:1015A00000F0ADFA0028EED122463946304600F070
:1015B000D7FA0028E7D13A463946304600F09FFA7C
:1015C0000028E0D13A463946304600F0C9FA0028F2
:1015D000D9D1642088F8007088F8014088F802406A
:1015E000F2F758F8304698F8022098F8011000F009
:1015F00034F80028C7D199F8012099F80010FFF7B6
:1016000091FE00283FF40CAFBDE76FF0010508E73D
:101610006FF0030505E700BF20E80534008002569F
:10162000003402561CE805344FF000624FF480335A
:10163000C0E900234FF480524FF40063C0E9023246
:101640004FF400434FF48071C0E9043283614FF4DA
:101650000023C0E907130020704770B50D4698B00D
:1016600000210646144605A84C2204F00DFD142264
:101670000021684604F008FD35B901239C4204D1DD
:101680004FF0FF3018B070BD0423601E0893434232
:101690004341DA00002D0A9214BF012200224FEAD2
:1016A00002114FEA82220C924FEAC3220E924FF4AB
:1016B00040520D920CBF4FF080724FF08062099142
:1016C00040F2FA5108BF052113924FEAC36228463F
:1016D0000791159203D0012C0CBF052004205B0755
:1016E00017930123012C0CBF022201221021019328
:1016F0004FF480031690CDE903311492304641F245
:10170000883205A9FEF702FA0028B9D141F28832E1
:1017100069463046FEF7ACFB003818BF0120404256
:10172000B0E770B50C4698B000210646154605A8EE
:101730004C2204F0A9FC1022002101A804F0A4FC12
:10174000012C05D104233DB94FF0FF3018B070BD16
:10175000002C14BF042301230122002C089314BF82
:10176000134600234FEA03130592099340D1002D3D
:101770000CBF0B230C23002C07930CBF4FF480737A
:101780004FF48063002D0C930CBF4FF400534FF4C3
:101790004053002C0D930CBF4FF080734FF08063CB
:1017A00013930CBF08230A2341F28832304605A95F
:1017B0001693FEF7ABF90028C6D102230593D4B9DE
:1017C000002D18BF12230793002341F288323046C0
:1017D00005A91693FEF79AF90028B5D1019001A941
:1017E0003046FEF7C1FB003818BF01204042ADE78C
:1017F0004EF61343BFE741F2ED23E4E730B5102581
:1018000099B004463C22002106A804F03DFC2A467B
:10181000002101A804F038FC012305930423089358
:101820000823CDE909534EF6116307934FF4806303
:101830004FF4006E0C934FF44053CDE90D3E4FF042
:1018400080634FF0006113930A23CDE915134FF025
:10185000005341F28832204605A91793FEF756F946
:1018600018B14FF0FF3019B030BD0223059341F29B
:10187000ED23CDE9160041F28832204605A90793F1
:10188000FEF744F90028ECD1019001A92046FEF7AB
:101890006BFB003818BF01204042E4E72DE9F0411E
:1018A0000E4698B000210746154605A84C2204F0C4
:1018B000EBFB14220021684604F0E6FB3EB901234D
:1018C0009D4205D14FF0FF3018B0BDE8F0810423F0
:1018D000691E4C424C41002E14BF4FF001084FF0DE
:1018E000000808934FEAC4030A934FEA08130993C8
:1018F00040F2F96308BF062341F28832384605A951
:101900000793FEF703F90028DCD1002E40F2FA53CA
:1019100008BF052307934FEA88230C934FEAC4239B
:101920000E934FF440530D930CBF4FF080734FF064
:10193000806313934FEAC46332460B90159303D030
:10194000012D0CBF05220422012D0CBF022301230F
:101950001692640741F28832384605A91493179409
:10196000FEF7D4F80028ADD102231022CDE90033D0
:101970004FF480030290CDE90332694641F2883288
:101980003846FEF775FA003818BF012040429BE741
:10199000F0B50E4695B00546144600214C2201A82C
:1019A0001F4604F071FB36B901239C4204D14FF06D
:1019B000FF3015B0F0BD04230493631E5A425A4110
:1019C000D300002E069314BF012300234FEA031314
:1019D000059347F28D2308BF722303930CBF4FF486
:1019E00080734FF4806308934FEAC2230A934FF445
:1019F000405309930CBF4FF080734FF080634FEA60
:101A0000C26207970F93119217D0012C14BF0123C4
:101A1000022341F28832284601A91093FEF776F896
:101A20000028C4D141F2883228461AA9FEF786F967
:101A3000003818BF01204042BBE70123E9E72DE948
:101A4000F0410E4694B00746154600214C2201A8ED
:101A5000984604F019FB3EB901239D4205D14FF091
:101A6000FF3014B0BDE8F081042304936B1E5C4288
:101A70005C41E300002E069314BF012300234FEACC
:101A80000313059347F28E1308BF712303930CBF12
:101A90004FF480734FF4806308934FEAC4230A9392
:101AA0004FF4405309930CBF4FF080734FF08063A5
:101AB0000F934FEAC4633246CDF81C80119303D0D4
:101AC000012D0CBF05220422012D0CBF022301238E
:101AD0001292640741F28832384601A91093139498
:101AE000FEF714F80028BAD141F2883238461A9924
:101AF000FEF768F9003818BF01204042B1E770B521
:101B00000D4694B00646144600214C2201A804F06C
:101B1000BBFA05BB012C20D00123621E5442544164
:101B2000002D049314BF012300234FEA03130593F0
:101B300046F2996308BF662341F288323046E400DA
:101B400001A906940393FDF7E1FF003818BF0120B7
:101B5000404214B070BD0423DFE74FF0FF30F8E7D8
:101B600070B50D4694B00646144600214C2201A8DB
:101B700004F08AFA05BB012C20D00123621E5442D6
:101B80005441002D049314BF012300234FEA031393
:101B9000059349F6661308BF992341F2883230460F
:101BA000E40001A906940393FDF7B0FF003818BFC5
:101BB0000120404214B070BD0423DFE74FF0FF3036
:101BC000F8E710B404690089A4465DF8044B604747
:101BD00010B4C4680089A4465DF8044B6047002334
:101BE00070B58C1C04EB820500F11806AC4201D1E3
:101BF000184670BD53B901232246304634F8021C02
:101C000000F09FF9031E18BF01235B420434EDE787
:101C100090B14A680B6842600A8903600281CA6811
:101C2000C2600A6902614A6900624261044AC26193
:101C3000044A826103B118474FF0FF30704700BF7C
:101C4000C31B0134D11B013410B590F82430044675
:101C5000A3B9062902D04FF0FF3010BD5422084925
:101C6000FFF7BDFF0028F6D1052220460549FFF702
:101C7000B6FF0028EFD1012384F824300020ECE7E0
:101C80005470023440700234002373B505468DF859
:101C900007304FF4405101230DF10702183000F0D6
:101CA00050F9044650B96B69984706466B699847E6
:101CB000831B132BFAD9204602B070BD4FF0FF34BE
:101CC000F9E790F82430012B04BF002380F824307A
:101CD0000020704737B5044654F8183B0D46984726
:101CE000012343F6121120460DF1070200F022F9FC
:101CF00020B99DF807302B6003B030BD4FF0FF30A6
:101D0000FAE7000030B51A4B85B0994203D94FF07D
:101D1000FF3005B030BD4FF49673012591FBF3F110
:101D200000F1180401912B4643F2010120460DF108
:101D30000F028DF80F5000F004F90028E7D10223BC
:101D400043F2E801204601AA00F0FBF80028DED1AA
:101D50008DF80F002B4643F2010120460DF10F02D2
:101D600000F0EFF8003818BF01204042D1E700BF73
:101D70004019010030B52DED028B00F1180485B03B
:101D800008EE101A042343F23001204602AA00F0A4
:101D9000D1F828B14FF0FF3005B0BDEC028B30BD5B
:101DA000DDED027AB8EEC88ADFED1A6AF8EE677ADE
:101DB00088EE267A77EEC77AFCEEE77A17EE903A4D
:101DC000082BCDED037AE5D9012543F201012B461D
:101DD00020460DF107028DF8075000F0B2F80028F8
:101DE000D8D1032343F25801204603AA00F0A9F8F2
:101DF0000028CFD18DF807002B4643F20101204681
:101E00000DF1070200F09DF8003818BF0120404294
:101E1000C2E700BF7C09ED400139072208B503295C
:101E200011D8DFE801F00E0C0A020849FFF7D7FECF
:101E3000003818BF0120404208BD0549F6E70549B2
:101E4000F4E70549F2E70549F0E700BF24700234E2
:101E500008700234EC6F0234D06F0234B46F023475
:101E6000142908B5034619D007DC0A290AD00F291E
:101E700011D0022218460B4906E01929F9D1022295
:101E8000094901E002220949FFF7A9FE003818BFFD
:101E90000120404208BD02220549F5E7022205491A
:101EA000F2E700BF8C6F0234946F0234AC6F0234DF
:101EB000A46F02349C6F023402294FF00A0206D04C
:101EC000032906D0012906D10449FFF788BE044939
:101ED000FBE70449F9E70449F7E700BF146F023450
:101EE0003C6F0234646F0234EC6E023413B5002987
:101EF000044615DB8DF80710012343F29E210DF1F6
:101F00000702183000F01DF868B90722204607497B
:101F1000FFF765FE003818BF0120404202B010BD37
:101F200007220349F4E74FF0FF30F7E7D06E0234A1
:101F3000B46E023410B4D0E90140A4465DF8044BFD
:101F4000604710B404688068A4465DF8044B60479D
:101F5000704708B5303001F0B5F8002814BF6FF0B5
:101F60000300002008BD08B5303001F098F80028C3
:101F700014BF6FF00300002008BD0830FFF7AABEB1
:101F80000830FFF7B3BF000008B50B46C8B1C1B1B8
:101F900018460D4904F0E9FA4FF420624FF422612B
:101FA00002844FF4F3620346C0E909120020074A95
:101FB0004FF0080CC3E90B0248F2F212C3E90DC25C
:101FC00008BD6FF00100FBE7A47102344019010065
:101FD000032928BF03210830FFF76EBFF0B40E4D70
:101FE00086B001AC07460E460FCD0FC42B6801AA80
:101FF0002360052352F8041BB14206D1314607F194
:10200000080006B0F0BCFFF72BBF013BF2D16FF028
:10201000010006B0F0BC704778A101340830FFF72A
:10202000FBBE0830FFF7A6BE0830FFF76BBE08B551
:10203000303001F025F8002814BF6FF003000020B5
:1020400008BD10B50446303000F06AFF10B16FF0E3
:10205000040010BD04F10800FFF733FE0028F8D09B
:10206000F5E7000037B5104B00F13005009304464A
:10207000D0F8DC1000F1B8030022284600F0D4FEAE
:1020800050B9284600F05CFF50B904F1080003B0D5
:10209000BDE83040FFF7F8BD6FF0040003B030BD7D
:1020A0006FF00300FAE700BFAC71023438B5D1E934
:1020B0000023B2F5226F05460C4602D06FF00100F6
:1020C00038BDB3F5F36FF9D10969FFF781FF002837
:1020D000F4D10621E26805F10800FFF7B5FD0028FC
:1020E00018BF6FF00400EBE7012910B507D00229F3
:1020F0000FD099B9BDE81040303001F03DB800F183
:102100003004204601F034F82046BDE8104001F0CC
:102110002DB83030BDE8104001F02CB810BD0000E3
:1021200073B5044603880D460382D0F8E4300834C2
:102130008360D0F8E830C360D0F8F430C361D0F8E1
:10214000F0308361D0F8EC304361D0F8FC300020EF
:102150009847D4F8F03064209847D4F8F83000203D
:102160009847D4F8F03064209847D4F8F430012030
:102170009847D4F8F03064209847D4F8F83001201C
:102180009847D4F8F0306420984721462046FFF75E
:102190003FFD064620B16FF00404204602B070BD3A
:1021A000204601A9FFF796FD04460028F3D1019BC4
:1021B0005022002B08BF0446314605F1180018BF15
:1021C0006FF0060403F060FF104B2B60104BAB6008
:1021D000104B6B60104BEB60104B2B61104B6B6125
:1021E000104BEB61104BAB64104BEB64104B6B6509
:1021F000104BAB65104B2B64104B6B64104BEB62B8
:10220000104B2B66104B6B66C7E700BFAD20013447
:1022100065200134432001342F200134E9200134AA
:10222000511F01347B1F0134292001342320013444
:10223000531F0134671F01341D200134DD1F013499
:10224000D11F0134891F0134811F013400211E2355
:1022500030B593B001A8CDE90111CDE90331CDE945
:102260000511FEF7F9FC28B18E21194B194A1A48BD
:1022700002F016FF029B0124B3F5F07F28BF4FF454
:10228000F0730225CDE90B000D906A46204607A9A0
:10229000CDE90733CDE90945FEF726FB18B15721F3
:1022A0000E4B0F4AE3E7E023CDE907330323CDE9E3
:1022B0000B4009900D906A46284607A90A93FEF73D
:1022C00013FB18B17A21054B064AD0E713B030BD95
:1022D000047402347B7402341A740234A468023425
:1022E000647402345274023408B5FEF7EBFB28B173
:1022F0009721034B034A044802F0D2FE08BD00BFF9
:1023000004740234477402341A7402340A4608B55D
:1023100001460220FEF7AAFB28B1A621024B034A80
:10232000034802F0BDFE08BD047402343674023462
:102330001A74023408B5FEF7F3FC28B1B421034B3C
:10234000034A044802F0ACFE08BD00BF0474023426
:10235000287402341A740234022808BF034A4FF06A
:10236000000002BF136801331360704744BF02349A
:1023700000204870704700207047032343700020FE
:10238000704743780BB1032343700020704700006F
:10239000F7B5044601F09AFB90F854300746002B3D
:1023A00035D0204601F046FB1F4B1A6882422ED0E2
:1023B0001E4D186095F900305A1C002B2A7009DB5D
:1023C0006946204601F0C1F810BB194A019B11680B
:1023D0000B44136095F900200A2A18D1144EB96DE8
:1023E0003368B3FBF2F38B42336013D99DF80120BD
:1023F00082B1013A8DF801200123694620468DF80B
:10240000003001F087F818B9FF2230602A700020F0
:1024100003B0F0BD8B42EFD29DF80130052B9CBF7D
:1024200001338DF80130E7E714EB053410EB053488
:102430000CEB053408B5034B186808B1EEF7EEFF56
:10244000002008BD34EB0534F7B504460E4601F014
:102450003DFB90F85532054613B9012380F85532FB
:102460002D48EEF7C1FF2D4F386030B1EFF710F86F
:10247000012804D03868EEF7D1FFBE2033E03B6876
:10248000EA6EE16F1A6195F87020D4F880705A6591
:10249000D4F884200A205A64A26FD96464214FF0D2
:1024A0002D0CC3E90501782140F2DC50C3E907C1D6
:1024B00041F27071C3E9090142F6E061D96212A1EB
:1024C000D1E90001C3E90C0111A1D1E90001C3E97F
:1024D0000E0105211F649A64196595F86830012B77
:1024E00003D00020707003B0F0BD69462046CDE9EE
:1024F000007201F06BFA0028BFD1204601A901F05B
:1025000041FA0028EDD0B8E700000040E17A943F9E
:10251000000000E04D62703F2125013434EB0534AA
:1025200008B50146034803F067FCBDE808400248CF
:1025300003F0CABCBDB00234477602342DE9F04145
:1025400086B005460C4601F0C1FA90F868300646A0
:1025500013B16378022B03D1002006B0BDE8F081EF
:1025600007D9032B16D0314803F0AEFC002363706B
:10257000F2E790F855320226029301232246CDE974
:10258000006328462A4B2B4901F0D8FC0028E4D1EF
:102590006670E1E7284FC26E3B6804A91A6190F8A3
:1025A000702028465A65224B93F8378001F000FAD4
:1025B0000028D2D1284605A901F01EFA0028CCD166
:1025C0001E4BF26E83F801805A6038684346DDE99D
:1025D0000412EEF768FF01280ED096F85532022655
:1025E000029301232246CDE900632846104B11498E
:1025F00001F0A4FC6670B0E73B68049A9B689A42BD
:102600000CD13B68059A5B689A42E6D0284605A93A
:10261000059301F0DBF90028DFD09EE7284604A9E6
:10262000049301F0AFF90028EBD096E784740234EC
:1026300094EA05347B23013434EB053418EB05347C
:1026400010B506480C46EEF71EFB054B186010B19E
:102650000020607010BDBE20FCE700BF21250134C2
:1026600030EB053408B5034B186808B1EEF726FBCC
:10267000002008BD30EB053408B52DED028B08EEC7
:10268000101A012101F0E6F990B1DFED0F7AB8EEF2
:10269000488A88EE270A9FED081BB7EEC00A05F0AE
:1026A00083FF9FED077B20EE070BBDEC028B08BD7F
:1026B000B8EE480BF9E700BF175D74D14517DD3F51
:1026C0000000000000E06F4000007F432DE9F04370
:1026D00087B00C4602A9804601F02CF894F83670B9
:1026E000064600283BD19DF80830012B37D11E4DFE
:1026F00094F835100346049AA1FB0501EFF726F87C
:1027000033468146059AA7FB0501EFF71FF894F8B9
:10271000341007463346A1FB0501039AEFF716F87C
:1027200084F801902070A770404601A900F04BFF8B
:1027300090B99DF80430012B0ED123789DF8052027
:10274000134423709DF806206378134463709DF84A
:102750000720A3781344A37007B0BDE8F083A38ECD
:10276000A7702380F8E700BF00E1F5050000000036
:102770002DE9F0438BB00E46694615461C4601F024
:10278000ABF80246002840F096809DF80030012BFF
:1027900040F09180019BD917A3FB063706FB017718
:1027A00002994FEAE17CA1FB051005FB0C005B18C8
:1027B00047EB000703984FEAE07CA0FB040104FB11
:1027C0000C111818049B41EB0701DF17A3FB0683CC
:1027D00006FB0733059FA7FB05CE4FEAE77905FB0C
:1027E00009EE18EB0C07DDF818C043EB0E034FEAB7
:1027F000EC7EACFB04C804FB0E8817EB0C0748EB1F
:102800000308079B4FEAE37CA3FB06E306FB0C3CB3
:10281000089B4FEAE379A3FB053605FB09651EEB30
:1028200003034CEB050C099D4FEAE57EA5FB04561E
:1028300004FB0E665C194FF0FF33294D46EB0C0686
:10284000A84271EB03033FDB23A3D3E90023EEF798
:102850007DFFB0F5807F71F10001814601DB4FF013
:10286000FF094FF0FF33AF4278EB03032EDB1AA3CF
:10287000D3E9002338464146EEF768FFB0F5807F84
:1028800071F10001074600DBFF274FF0FF33AC4238
:1028900076EB03031CDB10A3D3E90023204631466B
:1028A000EEF754FFB0F5807F71F10001044600DBC4
:1028B000FF244E463D46129B1E60139B1D60149BD9
:1028C0001C600BB0BDE8F0839146CAE70027DCE747
:1028D0000024EEE7AFF3008000E1F5050000000002
:1028E000011F0AFA000000002DE9F04F2DED028BC8
:1028F0000023A1B0CDE909330B930646884601F0C9
:10290000E5F890F874200546754B3AB91A70002422
:10291000204621B0BDEC028BBDE8F08F197811B1D3
:10292000FF2A40F0B980002288F8012001226D4979
:102930001A7085F874200A7006226B4B1A700027F3
:102940009FED6A8A6A4BDFF8B491C3E90077DFF83C
:10295000A8A105F58A746068002800F0AD8057B121
:10296000236803EB430303449B0807EE903AF8EE19
:10297000E77A49ED017AD4ED067AF8EE677A87EEC8
:10298000887AD4ED0B7AF8EE677A8DED107A87EEBF
:10299000887AD4ED107AF8EE677A8DED117A8DEDA4
:1029A000127A87EE887A242316A98DED137A4FF0D8
:1029B000000C0A4603FB0753D3ED5A7AF8EEE77A88
:1029C00087EE887AD3ED5B7AF8EEE77A81ED007ACC
:1029D00087EE887AD3ED5C7AF8EEE77A81ED017ABA
:1029E00087EE887A0CF1010CBCF1030F81ED027ABD
:1029F00003F10C0301F10C01DED107EE900A442033
:102A0000B8EE670A00FB07A009AB10A90137EEF783
:102A10005BF9052F04F1040409F104099BD105EBCE
:102A2000870393ED451A95ED460A324CB8EE411BEB
:102A3000B8EE400B304B314A2068B9B2EEF764F97A
:102A4000012840F09A81B0EE007B9FED216B4FF0A2
:102A50007E52032F98BFB0EE467B23681EA5D5E9B2
:102A60000045C3F8B822264A83EDA87BC3E9A645F2
:102A7000C3F8B4220523CDE90103022542463046BE
:102A8000204B2149009501F059FA044600287FF4B3
:102A90003FAF88F801503BE798F80130032B00F274
:102AA000658101A252F823F03F290134C32A013481
:102AB0000F2901340D2B01349624002F3FF428AF49
:102AC000ADE701230521CDE90131D6E7AFF3008061
:102AD000CDCCCCCCCCCCFC3F9A9999999999F53F27
:102AE00091EA053490EA053490B8023420BCBE4C1B
:102AF00088EA053430EB053424E9053478EA0534F6
:102B000000004040ACE80534832301340024DFF8A2
:102B1000809230464946FFF7D9FDDFF884C2A646C9
:102B2000674699F8000099F8011099F80220DCF83E
:102B30000030C31A002BB8BF5B42022B00F3AB80FE
:102B4000DCF80430CB1A002BB8BF5B42022B00F339
:102B5000A280DCF80830D31A002BB8BF5B42032BED
:102B6000A8BF01240EF1010EBEF1030F0CF10C0CF5
:102B7000DDD1834BDFF82CA293F800C09AF800E077
:102B8000DFF824B24EEA0C031C43E4B2002C51D00F
:102B900008ABC7E906013A62029307AB019306ABA3
:102BA000009399F8363099F83520304699F834106A
:102BB000FFF7DEFD30460699FFF75EFD30460799C8
:102BC0008DED100BFFF758FD304608998DED120B77
:102BD000FFF752FD6B4801220021006810AB8DED1C
:102BE000140BEEF75BFA012840F0BE80654B1B68C2
:102BF00093ED127B644B1B6806EE903AB8EE666B61
:102C0000B4EE467BF1EE10FA059303D15C4B1B78D2
:102C1000012B0FD1DBED016AB8EE666BB4EE467B9B
:102C2000F1EE10FA39D1564B1B78012B35D0002329
:102C30008AF8003000240023514A13709AF80030BB
:102C400013B1013B8AF800303B680522FB607B68CA
:102C500002253B61BB6830467B6199F800304B49E7
:102C60003B6099F801307B6099F80230BB60DBF87B
:102C70000030CBF80430444B1B68CBF80030012304
:102C80000095CDE901324246414B01F057F9002C45
:102C900008BF0446FDE6012464E79AF80030FCEE24
:102CA000C76B062B98BF06233A4A98BF8AF80030B4
:102CB000C2ED046A0523002205F58A7191ED016ACF
:102CC000B8EE466BB4EE467BF1EE10FA01F104016A
:102CD00005D0013B02F10102F0D19624ABE70123BC
:102CE0004FF0040E8DF8583024234EF001E003FB22
:102CF000025317AC03F5B473A44618685968083337
:102D0000ACE8030064460FF009C80592186816A9DC
:102D1000CCF80000304600F057FD059A0446002824
:102D200089D1012305EB82058DF83030D5F82C319F
:102D300030460D93D5F840310CA90E93D5F8543197
:102D40000F9300F05DFC044600287FF474AF0D4B38
:102D5000059A1B6893ED127BBCEEC77B0A4B83ED93
:102D6000007A0D4B1A6066E7BE2464E70B4803F057
:102D7000ABF8002388F80130C9E5BE24C8E500BFE0
:102D800090EA053430EB053484E8053483230134BC
:102D9000ACE8053418EB05342CEB0534A47402348C
:102DA00088E8053490B8023488EA053438B504461A
:102DB0000025094B8361A369595921B904350C2DAC
:102DC000F9D1002038BD4B68002BF7D0204698473A
:102DD0000028F3D0F6E700BF94B8023438B50446B3
:102DE0000025A369595921B904350C2DF9D10020CA
:102DF00038BD8B68002BF7D0204698470028F3D0C9
:102E0000F6E738B504460025A369595921B90435B8
:102E10000C2DF9D1002038BDCB68002BF7D020460F
:102E200098470028F3D0F6E7F7B50E4617461C463C
:102E30000546002866D0002964D0002B62D080228D
:102E40000021083003F020F90FCCC5E9006705F137
:102E50001C060FC60FCC0FC623683360AB6A33B9AC
:102E6000294803F031F8B424204603B0F0BDEB6AE2
:102E70000BB92648F5E72B6B0BB92548F1E76B6BCF
:102E80000BB92448EDE7AB6B0BB92348E9E72846BB
:102E9000089900F011FE04460028E5D1284605F106
:102EA0004C0100F061FD04460028DDD12A6FB2F527
:102EB000286F0FD3B2F5A85F20D3B2F5285F1FD3D8
:102EC000B2F5A84F4FF0080305D3144802F0FCFFF9
:102ED0001E24C9E70123284601A98DF8043000F01B
:102EE0001FFA04460028BFD12846FFF75FFF0446BB
:102EF0000028B9D1284600F0EDFDB5E70223EAE746
:102F00000423E8E70124AFE7C5740234FD740234FA
:102F1000357502346D750234A9750234E5750234D5
:102F200038B5054650B1FFF759FF044620B90146B0
:102F30008822284603F0A8F8204638BD0124FBE784
:102F400067B50546002800F0958000F063FD002875
:102F500049D1284600F0BAFD064600F10C0128468A
:102F600000F07EF900283ED13146284600F0B7F93E
:102F7000002838D1284606F1140100F005FA90BB6C
:102F8000F36C2BBB336D83BB96F85C302BB12846BA
:102F900006F15C0100F0BEFA28BB96F864302BB154
:102FA000284606F1640100F0EAFAE0B996F81C320E
:102FB0003BBB96F82C32002B2FD12B69002B38D13C
:102FC000284606F13C0100F059FA002834D00AE006
:102FD00096F86830002BD5D1284606F14C0100F058
:102FE000D1FC0028CED003B060BD96F86830002B2D
:102FF000CAD1284606F1500100F0E8FC0028C3D0F1
:10300000F1E796F87430002BD3D1284606F5077106
:1030100000F0F6FA0028CCD0E5E796F87430002BE3
:10302000CBD1284606F50B7100F0CEFB0028C4D0AA
:10303000D9E76B69002BC3D0284606F5157100F05F
:103040001BFD0028CFD196F96930B0EE000B01EEE0
:10305000103ABAEEEF1AB7EEC11A019005F0A4FAD1
:103060009FED057B20EE070BBCEEC00B019886EDB3
:103070001B0AB8E70120B6E70000000000004C4042
:1030800038B5054648B100F01BFF04462846FFF757
:10309000B8FE002C18BF204638BD0120FCE710B553
:1030A0000C4600F013FD4FF0050E21464EF001E0F6
:1030B00000F58C7050F8043B41F8043B0FF007C05A
:1030C000002010BD70B50E468EB00446154600F0C7
:1030D000FDFC2EB1012380F8743000200EB070BDCD
:1030E0003146052300F58A7252F8046FAE4205D0CE
:1030F000013B01F10101F7D19620EFE700234FF0EA
:10310000040E80F8743000EB8103D3F82C610122A7
:103110000196D3F84061D3F854314EF001E00393A7
:10312000242303FB01038DF800208DF81020029664
:1031300003F5B47305AA164618685968083303C620
:1031400032460FF009C0186869463060204600F02A
:1031500057FA0028C2D1204604A900F035FB002808
:10316000BCD12946204600F06FFCB7E700F0BABC9E
:1031700000F05CBC00F060BC00F062BC10B5D0E9AF
:10318000044060430D4C0229247804FB04F4B0FB96
:10319000F4F010D0012A14BF0422022282429FBF01
:1031A000B0FBF2F0420802EB0323B3FBF0F08CBF5C
:1031B0000020C0B210BD0122F0E700BF56B90234B2
:1031C000F0B50B46064600240C2793E8070007FBE2
:1031D00004650134032C85E80700F6D1F0BD70B515
:1031E00006460D460124224601342B460121306853
:1031F000E4B2F2F733FE042C05F10405F3D170BDFF
:1032000007EE101A05EE100A9FED0F4BB8EEC77BC4
:1032100006EE102AB8EEC55B27EE047B9FED0C4B43
:10322000B8EEC66BA5EE047B9FED0B5BA6EE057BAF
:10323000FCEEC77B82B0CDED017A9DF8040002B0B0
:10324000704700BFAFF3008062105839B4C8E23F46
:10325000894160E5D022D33FC976BE9F1A2FBD3F7A
:10326000F0B5044687B0002837D0002935D08F78D4
:10327000072F32D8CE78072E2FD80D79072D2CD8CE
:103280004879072829D80B7813B14A78042A07D13E
:1032900001212068F1F7CAFF00B10B2007B0F0BD93
:1032A000022A18D0511E4B424B41032A4FEA4303D6
:1032B00008BF062305900121206801AACDE9033744
:1032C000CDE90165F1F740FF0028E6D10121206832
:1032D000F1F794FFE0E70423ECE70A20DEE710B5FE
:1032E0000446D8B1D1B14A68072A17D840F6FE7013
:1032F0008B68834212D80978206821B90121F1F73F
:10330000EBFF28B103E00121F1F7A8FF08B1152078
:1033100010BD01212068F1F7D1FFF2E71420F7E793
:1033200037B50C46054650B349B30B78013B072B24
:1033300025D8DFE803F017042411242424140823DB
:103340000222CDE9003201216A462868F1F7F4FC37
:1033500058B11F2003B030BD10230422F1E7182319
:103360000622EEE700231A46EBE701212868F1F771
:1033700021FD0028EDD12278024B1A70EAE71E20C9
:10338000E8E700BF56B902342DE9F043054685B0A1
:10339000002871D000296FD04B68B3F5C57F6BD87A
:1033A000D1F80890B9F5C57F66D8D1F80C80B8F58A
:1033B000C57F61D8D1F810E0BEF5C57F5CD8D1F8E3
:1033C00014C0BCF5C57F57D88F69B7F5C57F53D8F2
:1033D000CE69B6F5C57F4FD80C6AB4F5C57F4BD81A
:1033E0004A6AB2F5C57F47D80978006821B901213A
:1033F000F2F748FCC0B336E0190164231201B1FBB7
:10340000F3F1B2FBF3F24FEA09194FEA08184FEA59
:103410000E1E4FEA0C1C3F0136012401B9FBF3F9E3
:10342000B8FBF3F8BEFBF3FEBCFBF3FCB7FBF3F712
:10343000B6FBF3F6B4FBF3F48DF804108DF80C2012
:10344000012101AA8DF805908DF806808DF807E01E
:103450008DF808C08DF809708DF80A608DF80B4062
:10346000F2F776FB18B1292005B0BDE8F083012101
:103470002868F2F7EFFBBDE72820F5E7F0B50E4628
:10348000054685B0002841D000293FD040F6FE72A5
:10349000086890423AD84968914237D8B368934255
:1034A00034D840F6FA74F268171FA7422ED8032BBF
:1034B0002CD92F6FC418BC4228D86F6F8C18BC420F
:1034C00024D8134C2478B0FBF4F0B1FBF4F1B2FB38
:1034D000F4F2B3FBF4F301900091029201216A46E9
:1034E00028680393F2F718FA18B13324204605B080
:1034F000F0BD01212868F2F799FA04460028F4D1BA
:1035000096E80F00083585E80F00EFE73224EDE775
:1035100056B9023410B50446A8B1A1B14A78072AB9
:1035200011D80B78006801211BB9F1F723FF20B1F6
:1035300002E0F1F7DFFE08B13D2010BD0121206857
:10354000F1F700FFF3E73C20F7E738B50D460446F6
:1035500098B191B101210068F1F736FF287001217F
:103560002068F1F71FFF6870012120682A1DF1F71C
:1035700051FF002818BF3D2038BD3C20FCE713B5A3
:103580000446F0B1E9B10B78006823B90121F2F7E4
:1035900009F978B10DE04B7801AA8DF804308B78E9
:1035A0008DF80530CB7801218DF80630F2F7C0F8A0
:1035B00010B1472002B010BD01212068F2F7DAF8FF
:1035C000E7E74620F6E737B50C460546B0B1A9B1A6
:1035D00001210068F2F714F920702868012101AA7E
:1035E000F2F7F8F800209DF8043063709DF805307C
:1035F000A3709DF80630E37003B030BD4620FBE7B2
:103600002DE9F74F0546002800F08B80002900F0D7
:1036100088804A68464B9A4200F28380D1F808803D
:1036200098457ED8CF689F427BD80B78066833B91F
:1036300001213046F2F774FA00285BD059E00024EB
:10364000104639A3D3E90023214650EACF11EEF703
:10365000CDF8234682468B462246BAF5807F7BF121
:10366000000003F1010148D20024002A08BF1346DC
:10367000404621468DF8003050EACF112AA3D3E905
:1036800000238DF801A0EEF7B1F823468046894665
:103690002246B8F5807F79F1000003F1010131D2B3
:1036A0000024002A08BF1346384621468DF8023010
:1036B00050EACF111CA3D3E900238DF80380EEF765
:1036C00095F82346804689462246B8F5807F79F1F1
:1036D000000003F101011AD2002A08BF134601219C
:1036E0006A4630468DF804308DF80580F2F7B6F959
:1036F00090B1512003B0BDE8F08F5AEA5F0B0B4642
:103700000122AAE758EA5F090B460122C1E758EAFD
:103710005F090B460122D8E701212868F2F7E8F992
:103720008AE75020E6E700BF00E1F5050000000051
:1037300000105E5FF7B50C46054600283FD0002913
:103740003DD001210068F2F77DFC207028686A46B0
:103750000121F2F7B5FB01239DF800109DF801202F
:1037600003FA01F181FB0210164AA1FB02150E4675
:1037700002FB005756EADF179DF802009DF8031080
:1037800003FA00F080FB0101A0FB0205666006461B
:1037900002FB015756EADF179DF80410A6608B4024
:1037A0009DF8051083FB0135A3FB0236184602FB8A
:1037B000056150EADF11E060002003B0F0BD502049
:1037C000FBE700BF00E1F50570B5054688B00C4683
:1037D0001A22002101A802F057FC6DB164B1234602
:1037E0003A483B4A04F1240659680144914203D8FF
:1037F00099680144914201D95A205FE0D968014497
:103800009142F9D80C33B342EED123782E6833B904
:1038100001213046F1F774FF00284FD04DE0606879
:1038200000232C4AC117EDF791FFADF80600A06800
:103830000023284AC117EDF789FFADF80800E068BA
:103840000023244AC117EDF781FFADF80A00206973
:103850000023204AC117EDF779FFADF80E0060692B
:1038600000231C4AC117EDF771FFADF81000A069E5
:103870000023184AC117EDF769FFADF81200E0699F
:103880000023144AC117EDF761FFADF81600206A56
:103890000023104AC117EDF759FFADF81800606A10
:1038A0000C4A0023C117EDF751FF0121ADF81A00B2
:1038B00001AA3046F1F7CAFD10B15B2008B070BD17
:1038C00001212868F1F704FFA6E700BFC041C8172F
:1038D0008083902FE1F5050030B50C46054689B090
:1038E00000283CD000293AD001210068F2F7D0FB33
:1038F00020700121286801AAF2F702FB194BBDF9DB
:1039000006200020A2FB03216260BDF90820A2FB73
:103910000321A260BDF90A20A2FB0321E260BDF9E8
:103920000E20A2FB03212261BDF91020A2FB03217E
:103930006261BDF91220A2FB0321A261BDF916202C
:10394000A2FB0321E261BDF91820A2FB0321226240
:10395000BDF91A20A2FB0323626209B030BD5A20D0
:10396000FBE700BFE1F5050008B538B131B1836A66
:1039700013B14068984718B9002008BD6E20FCE7D5
:103980006F20FAE710B50C4670B169B1C36A0968D7
:1039900023B900202268054B9A6010BD4068984703
:1039A0000028F6D07920F8E77820F6E718EB053400
:1039B00008B538B131B1036B13B14068984718B9F5
:1039C000002008BD7820FCE77920FAE710B50C4606
:1039D00070B169B1436B096823B900202268054BB7
:1039E000DA6010BD406898470028F6D08320F8E7D9
:1039F0008220F6E718EB053408B538B131B1836B96
:103A000013B14068984718B9002008BD8220FCE730
:103A10008320FAE708B538B10068F2F75FFB0228A7
:103A200014BF8C20002008BD0120FCE7036C01338B
:103A300003647047006C7047436C01334364704704
:103A4000836C013383647047014B00201960704719
:103A5000F0EE053408B568B1012906D0022904D07A
:103A60000020003818BF012008BD0068F1F740FBB6
:103A7000C0B2F6E70120F7E710B5044608B9952073
:103A800010BD0029FBD00B78006801215BB9F1F76C
:103A90000DFB0028F3D102212068F1F707FB002875
:103AA000EDD10020ECE7F1F7DFFA0028E7D10221A1
:103AB0002068F1F7D9FAF2E708B54FF41672024818
:103AC00002F069FD002008BD98EC053400487047FD
:103AD00098EC05344FF4B0720021014802F0D4BADA
:103AE00038EB05342DE9F04F05468DB028B9A748CD
:103AF0000DB0BDE8F04F02F0E7B90068002800F013
:103B0000B480DFF8E492A24C99F80030092B36D843
:103B1000DFE803F0053F4446484A8A8C8E90012234
:103B20006B461146F2F79AF90222012101AB28688F
:103B3000F2F794F90322012102AB2868F2F78EF91B
:103B400001210022009B2846FFF718FB0A46064683
:103B5000019B84F87C002846FFF710FB02220746F1
:103B600084F87D00029B2846FFF708FB3946024691
:103B700084F87E003046FFF743FB84F87F0023780B
:103B8000092B66D8DFE803F0747F848688588A8C16
:103B90008E9080492846FFF722FBF0E77E49F9E73F
:103BA0007E49F7E77E49F5E701226B461146F2F7B9
:103BB00055F90222012101AB2868F2F74FF90322DF
:103BC000012102AB2868F2F749F902210022009B8B
:103BD0002846FFF7D3FA0122019B84F8B00007467C
:103BE0002846FFF7CBFA0A46029B84F8B100064646
:103BF0002846FFF7C3FA84F8B20095F86C30024605
:103C0000042B02D0674B1B7B3BB93E441644FF2E6E
:103C100028BFFF2684F8B360B1E731463846FFF786
:103C2000EFFA84F8B300AAE75F49B3E75F49B1E769
:103C30005F49AFE75F49ADE700234022CDE903329A
:103C40005022CDE907236022CDE905330993CDE960
:103C50000A23012703AE33463A4601212868F1F7CB
:103C6000F5FD18B3544802F02FF90DB0BDE8F08F00
:103C700000231022CDE90333CDE90723CDE9053335
:103C800020220993E3E74D4903A8FFF799FAE0E7FB
:103C90004B49F9E74B49F7E74B49F5E74B49F3E760
:103CA0004B49F1E74B49EFE74B49EDE73A46012134
:103CB0002868F1F783FE08B14848D4E70137FFB21E
:103CC000042F06F10C06C6D194F8588199F800B07B
:103CD00018F0050F0CBF01230023D5F840A094F87D
:103CE00059715B4508BFC4F8E4A017F0050F14BF75
:103CF000052306239B4579D1C4F8ECA017F0060FE5
:103D000014BF092305239B451AD1D4F8ECC0BCF19C
:103D1000000F15D0324DC4E91DCA05F178060FCE4B
:103D20000FC50FCE0FC50FCE0FC5284633683422FE
:103D300040F8483B002102F0A7F90023C4E93B33D7
:103D400048EA070359070BD5D4F85C3153453FBF08
:103D500028F0040827F0040784F8588184F8597182
:103D6000204A94F85811137889F80030237813709A
:103D70004A0703D494F8592157075DD55A1C092BDB
:103D8000D2B234BF1346002323706EE72E7602347E
:103D900038EB0534B8EB0534C4EB0534D0EB05340F
:103DA000DCEB053498EC0534ECEB0534F8EB05342A
:103DB00004EC053410EC053449760234FC76023408
:103DC000F0760234E4760234D8760234CC760234CB
:103DD000C0760234B4760234A876023477760234A0
:103DE00070EB053454B9023455B9023418F0060F9B
:103DF00014BF01230023BBEB830F7FF47FAFD4F804
:103E0000E4C0BCF1000F3FF479AF2C4DC4E91BCAEC
:103E100005F178060FCE0FC50FCE0FC50FCE0FC51B
:103E200028463368342240F8483B002102F02CF940
:103E30000023C4E9393361E7092B34D8DFE803F004
:103E400005333333111E333333288E0732D4D5076D
:103E500032D412F0020329D111F0010F08BF092357
:103E600092E7D00728D412F002031FD1CA078BD4DF
:103E700011F0020F0CBF0923012385E712F00200A5
:103E800014D1CF0714D48E0714D412F0010FE5E734
:103E9000CD070DD488070DD4D1070DD412F0020F31
:103EA00018BF062370E70133DBB26DE706236BE72B
:103EB000002369E7012367E7052365E73CEB053449
:103EC0002DE9F04700251C4C05272646A94604F19C
:103ED0000408D4F8F4A0BAF1000F16D094F8043115
:103EE000022B19D1D4F80021736F9A420DD8782291
:103EF0004146D4F8FC0002F04EFBD4F8F800D0475D
:103F0000002818BF0546C4F8F490013F04F11404DA
:103F1000DFD12846BDE8F087012B03D1D4F800217A
:103F2000F36EE2E7032BF0D1D4F80031F26E934246
:103F3000EBD8726F9342D9E738EB05342DE9F043A3
:103F400091469DF81CC09DF8204000283BD0002BD6
:103F500039D01E4E056C4FF0000E30464FF005086C
:103F6000099F2F44D6F8F4204AB1B8F101080EF1A8
:103F7000010E06F11406F5D1AC20BDE8F0831CF06B
:103F8000010F1EBF90F85861264380F858611CF05D
:103F9000020F1EBF90F85961264380F85961042C26
:103FA00004BF1E35C0F85C51142505FB0E00C0E9A6
:103FB0003D19C0F8FC3080F804C180F80541C0F814
:103FC00000710020D9E70120D7E700BF38EB0534A6
:103FD00070B5A64B88B01A780AB901221A70A44BA2
:103FE0001A6842F002021A6001221A604FF0FF3292
:103FF0009A60DA6000221A619E4A5468002CFCD054
:10400000E5B2012DC4F30336C4F3032440F0EA8083
:10401000052E40F0E780002C40F0E480964A54687A
:10402000002CFCD0E5B2172DC4F30336C4F30324EF
:1040300040F0FB80052E40F0F880012C40F0F58028
:104040008E4A5468002CFCD0E5B21C2DC4F3033614
:10405000C4F3032440F03481012E40F03181012C5F
:1040600040F02E81864A5468002CFCD0E5B21A2D0F
:10407000C4F30336C4F3032440F04181012E40F021
:104080003E81002C40F03B817E4A5468002CFCD0DD
:10409000E5B21B2DC4F30336C4F3032440F04F8173
:1040A000012E40F04C81012C40F04981764A546841
:1040B000002CFCD0E5B2192DC4F30336C4F303245D
:1040C00040F05C81012E40F059810A2C40F056816D
:1040D0006E4A5468002CFCD0E5B2212DC4F303369F
:1040E000C4F3032440F06A81012E40F06781012C63
:1040F00040F06481664A5468002CFCD0E5B2202D63
:10410000C4F30336C4F3032440F07781032E40F058
:104110007481022C40F07181554A5468002CFCD007
:10412000E5B21F2DC4F30336C4F3032440F08681A7
:10413000012E40F08381022C40F08081554A546862
:10414000002CFCD0E5B21E2DC4F30336C4F30324C7
:1041500040F09581012E40F09281012C40F08F813A
:104160004D4A5468002CFCD0C4F30335C4F3032635
:1041700014F0FF0440F0A281012D40F09F81062E33
:1041800040F09C81454A5468002CFCD0E5B21D2DBE
:10419000C4F30336C4F3032404D1052E02D1002C4A
:1041A00000F0AE8102F0B4F90368002B00F0A681A4
:1041B00002F0AEF9006802F055F90346052200212D
:1041C000CDE905211D22CDE90342354A354900924A
:1041D000CDE90156FB22344801F00EFEFB21334BA2
:1041E000334A1DE002F094F90368E3B102F090F95C
:1041F000006802F037F9034605224FF0000ECDE9C2
:10420000052E0122CDE903422A4A26490092CDE932
:104210000156C722244801F0EFFDC721234B244A51
:10422000204800F03DFF244BE6E702F071F90368F7
:10423000D3B102F06DF9006802F014F903460522CB
:104240004FF0010CCDE9052C1722CDE903421B4AA2
:1042500014490092CDE90156CA22134801F0CCFD61
:10426000CA21124B124ADBE7134BE8E7F4EE0534A0
:1042700000000E5800500E5800F00E5800B00F58B5
:1042800000700F5800500F5800300F5800E00F58C2
:1042900000D00F5800100E5800400E5800200E5845
:1042A000E77702340D770234327702346D780234C6
:1042B000ED77023496770234087702349D77023422
:1042C00002F026F90368C3B102F022F9006802F097
:1042D000C9F803460122CDE905221C22CDE903429B
:1042E0008C4A8D490092CDE90156CE228B4801F0CF
:1042F00083FDCE218A4B8B4A92E78B4BEAE702F093
:1043000007F90368CBB102F003F9006802F0AAF8DC
:10431000034601220020CDE905201A22CDE90342FF
:10432000824A7D490092CDE90156D2227B4801F0B4
:1043300063FDD2217A4B7B4A72E77B4BE9E702F0BF
:10434000E7F80368C3B102F0E3F8006802F08AF806
:1043500003460122CDE905221B22CDE90342744A1E
:104360006D490092CDE90156D6226C4801F044FD1A
:10437000D6216B4B6B4A53E76B4BEAE702F0C8F868
:104380000368CBB102F0C4F8006802F06BF8034692
:1043900001220A21CDE905211922CDE90342654A0E
:1043A0005D490092CDE90156DA225C4801F024FD16
:1043B000DA215B4B5B4A33E75B4BE9E702F0A8F895
:1043C0000368C3B102F0A4F8006802F04BF803469A
:1043D0000122CDE905222122CDE90342564A4E4968
:1043E0000092CDE90156DE224C4801F005FDDE21A8
:1043F0004B4B4C4A14E74C4BEAE702F089F8036850
:10440000D3B102F085F8006802F02CF803460322CD
:104410004FF0020ECDE9052E2022CDE90342474A96
:104420003D490092CDE90156E2223C4801F0E4FC0E
:10443000E2213B4B3B4AF3E63B4BE8E702F068F8EE
:104440000368D3B102F064F8006802F00BF8034689
:1044500001224FF0020CCDE9052C1F22CDE90342C9
:10446000374A2D490092CDE90156F5222B4801F03B
:10447000C3FCF5212A4B2B4AD2E62B4BE8E702F08E
:1044800047F80368C3B102F043F8006801F0EAFF9F
:1044900003460122CDE905221E22CDE90342294A25
:1044A0001D490092CDE90156F7221C4801F0A4FCF9
:1044B000F7211B4B1B4AB3E61B4BEAE702F028F837
:1044C0000368CBB102F024F8006801F0CBFF03468B
:1044D00001220620CDE905200022CDE903621A4A17
:1044E0000D490092CDE90145F9220C4801F084FC08
:1044F000F9210B4B0B4A93E60B4BE9E70A4B5DE6C0
:10450000012320461360114A1360A2F50052136084
:1045100008B070BDA57702340D77023432770234CB
:104520006D780234ED77023408770234AA770234CA
:10453000B0770234B6770234BC770234C6770234DF
:10454000CD770234D5770234DD77023400300E584F
:1045500030B501240025012354EA0D05034A8340A8
:1045600011694B4023404B40136130BD00000E5891
:10457000002810B50C460EDC1930FFF7E9FF23794F
:10458000084A03F00103DB001360236813F00700FF
:1045900004D1936010BD4FF0FF30FBE76FF00100D6
:1045A000F8E700BF00E00F5830B50124002554EAB9
:1045B0000D05034A136923EA0403136130BD00BFEC
:1045C00000000E5810B5044610B3036803B3DB694E
:1045D000984700236060A060E360236163616368C3
:1045E000A3B91A4662620022E36AA2622276E261FD
:1045F00084F8202063B12146BDE81040042018470C
:1046000014330132198A0907FAD5EBE70122F9E7D9
:1046100010BD000008B5094B1A68824205D0392147
:10462000074B084A084800F03BFD084A12681AB1D7
:104630003D21074B034AF5E71A6008BD00EF05343A
:10464000FA7702340E80023426780234FCEE053408
:104650005378023408B5074B1B682BB96C21064B05
:10466000064A074800F01CFD064B1860C043064B85
:10467000586208BD00EF05346F780234617F023460
:1046800026780234FCEE053400100E5808B5038A73
:104690005B0706D440F2D511034B044A044800F0EE
:1046A000FFFCC06808BD00BF99780234427F023425
:1046B000B4780234CB6A2DE9F04105460C4613B1BB
:1046C0000246022098472B8A580718D52846FFF73C
:1046D000DDFF28B1C221254B254A264800F0E0FC29
:1046E0000222254B1A601A689107FCD44FF08042D1
:1046F0001A601A685200FCD41920FFF755FF6B6846
:104700000BB1284698472E8A16F0900F06F0C00786
:1047100008D10FBB194B1B68A34215D1ED21184BD3
:10472000134ADAE7154B1B68A34203D0E121154B6E
:104730000F4AD2E70020FFF78DFFF306E9D52046A8
:10474000FFF768FF002FE5D0E36A63B12A462146F0
:10475000BDE8F041032018472369002BF4D1E3683A
:10476000002BF1D1EBE7BDE8F08100BFE678023421
:10477000237F0234EF78023400E00F5800EF053455
:10478000467902341C79023408B528B9F8211A4B4D
:104790001A4A1B4800F084FCC3691BB1FA21194B6B
:1047A000164AF6E7C36813B3036923B14FF4817166
:1047B000154B124AEDE74368036183684361436A1E
:1047C0008362C3684360C368836083686BB91A46B9
:1047D00000234262C360002380F8203008BD1433F8
:1047E0000132198A0907FAD5F2E70122F9E743688D
:1047F00014334360EFE700BFB4790234FE7E023425
:10480000EF780234CF790234FF7902347047000028
:1048100038B5044600285DD02F4B034009D05942DB
:10482000194001F5B023E5331B03DA6B2B4801F087
:10483000E3FAC4F3090313B1294801F045FB14F46A
:10484000700F02D0274801F03FFBE50102D5264852
:1048500001F03AFB14F0C06F0ED0244801F034FB95
:10486000234B00211A69234801F0C6FA224B01218B
:104870001A69204801F0C0FA200102D51F4801F052
:1048800023FB61000CD51E4D1E48E96801F0B4FA07
:10489000296A1D4801F0B0FAE9691C4801F0ACFA38
:1048A000A20002D51A4801F00FFBE30002D5194817
:1048B00001F00AFBFFF7AAFF2246002340F2533122
:1048C000154801F099FA40F25731144B144A154833
:1048D00000F0E6FB38BD00BF00FC0F00407A023458
:1048E0006E7A0234947A0234B87A0234D87A023476
:1048F00000200E58F07A023400300E58057B023446
:1049000000E00F581D7B0234517B02347B7B023464
:104910009C7B0234BD7B0234D87B02346D78023438
:10492000DA7E0234EF78023410B50446B0B1036881
:10493000A3B15B6833B940F2AF11094B094A0A4889
:1049400000F0AEFB984720B94FF4D971074B054AE8
:10495000F5E72046BDE81040FFF734BE10BD00BFAC
:10496000FF7B023424800234EF780234347C02343A
:1049700010B50446B8B1C36A1BB101460022052038
:104980009847094B1B68A34202D12046FFF742FE1D
:1049900000236360A360E360236163616362A362D9
:1049A000E36184F8203010BD00EF053410B50446F3
:1049B000FFF7DEFF2046BDE81040FFF703BE000012
:1049C00010B5FFF705FB02221F4B1A601A6891070A
:1049D000FCD44FF080421A601A685200FCD440F2B6
:1049E000FF325A614FF0FF325A621A6842F00102F8
:1049F0001A604FF40012154BC3F88420BFF34F8F99
:104A0000BFF36F8F4FF48001C3F88410BFF34F8F53
:104A1000BFF36F8F4FF40001C3F88410BFF34F8FC3
:104A2000BFF36F8F4FF08071C3F88410BFF34F8FC7
:104A3000BFF36F8F5A60064B1B681BB1BDE8104077
:104A40000620184710BD00BF00100E5800E100E01E
:104A5000F8EE053473B5044630B940F249218C4B69
:104A60008C4A8D4800F01CFB436823B94FF4137146
:104A70008A4B884AF5E7037E8BB903680BB19B68C4
:104A800023B940F25E21864B824AEAE7984720B973
:104A900040F26221834B7F4AE3E70123237660687B
:104AA000038A5A0712D5FFF7F1FD012303FA00F03C
:104AB00094F8203003F0FF0643B3002836D0E369B2
:104AC00030EA030304D0012002B070BDC068EFE7F4
:104AD000754B1B68A34204D040F27A21734B6D4A98
:104AE000BFE74FF40011724AC2F88410BFF34F8F32
:104AF000BFF36F8FE36923EA0003E36151606068ED
:104B00002146FFF7D7FD2046FFF73EFE63681B8A6C
:104B10001B0734D52369002B00F0B780624B1A685D
:104B200032B98E21634B644A64489BE70646EDE741
:104B30006268128A160703D48F21614B5E4AF3E73D
:104B40002269128A550603D491215E4B5A4AEBE73B
:104B50001868FFF75FFDE3681BB19A215A4B564A6C
:104B6000E2E7226962606269A260A26A626223610E
:104B70006361A3626368143363600020A4E7002EBE
:104B8000FBD194F82030002B69D1012384F8203028
:104B90006568E3681BB161214B4B4C4A61E7E36AEE
:104BA0001BB12A462146304698472B8AD80705D59F
:104BB000E2691AB14D21464B464AB5E713F0500F52
:104BC00015D0394A11688C4203D12821424B434AFF
:104BD000AAE7116819B12C21414B404AA4E7414989
:104BE000096819B13021404B3C4A9DE714605907D0
:104BF0001CD413F0900F0AD02B4B1B689C4203D09F
:104C000078212A4B314A2CE7E868FFF723FD2B680F
:104C10000BB1284698472B8A5A071AD52846FFF722
:104C200035FD30B1A421314B284A1AE740F2FF305C
:104C3000EBE79DF80420AB6860F3000269468DF84D
:104C400004200093FFF794FC294A136843F0010302
:104C50001360E36A1BB12A46214601209847606829
:104C6000038A5B070FD5FFF711FD012303FA00F05C
:104C700000287FF428AF60682146FFF71BFD20461F
:104C8000FFF782FD79E7C068F2E702201CE700BF6A
:104C9000B4790234F57F0234EF7802343D7C02347B
:104CA000787C0234347C023400EF0534DA7C023440
:104CB00000E100E06F780234CE7F023426780234BF
:104CC000047D0234A07D0234EC7D0234AD7F0234D9
:104CD000CF7902348E7F0234247E02347A7F02340C
:104CE0004C7E0234FCEE053453780234E67802340C
:104CF00000E00F58F8B5384B384C9D68236843B333
:104D000023685B6833B940F2BA31354B354A3648CF
:104D100000F0C6F923685B681B8A5B070CD425F496
:104D20007F7020F00300FFF773FD23689BB940F20A
:104D3000DB312E4B2B4AEAE723685868FFF7A6FCC5
:104D400020B140F2C7312A4B264AE0E725F08050D7
:104D5000E9E72846E7E723685B681B8A13F004034A
:104D600023D122685268D2682A4017D04FF0010C34
:104D70000A2021681F4EC96922FA03F7FF0707D5E9
:104D80001F0357F806E047F806E00CFA03F739432B
:104D9000013803F10103EFD12368D961BFF34F8FCD
:104DA0000D4B1D61BFF34F8FF8BD23685868FFF7A7
:104DB0006DFC20B140F29A310D4B0F4AA7E7EB0092
:104DC000ECD50E4BDA68DA602368DB69226843F0C1
:104DD0000103D361E2E700BF00100E5800EF053475
:104DE000767E0234EE7E0234EF7802346F7802343D
:104DF000E67802343C500E58C07E023400E00F5872
:104E000090F82C30474A002B474B18BF134610B57B
:104E1000C4B00A9343694FF082740B93836ACDE95F
:104E20000C33424B0E93036C0F93436DCDE910335B
:104E300090F88430002B0CBF0222042242F00102C1
:104E4000ADF81020C26E04ABADF81220D0F880206F
:104E500022930692D0F8AC200369079206AA059225
:104E600040F201421293C368CDE923421393836851
:104E700014934368416A15931691016A12AB259306
:104E8000179140F20243C1692B9218918169C26B5C
:104E9000199116A927910AA9289100211A92826BCB
:104EA00026931B92426BCDE929141C92026B1D9232
:104EB0001AAACDE92C23036D22AA1E93C36C1F935B
:104EC000836C2093436C009221931EAB2E930EAB08
:104ED0002F93042308930123CDE93A13389301ABB0
:104EE000CDE93C3102ABCDE93F3103ABCDE94231F5
:104EF00038AB29AA09930E4B019231A81C223E918E
:104F00000291419103913093CDF8E4D001F0BCF8C7
:104F1000084B30A8359308AB369304F02FF844B013
:104F200010BD00BF40048408400404084010820003
:104F3000070101007D8F013408B50268064B9A42D3
:104F400004D0064800F0C0FF002008BD03691844E3
:104F5000002BFAD10248F5E73000BFEC3C80023468
:104F60006680023470B5044608461546FFF7E4FF34
:104F700030B10668134B9E4204D0134800F0A4FFE2
:104F8000002070BD436824B90DB102332B600120AD
:104F9000F7E7620701D00D48F0E70DB90C48EDE7DF
:104FA0002A68991C8A4203D20A4800F025FFE7E7E5
:104FB00000F10801C4E900639A0004F1080001F05F
:104FC000EAFAE4E77A7A05CA9B800234D080023498
:104FD0001D81023472810234F8B5069D0C4620B959
:104FE000154800F071FF002007E02968994203D0BE
:104FF0000168914202D82B600120F8BD0C214A4380
:10500000083281184968825811F0030603D00B4812
:1050100000F0F2FEE7E708440132013AEBD050F825
:1050200026102F680231A3EB070C54F821700136CB
:10503000674444F82170F0E71C8202347B8202341A
:105040000F4880F30A880F488546EEF727F90E4887
:105050000E490F4A002302E0D458C4500433C41848
:105060008C42F9D30B4A0C4C002301E0136004324C
:10507000A242FBD301F052FAECF7DEFDFEE700009E
:1050800000C00F340000103454B8023420BB023486
:1050900054B8023420BB023454F00534FEE700005B
:1050A0001FB514461A46094B05461B68D86854B903
:1050B000074B1C4600910749CDE901342B4600F00F
:1050C0006BFE01F075FA044BF4E700BF64B90234DB
:1050D00095770234C1820234B4820234022B10B5B7
:1050E0000AD09208013A03680C68002A40F8044B81
:1050F00041F8043BF6DC10BD024403780C7800F85C
:10510000014B01F8013B131A002BF6DCF3E7F8B56D
:105110000F46164604461D46984700283146384635
:105120000CDAA847002802DA3C462046F8BD314692
:105130002046A8470028F8DA3446F6E7A8470028B2
:10514000F2DC31462046A8470028F5DAEDE72DE9E4
:10515000F04F95B006461446009340EA02039B07C1
:1051600019D1B2F1040818BF4FF0010800230193D0
:1051700004FB01F7062906EB040B06EB0703029379
:1051800028D8029B9B4510D3019B002B40F0178130
:1051900015B0BDE8F08F4FF00208E7E7434622461E
:1051A00039462846FFF79AFF0FE05D460EE02F1BB9
:1051B0002946009B38469847002809DDB8F1000FC2
:1051C000ECD12B683A682A603B603D46AE42EED394
:1051D000A344D6E74FEA51093F1B072904FB09699D
:1051E000374421D0282944D9CD08009B3046654357
:1051F00006EB45027119FFF78AFF494609EB0502E4
:10520000009B8246481BFFF782FF3A468146009B7F
:10521000791BA7EB4500FFF77AFF02464946009B42
:105220005046FFF774FF8146B8F1000F24D1336870
:10523000D9F800203260C9F80030D946BA465D4638
:105240000023B94557D803933146009B48469847F9
:105250000028039B2CDC0AD1B8F1000F13D12B6876
:10526000D9F800202A60C9F8003025440123A14460
:10527000E7E73A46B246D1E743462246494630463A
:10528000FFF72CFFD9E74346224649462846FFF759
:1052900025FFEAE70BD1B8F1000F1ED13B68DAF821
:1052A00000203A60CAF80030AAEB040A01233F1B31
:1052B000B94520D803933146009B384698470028CB
:1052C000039BE7DAB8F1000F0ED1D9F800303A6845
:1052D000C9F800203B603F1BC8E7434622465146C1
:1052E0003846FFF7FBFEDFE743462246394648468D
:1052F000FFF7F4FEEFE7FBB9029B9B45BFF444AF19
:105300005D4615E04346224639462846FFF7E6FE4D
:105310000DE02F1B2946009B38469847002809DDE1
:10532000B8F1000FEED12B683A682A603B603D4629
:10533000AE42EED3A344DFE7A9EB050BAA1B5A4507
:10534000A8BF5A462AB14346A9EB02013046FFF7EF
:10535000C5FE029BAAEB0705A3EB0A02121BAA4299
:1053600028BF2A462AB1029943464846891AFFF7C0
:10537000B5FE029B5D455F46A3EB050004D93346AD
:105380002F4606465D461846A54221D9019B072BAC
:10539000B5FBF4F10DD814AAB7FBF4F702EBC30385
:1053A00043F8406C43F83C7C019B01330193064673
:1053B000DEE6009B2246FFF7CAFEA7420BD8019B00
:1053C00014AA013B019302EBC30353E91001EEE77A
:1053D000A7427FF6D9AE3046B7FBF4F1E7E7F0B568
:1053E0002DED028BB0EE408B85B017460C460D9D1F
:1053F00018EE902A0C9E25F02005002AB6BF2D221B
:105400000022B1EE408B462D1A7004D0452D00D1FC
:105410000134022100E0032103ABB0EE480B224629
:10542000019302AB0093334601F056F9472D14D196
:10543000FB070AD50219B5EE408B3021F1EE10FAC8
:1054400008BF0392039B934219D3039B0E9A1B1A26
:10545000136005B0BDEC028BF0BD462D00EB0402DD
:10546000E9D10378302B07D1B5EE408BF1EE10FA7D
:105470001CBFC4F10104346033681A44DBE75C1CD0
:1054800003941970DEE7F7B500290270BABF4942EC
:105490002D232B230929437028DD0DF107030A274B
:1054A0001D461A46013BB1FBF7F607FB16143034D4
:1054B00002F8014C0C463146632CF2DC3031941E6C
:1054C00003F8011C411C2346AB420AD30DF109032A
:1054D0009B1AAC4288BF002302330344181A03B05E
:1054E000F0BD13F8016B01F8016FEDE730233031A7
:1054F0008370031DC170F1E72DE9F04F8DB00C46AC
:1055000016461F46DDF85880054600F0B7FFD0F874
:1055100000B05846EBF73CF9002394F818900A9332
:10552000D8F8003022680733059023F0070303F111
:105530000801C8F8001093ED000B9FED976BB0EEDB
:10554000C07B84ED120BB4EE467BF1EE10FA24DD45
:10555000B5EEC00BF1EE10FA02D52D2384F84330DE
:105560008F49904BB9F1470F94BF8846984622F077
:10557000040203234FF0000A2260236133460BAA82
:1055800021462846009700F0D1F9013040F089808B
:105590004FF0FF300DB0BDE8F08FB4EE400BF1EEF0
:1055A00010FA09D710EE903A7F49002BBCBF2D238B
:1055B00084F843307D4BD5E7636809F0DF0A591C56
:1055C00039D10623636042F48062002328462260BA
:1055D00003930AABCDE9019309AB00930DF12303CB
:1055E0006168FFF7FCFEBAF1470F8046099929D19F
:1055F000C81C02DB6368994241DDA9F102095FFA28
:1056000089F901394A4604F150000991FFF73BFF3F
:105610000A9A82461318012A236102DC2268D20703
:1056200001D5013323619DF82330002BA6D02D2313
:1056300084F84330A2E7BAF1470FC4D1002BC2D19E
:105640000123BFE7B9F1650FDBD9B9F1660F18D1B6
:10565000002963680BDD216113B92268D00702D5E8
:1056600001330B4423614FF0000AA165DBE713B956
:105670002268D20701D50233F4E70123F2E74FF0A5
:1056800067090A9B994205DB23682161D807EAD59F
:105690004B1CE7E70029D4BFC1F1020201221344E9
:1056A000E0E723685A0507D4236942463146284675
:1056B000B84701302AD16BE7B9F1650F40F2E080BD
:1056C00094ED127BB5EE407BF1EE10FA33D101235D
:1056D000374A31462846B84701303FF459AFDDE933
:1056E0000938434502DB2368D8070FD5059B5A4686
:1056F00031462846B84701303FF44AAF4FF0000921
:1057000008F1FF3804F11A0AC84509DC23689B0731
:1057100000F10781E0680B9B9842B8BF184639E753
:105720000123524631462846B84701303FF430AF96
:1057300009F10109E8E7099B002B3BDC01231C4A26
:1057400031462846B84701303FF422AFDDE9093938
:1057500059EA030302D12368D907D7D5059B5A46D6
:1057600031462846B84701303FF412AF4FF0000AE7
:1057700004F11A0B099B5B42534501DC4B4694E74D
:1057800001235A4631462846B84701303FF400AF5E
:105790000AF1010AEEE700BFFFFFFFFFFFFFEF7F07
:1057A000F0820234F4820234F8820234FC82023441
:1057B0006D780234A36DDDF828A05345A8BF534689
:1057C000002B994637DC002329EAE97904F11A0213
:1057D0000793A36D07990693A3EB09038B4231DC72
:1057E000099B9A453BDC2368DA0738D4099BAAEB6E
:1057F0000309069BAAEB03039945A8BF9946B9F193
:10580000000F34DC4FF0000829EAE97904F11A0BA3
:10581000099BAAEB0303A3EB090343457FF776AF8C
:1058200001235A4631462846B84701303FF4B0AE0E
:1058300008F10108ECE7424631462846B8470130F6
:10584000C1D1A5E60123314628460692B84701306A
:105850003FF49EAE079B069A01330793B9E7059B79
:105860005A4631462846B8470130BFD190E6069ADD
:105870004B46314628464244B8470130C2D187E6FC
:10588000DDF82890B9F1010F01DCDB0736D50123E3
:10589000424631462846B84701303FF479AE059B71
:1058A0005A4631462846B84701303FF471AE09F1F7
:1058B000FF3994ED127BB5EE407BF1EE10FA18D073
:1058C0004B4608F1010231462846B84701300CD159
:1058D0005EE601235A4631462846B84701303FF478
:1058E00057AE08F10108C845F3DB534604F15002F6
:1058F000DCE64FF0000804F11A0BF4E701234246FE
:10590000E1E701234A4631462846B84701303FF4D3
:105910003FAE08F10108E3680B995B1A4345F0DCE0
:10592000F8E64FF0000804F11909F4E72DE9F04713
:10593000164698468A6807460B690C46DDF82090A3
:105940009342B8BF1346336091F843200AB1013344
:1059500033602368990642BF336802333360256899
:1059600015F0060506D104F1190AE36832689B1A9E
:10597000AB422BDC94F843302268003B18BF012374
:10598000920630D404F1430241463846C8470130FC
:1059900023D023681A3454F80A2C03F00603042B8E
:1059A0000ABF54F80E5C002533684FF0000608BFAC
:1059B000ED1A54F8123C08BF25EAE5759342C4BFBE
:1059C0009B1AED18B5421AD1002008E00123524677
:1059D00041463846C847013003D14FF0FF30BDE89B
:1059E000F0870135C1E7E1185A1C30200233224408
:1059F00081F8430094F8451082F84310C2E7012370
:105A0000224641463846C8470130E6D00136D9E73C
:105A10002DE9FF470F7E914680460C46782F9A4627
:105A20000C9E01F1430207D8622F0AD8002F00F024
:105A3000D280582F00F0B98004F1420684F84270F9
:105A40003AE0A7F16303152BF6D801A151F823F032
:105A5000A95A0134BD5A0134395A0134395A013432
:105A6000395A0134395A0134BD5A0134395A013492
:105A7000395A0134395A0134395A0134BD5B013481
:105A8000E75A0134775B0134395A0134395A013409
:105A9000DF5B0134395A0134E75A0134395A013491
:105AA000395A01347F5B013433681A1D1B68326038
:105AB00004F1420684F8423001239DE033682068F7
:105AC000191D3160060601D51D6803E04506FBD5AA
:105AD000B3F90050002D03DA2D236D4284F84330D2
:105AE00059480A2311E021683368080653F8045B1B
:105AF00002D4490648BFADB26F2F3360524814BF7D
:105B00000A230823002184F843106668002EA6604B
:105B1000A2BF216821F0040121600DB9002E4BD0F5
:105B20001646B5FBF3F103FB1157C75D06F8017D7F
:105B30002F460D46BB42F4D9082B0BD12368DF0753
:105B400008D5236961689942DEBF302306F8013C1D
:105B500006F1FF36921B22614B4603AA21464046BE
:105B6000CDF800A0FFF7E2FE01304AD14FF0FF3040
:105B700004B0BDE8F087236843F020032360782752
:105B80003248236884F845701F06316851F8045B79
:105B900002D45F0648BFADB23160D90744BF43F0BD
:105BA000200323601DB11023ACE72748E9E72368F1
:105BB00023F020032360F6E71646BDE73368256827
:105BC000181D616930602E061B6801D5196002E05E
:105BD0006806FBD51980002316462361BCE73368AD
:105BE00000211A1D32601E686268304600F0C5FC54
:105BF00008B1801B606063682361002384F8433030
:105C0000AAE72369324649464046D0470130ADD025
:105C100023689B0713D4E068039B9842B8BF1846DB
:105C2000A6E70123324649464046D04701309DD081
:105C30000135E36803995B1AAB42F2DCEBE7002520
:105C400004F11906F5E700BF008302341183023422
:105C5000002310B504468360818119464366C281E2
:105C600008228361C0E90033C0E904335C3000F0EE
:105C70000BFA0D4B246263620C4BA3620C4BE36284
:105C80000C4B23630C4B9C4206D003F168029442F8
:105C900002D0D0339C4205D104F15800BDE8104039
:105CA00000F060BC10BD00BFD95E0134FB5E013462
:105CB000335F0134575F013404EF0534024A03496E
:105CC000034800F07BB800BF58B90234D1800134DA
:105CD00068B9023441680C4B994210B5044601D0B2
:105CE00002F0F6F9A168094B994202D0204602F071
:105CF000EFF9E168064B994204D02046BDE8104018
:105D000002F0E6B910BD00BF04EF05346CEF0534B6
:105D1000D4EF053410B50B4B04210B4C0B4A204635
:105D20001A600022FFF794FF04F1680001220921A4
:105D3000FFF78EFF04F1D00002221221BDE81040CF
:105D4000FFF786BF3CF0053404EF0534BD5C013439
:105D5000014800F008BC00BF45F00534014800F0E0
:105D600003BC00BF45F0053410B50446FFF7F0FF53
:105D7000236A1BB1BDE81040FFF7F0BF044B23625C
:105D8000044B1B68002BF5D1FFF7C4FFF2E700BFFF
:105D9000D55C01343CF005340EB403B503AB0146C9
:105DA000054853F8042B0068019301F0F5FF02B099
:105DB0005DF804EB03B0704764B902342DE9F84391
:105DC0000746884614460026D4E90195B9F1010931
:105DD00005D52468002CF7D13046BDE8F883AB899F
:105DE000012B07D9B5F90E30013303D029463846C7
:105DF000C04706436835E9E70FB407B5064904AB69
:105E0000086853F8042B8168019301F0C5FF03B0C3
:105E10005DF804EB04B0704764B90234036A70B5EE
:105E200005460E4684680BB9FFF79EFF636EDB07DD
:105E300005D4A389980502D4A06D00F094FBA38932
:105E4000190702D52369002B35D12146284600F0D9
:105E5000C5F880B34FF0FF35636EDA0705D4A38928
:105E60009B0502D4A06D00F07FFB284670BD002B7F
:105E700004DAA2699A4217DC0A2915D023685A1C51
:105E800022601970A36816F8011F013BA360002966
:105E9000EDD1002B11DA22460A21284600F05FF8E6
:105EA0000130D7D00A25D7E72246284600F057F818
:105EB0000130E7D1CEE7013EE4E723685A1C2260B7
:105EC0000A221A70EEE70000024B01461868FFF73D
:105ED000A5BF00BF64B9023410B50C46B1F90E106D
:105EE00000F0F2FA0028ABBF636DA3891B1823F4FE
:105EF0008053ACBF6365A38110BD2DE9F0411F46FF
:105F00008B8905460C46DB05164605D50223002283
:105F1000B1F90E1000F0C6FAA3893246B4F90E109A
:105F2000284623F48053A3813B46BDE8F04100F0AE
:105F3000DDBA10B50C46B1F90E1000F0B3FA431CEF
:105F4000A38915BF606523F4805343F48053A38174
:105F500018BFA38110BDB1F90E1000F093BAF8B5C7
:105F60000E461446054618B1036A0BB9FFF7FCFE4E
:105F7000A369A360A3891A0701D5236943B9214600
:105F8000284600F02BF818B14FF0FF373846F8BD1F
:105F90002368F6B222693746981A6369834205DCA2
:105FA0002146284602F094F80028EDD1A368013B71
:105FB000A36023685A1C22601E70431C62699A42C7
:105FC00004D0A389DB07E1D50A2EDFD1214628467C
:105FD00002F07EF80028D9D0D6E7000038B5294B6A
:105FE00005460C46186818B1036A0BB9FFF7BCFEEA
:105FF000B4F90C30190722D4DA0607D409222A6032
:1060000043F040034FF0FF30A38133E0580712D52F
:10601000616B41B104F14403994202D0284601F07A
:10602000B1F800236363A38923F02403A381002331
:10603000636023692360A38943F00803A381236974
:106040004BB9A38903F42073B3F5007F03D0214635
:10605000284602F08AF8B4F90C3013F001020AD095
:106060000022A26062695242A261226942B913F021
:106070008000C5D138BD990758BF6269A260F4E7B6
:106080000020F7E764B9023402440346934200D18A
:10609000704703F8011BF9E710B50446084611469E
:1060A0001A468E2800F23081DFE810F08F003801A8
:1060B00092009400960098009A009C009E00A20016
:1060C000A400A800AA00AC00AE002E01B000B200EF
:1060D000B400B600B800BE00C000C600C800CA00C8
:1060E000CC00CE00D200D600D800DA00DC00DE0002
:1060F000E000E200E4002E012E012E012E012E010F
:106100002E012E012E01E800EC002E012E012E01A1
:106110002E012E012E012E012E012E012E012E0107
:106120002E012E01EE000801F000F2002E012E01DA
:106130002E01F4002E012E012E01F6002E012E015B
:10614000FA002E012E01FC002E012E012E012E013F
:106150002E012E012E012E012E012E01FE002E01F8
:106160000001020104012E012E0126012E012E0143
:106170002E012E012E012E012E012E0114010601E9
:106180000A010C010E0110012E01120116011A0163
:10619000EA00C2002C01BA00D000BC00A000A6009A
:1061A0002A01F8002E011801C4001E011C012E0155
:1061B0002E012E012E012E01D4002E012E012E01C2
:1061C000E6002801200122012401554B184610BD8C
:1061D000544BFBE7544BF9E7544BF7E7544BF5E7C7
:1061E000544BF3E7544BF1E7544BEFE7544BEDE7D7
:1061F000544BEBE7544BE9E7544BE7E7544BE5E7E7
:10620000544BE3E7544BE1E7544BDFE7544BDDE7F6
:10621000544BDBE7544BD9E7544BD7E7544BD5E706
:10622000544BD3E7544BD1E7544BCFE7544BCDE716
:10623000544BCBE7544BC9E7544BC7E7544BC5E726
:10624000544BC3E7544BC1E7544BBFE7544BBDE736
:10625000544BBBE7544BB9E7544BB7E7544BB5E746
:10626000544BB3E7544BB1E7544BAFE7544BADE756
:10627000544BABE7544BA9E7544BA7E7544BA5E766
:10628000544BA3E7544BA1E7544B9FE7544B9DE776
:10629000544B9BE7544B99E7544B97E7544B95E786
:1062A000544B93E7544B91E7544B8FE7544B8DE796
:1062B000544B8BE7544B89E7544B87E7544B85E7A6
:1062C000544B83E7544B81E7544B7FE7544B7DE7B6
:1062D000544B7BE7544B79E7544B77E7544B75E7C6
:1062E000544B73E7544B71E7544B6FE7544B6DE7D6
:1062F000544B6BE7544B69E7544B67E7544B65E7E6
:10630000544B63E7544B61E7002A08BF224600F074
:10631000B3F8524B002818BF034657E7504B55E7D8
:1063200022830234348302344E8302345E83023487
:1063300076830234808302349A830234AC8302343D
:10634000BE830234D7830234E7830234F3830234FA
:1063500010840234228402343384023445840234AB
:10636000518402346984023475840234878402348F
:1063700096840234A6840234B3840234D284023474
:10638000E1840234F2840234168502343485023406
:10639000528502347285023489850234988502342C
:1063A000A7850234BB850234D3850234E1850234EB
:1063B000EE85023404860234138602341F860234CA
:1063C0004E8602345F8602347A8602348D86023429
:1063D000A3860234AC860234C3860234CB860234F0
:1063E000D8860234ED8602340187023419870234DC
:1063F00028870234398702344C87023458870234A4
:106400007187023485870234A0870234B88702344A
:10641000D2870234DA8702340A88023429880234A7
:10642000488802345F880234728802348B880234D0
:10643000A2880234B8880234D9880234F188023440
:106440000D89023420890234368902344A890234A3
:106450006C89023492890234A3890234957702341C
:106460002A8302340146002302481A460068FFF7D7
:1064700013BE00BF64B90234002070470048704763
:10648000A4BA023438B50023054D044608462B60F3
:10649000EBF764FF431C02D12B6803B1236038BDC6
:1064A00040F0053438B50446064D08461146002232
:1064B0002A601A46EBF75CFF431C02D12B6803B13C
:1064C000236038BD40F0053438B50446064D084613
:1064D000114600222A601A46EBF732FF431C02D114
:1064E0002B6803B1236038BD40F0053438B504464D
:1064F000064D0846114600222A601A46EBF702FFB5
:10650000431C02D12B6803B1236038BD40F0053431
:10651000014B1868704700BF64B9023470B50D4D67
:1065200000260D4C641BA410A64209D10B4D002679
:106530000B4C03F0F1FC641BA410A64205D170BD06
:1065400055F8043B01369847EEE755F8043B013611
:106550009847F2E74CB802344CB802344CB80234D5
:1065600050B80234704770477047034611F8012B4A
:1065700003F8012B002AF9D17047C9B2034602443F
:1065800010B59342184601D1002003E0047801338E
:106590008C42F6D110BD0A44431E914200D170478F
:1065A00010B511F8014B914203F8014FF9D110BD1C
:1065B000062008B501F058FE0120EBF7BBFE2DE9DF
:1065C000F74F036907460C69A342C0F28380013C80
:1065D00000F1140501F11408A30055F8242008EB7C
:1065E0008409009305EB8403019358F824300133A8
:1065F0009A42B2FBF3F631D34FF0000AC446AE46DE
:10660000D3465CF8043B98B2E1454FEA134306FBDE
:1066100000A04FEA104280B206FB0323DEF8002000
:1066200092B24FEA134AA2EB00029BB2DEF80000DE
:106630005A44C3EB224392B203EB104342EA0342B3
:106640004FEA234B4EF8042BDBD2009BEB582BB9BF
:10665000019B043B9D421A4630D33C61384601F011
:106660000DF9002826DB2946002058F8042BD1F824
:1066700000C01FFA82FEC1451FFA8CF34FEA124296
:10668000A3EB0E030344C2EB23429BB202EB1C427A
:1066900043EA02434FEA224041F8043BE5D255F871
:1066A000242005EB840322B9043B9D421A460BD3F8
:1066B0003C610136304603B0BDE8F08F1268043B00
:1066C000002ACAD1013CC5E71268043B002AEFD179
:1066D000013CEAE70020EEE72DE9F04FC76981466B
:1066E0002DED028B91B055EC104B1C9E0791099239
:1066F0000D938DED020B7FB9102000F08DFD024649
:10670000C9F81C0020B9A04BEF21A048FEF7C8FC37
:10671000C0E901770760C760D9F81C30196859B122
:106720005A680123484693404A608B6000F06AFE35
:10673000D9F81C3000221A602B1EB7BF23F000438B
:10674000002301220393ACBF33603260904B039E61
:10675000B34310D142F20F730D9A1360C6F31303C3
:10676000234300F0DE841D9B8A4F002B00F0E08461
:10677000FB1C00F0DBBC9DED028BB5EE408BF1EE17
:1067800010FA0AD101230D9A13601D9B13B1824B9D
:106790001D9A1360814F00F0CBBC0EAAB0EE480BDF
:1067A0000FA9484601F01EF9C6F30A530E9A01904C
:1067B000002B45D018EE901AB0EE487BA3F2FF33C1
:1067C0000025C1F3130141F07F5141F44011B7EEB0
:1067D000086B07EE901A9FED665B37EE467B9FEDE8
:1067E000666BA7EE056B07EE903AB8EEE74B9FEDB0
:1067F000645BB0EE467BA4EE057BB5EEC07BFDEEA0
:10680000C76BF1EE10FA16EE908A08D5B8EEE66B7B
:10681000B4EE476BF1EE10FA18BF08F1FF38B8F18B
:10682000160F2DD85E4901EBC80191ED007BB4EE47
:10683000C78BF1EE10FA01D508F1FF38002120E0F6
:106840000F9B0125134403F232412029C9BFC1F136
:106850004001C1F120018E4003F21241D8BF04FA79
:1068600001F103F1FF33C4BF24FA01F1314307EE14
:10687000901AB8EE677B17EE901AA1F1F871A6E7AF
:106880000121D21A0C91531E069349BFC2F1010394
:1068900000230593002354BF05930693B8F1000F1E
:1068A00016DB069BCDF82880434406930023079A05
:1068B000092A47D8052AC5BF043A002401240792B3
:1068C000079A023A032A48D8DFE802F00B2E2C3A46
:1068D000059B0022A3EB08030A920593C8F100036D
:1068E000E5E700220892099A002A39DC4FF0010BF3
:1068F000DA465A46CDF824B0D9F81C70002104209D
:1069000000F11406964230D979604846049300F0AD
:1069100039FD049B0746002846D1224B024640F22F
:10692000AF11F2E60122DDE700220892099A08EB96
:10693000020B0BF1010A5246012AB8BF0122DBE724
:106940000122F2E701240022CDE907244FF0FF3BAA
:1069500000211222DA460991CEE701220892F5E7DA
:10696000DDF824B0DA465A46C6E701314000C7E7F1
:1069700061436F63A787D23FB3C8608B288AC63F45
:10698000FB799F501344D33FC5890234DC8902341C
:106990000000F07FC18902346E7802346D780234D1
:1069A000D88A0234348A0234D9F81C20BAF10E0F86
:1069B00010606FD8002C6DD0B8F1000F40F3C2808A
:1069C00008F00F01C94A18F4807F02EBC1024FEAB8
:1069D000281192ED007B00F0A980C54A01F00F015B
:1069E00092ED086B032288EE066B8DED026BC048BA
:1069F000002940F09D809DED026B86EE077B8DEDBA
:106A0000027B0C999DED027B002900F0C180B7EE5E
:106A1000006BB4EEC67BF1EE10FA40F1B980BAF12A
:106A2000000F00F0B580BBF1000F31DDB2EE046B5A
:106A300008F1FF3101325C46049127EE067B8DEDB3
:106A4000027B07EE902AB1EE0C5B9DED026BB8EE77
:106A5000E77BA7EE065B15EE902A51EC150BA2F131
:106A60005071002C40F09880B1EE047B36EE476BFD
:106A700041EC170BB4EEC76BF1EE10FA00F3618234
:106A8000B1EE477BB4EEC76BF1EE10FA00F1F58082
:106A90008DED028B0F9A002AC0F22C81B8F10E0FF7
:106AA00000F32881914B03EBC80393ED006B099B26
:106AB000002B03DABAF1000F40F3D280B2EE044BA0
:106AC0003E469DED027B87EE065BBDEEC55B15EE97
:106AD000103AB8EEC53B3033A3EE467B06F8013BD7
:106AE000F31B9A4540F0F88037EE077BB4EEC67B87
:106AF000F1EE10FA00F3DD80B4EE467BF1EE10FA11
:106B000004D115EE103ADB0700F1D3800199484615
:106B100000F078FC00230D9A337008F10103136034
:106B20001D9B002B00F004831E6001E302225EE740
:106B3000CC0704D5013290ED006B27EE067B49109F
:106B4000083055E722D0C8F10001684A002401F05E
:106B50000F00091102EBC002654892ED007B022292
:106B600028EE077B8DED027B29B9002C3FF449AF5D
:106B70008DED027B45E7CE0705D50132012490ED6E
:106B8000006B27EE067B49100830EDE7022238E75C
:106B90005446CDF8108054E7544A02EBC4023C44FA
:106BA00012ED024B089A41EC170B4AB3B6EE003BCC
:106BB0003E46B7EE002B83EE045BB2EE043B35EEAF
:106BC000477BFDEEC64BB8EEE45B14EE902A303204
:106BD00036EE456B06F8012BB4EEC76BF1EE10FAFA
:106BE00038D432EE465BB4EEC75BF1EE10FA62D4F5
:106BF000A6423FF44DAF27EE037B26EE036BE0E7A2
:106C000027EE047B21463E46B2EE043BFDEEC64B2A
:106C100014EE902AB8EEE45B303236EE456B06F89F
:106C2000012BA64219D1B6EE005B37EE054BB4EE50
:106C3000C46BF1EE10FA3EDC35EE475BB4EEC56B8B
:106C4000F1EE10FA7FF524AF0E46013916F8013C3B
:106C5000302BF9D0DDF8108058E726EE036BD5E72E
:106C60000BD1B1EE047B26EE076B9DED027BB4EEFB
:106C7000C76BF1EE10FAC0F2618100242546099B32
:106C80003E46DB4304934FF000082146484600F09F
:106C9000B9FB002DDED0B8F1000F05D0A84503D018
:106CA0004146484600F0AEFB2946484600F0AAFBA4
:106CB000D0E7CDF8108033461E4613F8012D392A4F
:106CC00006D19F42F8D1049A0132049230223A70E0
:106CD0001A7801321A70BDE727EE047BB5EE407BCF
:106CE000F1EE10FA7FF4EFAE10E700BFD88A02345D
:106CF000B08A02340899002900F0E380079901293D
:106D000000F3C880002D00F0C18002F233421C461F
:106D1000059E04930121059B484613440593069B59
:106D20001344069300F024FC049B054666B1069AC2
:106D3000002A09DDB2420599A8BF3246891AB61A5F
:106D4000059106998A1A0692FBB1089A002A00F06A
:106D5000BC809CB12946224648460B9300F0C8FCF3
:106D6000019A01460546484600F018FC0199049036
:106D7000484600F047FB049A0B9B01921A1B04D073
:106D80000199484600F0B4FC01900121484600F00A
:106D9000EFFB0A9B0446002B00F0D0811A46014607
:106DA000484600F0A5FC079B0446012B00F39580A4
:106DB000029B002B40F08B80039BC3F31302002A3D
:106DC00040F0878023F00042120D1205002A00F0E7
:106DD0008280059B01330593069B013306930123B3
:106DE0000B930A9B002B00F0AF81226904EB820217
:106DF000106900F071FBC0F12000069B184410F0F0
:106E00001F0076D0C0F12002042A69DDC0F11C0009
:106E1000059B034406440593069B03440693059B88
:106E2000002B05DD1A460199484600F0BBFC019095
:106E3000069B002B05DD21461A46484600F0B2FCB1
:106E400004460C9B002B56D02146019800F016FDFD
:106E5000002850DA08F1FF330A22019948460493CA
:106E6000002300F0F1FA089B0190002B00F06E81E6
:106E7000294600230A22484600F0E6FABBF1000F3B
:106E8000054664DC079B022B3EDC60E00E9AC2F1F3
:106E900036023CE70AF1FF34A342BBBFE21A0A9B69
:106EA0001C1B9B18BEBF0A9323460024BAF1000F97
:106EB000B3BF059A5246059EA2EB0A06B8BF002250
:106EC00027E71C46059E089D30E71A4658E7002331
:106ED00086E7029B84E70B9283E700230B9384E70A
:106EE0009DD01C32059B134416440593069B134406
:106EF00094E70246F5E7BAF1000FD346CDF81080CB
:106F000021DC079B022B1EDDBBF1000F7FF4B7AE27
:106F100021465B460522484600F096FA01460446A3
:106F2000019800F0ABFC00287FF7A9AE31233E4664
:106F300006F8013B049B01330493A4E65446CDF8C4
:106F400010802546F2E7089B002B00F00381002EFD
:106F500005DD29463246484600F024FC05460B9BD9
:106F6000002B58D06968484600F00CFA064628B94C
:106F7000824B024640F2EF21FFF7C7BB2A6905F1B9
:106F80000C010C3002329200FFF705FB0122314662
:106F9000484600F007FC7B1CA8460546059307EB16
:106FA0000B030993029B03F001030893059B214601
:106FB000019803F1FF3BFFF702FB4146029000F10D
:106FC000300A019800F05AFC2A46069021464846AD
:106FD00000F070FCC2680646FAB90146019800F05C
:106FE0004DFC0246314648460A9200F00BFA079BD8
:106FF0000A9A059E43EA0201089B19430FD1BAF190
:10700000390F28D0069B002B02DD029B03F1310AC9
:107010008BF800A039E62846BDE70122E2E7069B8F
:10702000002B04DB07990B4308990B4320D1002A5E
:10703000EEDD01220199484600F0B4FB21460190A3
:1070400000F01CFC002803DCE2D11AF0010FDFD0B5
:10705000BAF1390FD9D139238BF8003033461E46A7
:10706000013B16F8012C392A53D001321A700CE674
:10707000002A07DDBAF1390FEDD00AF101038BF8D0
:10708000003002E6059B059A03F801AC099B934288
:1070900029D000230A220199484600F0D5F9A845D5
:1070A00001904FF000034FF00A024146484607D1D5
:1070B00000F0CAF980460546059B0133059375E744
:1070C00000F0C2F92946804600230A22484600F013
:1070D000BBF90546F0E7BBF1000F4FF00008CCBF4D
:1070E0005E4601263E4401220199484600F05AFBC3
:1070F0002146019000F0C2FB0028AFDC02D11AF05B
:10710000010FABD133461E4613F8012D302AFAD0B9
:10711000BBE59F42A3D1049B0133049331233B7011
:10712000B3E51D9B164F1BB107F108031D9A1360B1
:10713000384611B0BDEC028BBDE8F08F079B012BE8
:107140007FF736AE0A9B0B93012056E6BBF1000F8A
:107150007FF7D7AE3E4621460198FFF730FA00F19F
:10716000300A06F801ABF21B9345B4DD00230A2276
:107170000199484600F068F90190ECE7348A02343E
:10718000B889023438B50546002941D051F8043C8D
:107190000C1F002BB8BFE41800F0E8F81D4A136874
:1071A00033B9636014602846BDE8384000F0E4B8A5
:1071B000A34208D9206821188B4201BF19685B6877
:1071C00009182160EDE71A465B680BB1A342FAD9B2
:1071D00011685018A0420BD120680144501811606A
:1071E0008342E0D118685B68084453601060DAE7B6
:1071F00002D90C232B60D6E7206821188B4202BFEE
:1072000019685B680918636008BF21605460CAE7A9
:1072100038BD00BF4CF00534024B0146186800F041
:1072200025B800BF64B9023470B50F4E0C46054650
:10723000316811B901F056F830602146284601F056
:1072400051F8431C03D14FF0FF34204670BDC41CDD
:1072500024F00304A042F8D0211A284601F042F895
:107260000130F2D1EFE700BF48F005342DE9F843D3
:10727000CD1C064625F0030508350C2D38BF0C251E
:10728000002D01DBA94204D90C2333600020BDE8A6
:10729000F883DFF8D48000F069F8D8F800301C4695
:1072A00044BB29463046FFF7BFFF431C044658D174
:1072B000D8F800402746002F43D1002C4BD023683C
:1072C0003946304604EB030901F00CF8814542D100
:1072D000216830466D1A2946FFF7A6FF01303AD0E3
:1072E00023682B442360D8F800305A6862BBC8F882
:1072F00000700FE02268521B20D40B2A17D96119A5
:10730000A342256018BF5960636808BFC8F8001021
:1073100062514B60304600F02FF804F10B00231D42
:1073200020F00700C21A1CBF1B1AA350AFE7626807
:10733000A3420CBFC8F800205A60EBE723466468FC
:10734000AEE73C467F68B6E71A465B68A342FBD1CE
:1073500000235360DEE70C233046336000F00CF866
:1073600094E70560D6E700BF4CF005340148FFF70D
:10737000FAB800BF44F005340148FFF7F5B800BF84
:1073800044F0053470B5C66904460D4676B9102040
:10739000FFF742FF0246E06120B9184B6B21184805
:1073A000FDF77EFEC0E901660660C660E669F36827
:1073B00083B1E369DB6853F82500B8B901212046A1
:1073C00001FA05F6721D920000F09CFF60B1C0E961
:1073D00001560EE021220421204600F093FFE369CC
:1073E000F060DB68002BE4D1002070BD026843F838
:1073F00025200023C0E90333F7E700BFC589023425
:10740000458A023470B5C66905460C4676B9102027
:10741000FFF702FF0246E86120B9094B8F210948B6
:10742000FDF73EFEC0E901660660C6603CB1EB694F
:107430006268DB6853F82210216043F8224070BD77
:10744000C5890234458A02342DE9F04101F1140C5A
:1074500007460C461E460D690020DCF8003001305E
:1074600099B2854202FB01614FEA13464FEA11438C
:1074700089B202FB063301EB03414FEA13464CF895
:10748000041BEADC0EB3A368AB4219DC6168384622
:107490000131FFF777FF804628B902460C4BBA212D
:1074A0000C48FDF7FDFD226904F10C010C3002329D
:1074B0009200FFF770F8214644463846FFF7A2FFD6
:1074C00004EB850301355E6125612046BDE8F0814E
:1074D000348A0234458A0234B0F5803F034636BF11
:1074E000030400201020B3F1807F3CBF1B02083052
:1074F000B3F1805F3CBF1B010430B3F1804F3CBF50
:107500009B000230002B05DB13F0804F00F10100DF
:1075100008BF202070470368024613F007000BD015
:10752000D90721D4980747BF5B0801209B08022098
:107530004CBF13601360704799B209B91B0C10203F
:10754000D9B209B908301B0A190704BF1B09043056
:10755000990704BF9B080230D90703D45B0800F1E8
:10756000010003D01360704700207047202070474F
:1075700010B50C460121FFF705FF024628B9054B5F
:1075800040F245110448FDF78BFD0123446103617E
:1075900010BD00BF348A0234458A02342DE9F04F11
:1075A00014460A690F4685B023699A42A2BF234652
:1075B0000C461F46D4F810A0A368D7F81090616855
:1075C0000AEB0906B342B8BF0131FFF7DBFE30B961
:1075D0000246454B4FF4B1714448FDF761FD00F19F
:1075E0001405002205EB86082B46434521D307F1FD
:1075F000140104F1140204F1150702EB8A0201EBF5
:1076000089030293131B153B23F003030433BA428F
:1076100038BF04230193029B03918B420CD8002EA8
:1076200003DD58F8043D002B5BD0066105B0BDE8D2
:10763000F08F43F8042BD8E7B1F800A0BAF1000F9F
:1076400024D004F1140EA9464FF0000C5EF8047B20
:10765000D9F800301FFA87FB72459BB20AFB0B3347
:107660004FEA174BD9F8007063444FEA174C0AFBF6
:107670000BC707EB13479BB24FEA174C43EA07438C
:1076800049F8043BE2D8019B45F803C0039B043151
:10769000B3F80290B9F1000F21D02B6804F1140C5B
:1076A000AE464FF0000ABCF800B09BB2BEF80270C4
:1076B00009FB0B77574443EA07434EF8043B5CF859
:1076C000043B4FEA134ABEF80030624509FB0A3317
:1076D00003EB17434FEA134AE5D8019FEB510435FA
:1076E00099E7013E9BE700BF348A0234458A0234A1
:1076F0002DE9F843154612F0030207460E4607D05F
:10770000013A254C002354F82220FFF79DFE06463F
:10771000AD103DD0FC697CB91020FFF77DFD02461D
:10772000F86128B91D4B40F2B3111D48FDF7B8FCB4
:10773000C0E901440460C460D7F81C80D8F8084050
:107740004CB940F271213846FFF712FF002304467E
:10775000C8F8080003604FF00009EB070AD531466E
:1077600022463846FFF71AFF8046314638464646DD
:10777000FFF748FE6D100BD0206838B9224621462D
:107780003846FFF70BFF2060C0F800900446E4E79E
:107790003046BDE8F88300BFA08A0234C5890234B0
:1077A000458A02342DE9F0470C46074691464FEAD8
:1077B000621A2369496803EB6218A36808F101069D
:1077C000B3420BDB3846FFF7DDFD054648B90246FC
:1077D000284B4FF4EF712848FDF762FC01315B0044
:1077E000EEE7002300F1140100F1100218465345A2
:1077F00033DB2AEAEA7A04F11403206919F01F093D
:1078000001EB8A0103EB800C2BD0C9F1200E8A46D4
:107810000022186800FA09F010434AF8040B53F8E4
:10782000042B9C4522FA0EF2F3D8ACEB040304F1CE
:107830001500153B23F003030433844538BF0423AC
:10784000CA500AB108F10206013E384621462E61AF
:10785000FFF7D8FD2846BDE8F087013342F8040F52
:10786000C5E7043953F8042B9C4541F8042FF9D897
:10787000EAE700BF348A0234458A023403460A69C3
:107880000069801A30B50ED11433143103EB820431
:1078900001EB820154F8045D51F8042D954203D0A8
:1078A00005D24FF0FF3030BDA342F3D3FBE70120F8
:1078B000F9E700002DE9F74F8946064611461446C0
:1078C0004846FFF7DBFF051E12D129463046FFF779
:1078D00059FD024628B9414B40F237214048FDF797
:1078E000DFFB0123C0E90435104603B0BDE8F08F8B
:1078F000BCBF4B46A1463046B8BF0125D9F804109D
:10790000B4BF1C460025FFF73DFD024618B9334BB6
:1079100040F24521E2E7D9F8107004F1140E26690F
:1079200000F1140BC56009F1140509F110030EEB09
:10793000860605EB8708D9464FF0000C0193019BA2
:107940005EF8040B53F804AF764501931FFA8AF3EF
:10795000194683B24FEA1040A1EB0303C0EB1A4073
:10796000634400EB23409BB24FEA204C43EA0043C0
:1079700049F8043BE3D8331B1534153B23F00303CC
:107980000433A64238BF04231D445B442C461E46E4
:1079900044450ED308F10301491B033D21F00301C7
:1079A000A84538BF00210B4453F8041D99B1176155
:1079B0009AE754F8041BE6461FFA81FC080C714450
:1079C000F44489B200EB2C4041EA00414FEA204CDC
:1079D00046F8041BDCE7013FE6E700BF348A0234C7
:1079E000458A02342DE9F7430F460121164659EC2A
:1079F000108BFFF7C7FC044630B90246234B40F218
:107A00000F312348FDF74CFBC9F30A55C9F31303A3
:107A10000DB143F480130193B8F1000323D06846FD
:107A20000093FFF778FDDDE90012D0B1C0F120032B
:107A300002FA03F3C2400B4301926361019B002BE6
:107A4000A3610CBF012202222261A5B1A5F2334538
:107A50000544C0F135003D603060204603B0BDE80C
:107A6000F0836161EAE701A8FFF755FD019B203033
:107A700001226361E8E7A0F2324004EB8203386040
:107A80001869FFF729FDC0EB4210E5E7348A02349C
:107A9000458A02342DE9F0471F468E6882460C461F
:107AA000BE4290460B682DD8B1F90C2012F4906FAD
:107AB00026D06569096905EB4505A3EB01097B1C27
:107AC00005EBD5754B446D109D4238BF1D465305DF
:107AD00027D52946FFF7CAFB064660B34A46216907
:107AE000FEF759FDA38923F4906343F08003A3813B
:107AF00026614E446561A5EB090526603E46A560FA
:107B0000BE4200D93E4632464146206800F069FB3D
:107B1000A36800209B1BA360236833442360BDE857
:107B2000F0872A4600F014FC06460028E0D12169BF
:107B30005046FFF727FB0C234FF0FF30CAF8003008
:107B4000A38943F04003A381E9E700002DE9F04F4A
:107B500098468B899DB007461B060D46144610D5E6
:107B60000B6973B94021FFF781FB2860286130B9A8
:107B70000C233B604FF0FF301DB0BDE8F08F402379
:107B80006B610023CDF80C804FF00109DFF8A08174
:107B9000099320238DF8293030238DF82A3023468D
:107BA0009A4613F8012B0AB1252AF9D1BAEB040B36
:107BB0000BD05B46224629463846FFF76BFF013063
:107BC00000F0A780099A5A4409929AF80030002BD5
:107BD00000F09F8000234FF0FF320AF1010A049366
:107BE00007938DF853301A93CDE9052354460522A7
:107BF0004F4814F8011BFEF7C0FC049AD8B9D00610
:107C000044BF20238DF85330110744BF2B238DF838
:107C100053309AF800302A2B15D0079A544600208A
:107C20004FF00A0C214611F8013B303B092B4BD990
:107C3000B0B1079214E0A0EB0803A24609FA03F3DF
:107C400013430493D2E7039B191D1B68002B039178
:107C5000BBBF5B4242F0020207930793B8BF049296
:107C600023782E2B0AD163782A2B32D1039B02343E
:107C70001A1D1B6843EAE37303920593DFF8C0A063
:107C8000032221785046FEF778FC38B1A0EB0A00B9
:107C90004022049B013482401343049314F8011BD7
:107CA000062224488DF82810FEF767FC002836D0FD
:107CB000214B1BBB039B073323F0070308330393BC
:107CC000099B334409936AE70CFB02320C460120FE
:107CD000A8E7002301344FF00A0C1946059320460B
:107CE00010F8012B303A092A03D9002BC6D0059190
:107CF000C4E70CFB012104460123F0E703AB2A464D
:107D000004A9384600930D4BFDF7F6FB421C0646CE
:107D1000D6D1AB895B063FF52DAF09982CE703ABB5
:107D20002A4604A938460093044BFDF771FEEDE79F
:107D3000A08B0234AA8B0234F9540134957A0134B1
:107D4000A68B02349368013B002B936010B408DAD1
:107D50009469A34201DB0A2903D15DF8044BFEF7C5
:107D6000FEB81368581C1060084619705DF8044B83
:107D70007047F8B506460F461446D518AC4201D1F7
:107D8000002007E03A4614F8011B3046FFF7DAFFFF
:107D9000431CF3D1F8BD00002DE9F04F0D469DB016
:107DA00014469846064618B1036A0BB9FDF7DCFF86
:107DB0006B6ED90705D4AB899A0502D4A86DFEF77E
:107DC000D2FBAB891B0701D52B699BB929463046ED
:107DD000FEF704F970B16B6EDC0704D54FF0FF308D
:107DE0001DB0BDE8F08FAB899805F7D4A86DFEF7FC
:107DF000BBFBF3E70023CDF80C804FF00109DFF85F
:107E0000B481099320238DF8293030238DF82A304E
:107E100023469A4613F8012B0AB1252AF9D1BAEB69
:107E2000040B0BD05B46224629463046FFF7A1FFE4
:107E3000013000F0A780099A5A4409929AF800305C
:107E4000002B00F09F8000234FF0FF320AF1010A5F
:107E5000049307938DF853301A93CDE905235446C4
:107E60000522544814F8011BFEF787FB049AD8B981
:107E7000D10644BF20238DF85330130744BF2B2372
:107E80008DF853309AF800302A2B15D0079A5446B3
:107E900000204FF00A0C214611F8013B303B092B22
:107EA0004BD9B0B1079214E0A0EB0803A24609FA3F
:107EB00003F313430493D2E7039B191D1B68002BA4
:107EC0000391BBBF5B4242F0020207930793B8BF26
:107ED000049223782E2B0AD163782A2B32D1039B6C
:107EE00002341A1D1B6843EAE37303920593DFF81B
:107EF000D4A0032221785046FEF73FFB38B1A0EB17
:107F00000A004022049B013482401343049314F876
:107F1000011B062228488DF82810FEF72EFB0028AA
:107F20003FD0264B1BBB039B073323F007030833CB
:107F30000393099B3B4409936AE70CFB02320C460E
:107F40000120A8E7002301344FF00A0C19460593DD
:107F5000204610F8012B303A092A03D9002BC6D04D
:107F60000591C4E70CFB012104460123F0E703ABB4
:107F70002A4604A930460093114BFDF7BDFA074687
:107F8000781CD6D16B6ED90705D4AB899A0502D47B
:107F9000A86DFEF7E9FAAB895B063FF51FAF0998BC
:107FA0001EE703AB2A4604A930460093044BFDF7B5
:107FB0002FFDE4E7A08B0234AA8B0234F95401347C
:107FC000737D0134A68B0234B1F90C202DE9F04108
:107FD000160705460C4654D44B68002B02DC0B6C8C
:107FE000002B48DDE66A002E45D0002312F48052B3
:107FF0002F68216A2B6030D0626DA389590705D59F
:108000006368D21A636B0BB1236CD21A0023E66A41
:10801000216A2846B047431CA38906D129681D2937
:108020002BD82A4A0A41D60727D40022D9046260F5
:108030002269226004D5421C01D12B6803B9606516
:10804000616B2F60B9B104F14403994202D0284614
:10805000FFF798F8002363630DE001232846B0473B
:108060000246501CC9D12B68002BC6D01D2B01D055
:10807000162B1DD12F60002021E043F040031BB2DE
:108080001AE00F69002FF6D093070E680F600CBF3F
:108090004B690023A6EB07088B60B8F1000FEADDFF
:1080A00043463A46216A2846A66AB047002808DCBB
:1080B000B4F90C3043F040034FF0FF30A381BDE82A
:1080C000F0810744A8EB0008E7E700BFFEFFBFDF31
:1080D00038B50B6905460C4613B90025284638BD4E
:1080E00018B1036A0BB9FDF73FFEB4F90C30002B51
:1080F000F3D0626ED00704D4990502D4A06DFEF7C8
:1081000032FA28462146FFF75FFF636E0546DA071D
:10811000E4D4A3899B05E1D4A06DFEF725FADDE741
:1081200070B50C46B1F90E1096B0154600291E46E2
:108130000CDAA389002113F0800F14BF40234FF401
:108140008063002031602B6016B070BD6A4600F07D
:1081500093F80028EDDB019901F47041A1F500537B
:10816000594259414FF48063EBE78B89F7B59D077E
:1081700006460C4607D504F147032360236101231B
:10818000636103B0F0BD01AB6A46FFF7C9FF009F12
:10819000054630463946FFF769F848B9B4F90C305E
:1081A0009A05EED423F0030343F00203A381E2E730
:1081B000A389206043F08003A381019BC4E90407E5
:1081C0005BB1B4F90E10304600F068F828B1A3890D
:1081D00023F0030343F00103A381A3891D43A58179
:1081E000CFE7884210B501EB020402D9844223464E
:1081F00007D8431EA14208D011F8012B03F8012F24
:10820000F8E7024401468A4200D110BD13F8014D3F
:1082100002F8014DF7E71F2938B505460C4604D989
:10822000162303604FF0FF3038BDC26B12B152F815
:1082300021304BB9284600F053F822460146284623
:10824000BDE8384000F03AB8012B0AD0591C03D1E0
:10825000162303600120E7E70021204642F824109E
:1082600098470020E0E70000024B01461868FFF73E
:10827000D2BF00BF64B9023438B50023064D0446AE
:10828000084611462B60EAF76CF8431C02D12B68B4
:1082900003B1236038BD00BF40F0053438B500237A
:1082A000054D044608462B60EAF760F8431C02D1EE
:1082B0002B6803B1236038BD40F0053438B5002386
:1082C000064D0446084611462B60EAF72BF8431C7E
:1082D00002D12B6803B1236038BD00BF40F00534E4
:1082E000EAF71EB838B50023054D044608462B6052
:1082F00000F036FE431C02D12B6803B1236038BD69
:1083000040F0053470B5A1FB02543CB92946FEF794
:10831000ADFF064628B90026304670BD0C2202602B
:10832000F9E72A462146FDF7AFFEF5E782B001B92D
:1083300001A942B14BB113780B601278101E18BF1F
:10834000012002B070471046FBE76FF00100F8E72C
:108350002DE9F041804615460C4621B91146BDE88D
:10836000F041FEF783BF2AB9FEF70CFF0024204638
:10837000BDE8F08100F027F88542064602D8B5EB4B
:10838000500FF4D829464046FEF770FF07460028F4
:10839000ECD0B5422A46214628BF3246FEF7FBF80C
:1083A000214640463C46FEF7EDFEE0E70346084620
:1083B00041B1FF2A04D98A224FF0FF301A6070477A
:1083C00001200A70704751F8043C181F002BBCBFF5
:1083D0000B58C0187047000008B52DED028BB0EEA9
:1083E000408B00F059FCB4EE488BF1EE10FA0FD63A
:1083F000B5EEC08BF1EE10FA0AD8B5EE408BF1EE77
:1084000010FA08D1FEF784F822239FED090B0360D0
:10841000BDEC028B08BDFEF77BF82123BDEC028B7F
:1084200003600548BDE8084000F00AB8AFF30080DB
:10843000000000000000F0FF95770234000000000B
:108440009FED010B704700BF000000000000F87FA7
:1084500010B52DED028BB0EE408B0446FEF758F8B8
:108460000460B0EE480BBDEC028B10BD82B058B179
:10847000B1EE407B22208DED007B9DED007B20EE58
:10848000070B02B0FFF7E4BFB0EE407BF2E700005D
:108490009FED010BFFF7EABF000000000000001095
:1084A0009FED010BFFF7E2BF00000000000000702D
:1084B000BFEE006B82B0B7EE007B00284FF02200C9
:1084C00007FE067B8DED007B9DED000B9FED047B91
:1084D00080EE070B02B0FFF7BBBF00BFAFF3008019
:1084E0000000000000000000B0EE407B30EE406B6A
:1084F000B4EE477B86EE060BF1EE10FA02D6212091
:10850000FFF7A6BF7047B5EE400BF1EE10FA02D1AF
:108510002220FFF79DBF7047B0EEC07B9FED066B3A
:10852000B4EE467BF1EE10FA02DD2220FFF790BF99
:10853000704700BFAFF30080FFFFFFFFFFFFEF7F3B
:10854000C1F30A5240F2FE339A4270B52ADD40F27E
:1085500033439A4224DC9B1A4FF0FF32A3F12006EA
:1085600002FA03F4C3F1200502FA06F622FA05F531
:108570009A40344320EA02022C4321EA04042243B5
:10858000A3F12004C3F120020CD1D84001FA02F378
:10859000E1401843084300F00100D0F1020070BD33
:1085A0000220FCE70020FAE72DE9F04F10EE904A98
:1085B00040F2FD7311EE90AA10EE105A4FEA1458D3
:1085C00011EE100A4FEA1A5608F1FF32C4469A42D9
:1085D0002DED0A8B87B006D8C6F30A03A3F2BE338B
:1085E0007F2B40F2578102186FF0010B6FF4001ED1
:1085F0004AEB0A01571E41F1FF33BB457EEB0303F3
:1086000042D252EA01034FF000030CD16D1984F4F9
:1086100000246441AB42A3F58013A341C0F08F80D6
:10862000B7EE000B2BE0D44EB44208BF9D4209D1F7
:1086300000188AF4002A4AEB0A0A8342CF4B73EBF4
:108640000A03EBE76D19CE486441AB4270EB0406B8
:1086500075D3814208BF9A4271D1CA4A944208BF79
:108660009D42DDD094426FEA0A0A34BF00240124FF
:108670004FEADA7A544540F0DC8121EE010B07B075
:10868000BDEC0A8BBDE8F08F6F1944EB04097A1E2C
:1086900069F1000393457EEB030325D2002C20EE05
:1086A000000B13DA5146FFF74BFF01280ED1B1EE54
:1086B000400B57EA09090BD1BAF1000FDFDA07B016
:1086C000BDEC0A8BBDE8F04FFFF7F2BE0020F0E7EB
:1086D000BAF1000FD3DAB7EE006B86EE007B8DEDBA
:1086E000007B9DED000BCAE7002C2BDA5146FFF70B
:1086F00027FF30B907B0BDEC0A8BBDE8F04FFFF79C
:10870000F3BE411E24F00044C8F30A0C484248411D
:108710008004C6F30A02A2F2BE337F2B2DD90020BB
:10872000954B9C4208BF85423FF47AAF40F2BD3181
:108730008A420CD8A842B7EE000BA34104D231EE16
:10874000000B9CE70020E4E730EE410B97E7012D9A
:1087500040F2FF7274EB030334BF012300239642FF
:108760008CBF00260126B34200F09C8007B0BDEC10
:108770000A8BBDE8F04FFFF793BEBCF1000F0AD1A2
:108780009FED797B20EE077B53EC172B23F0004401
:108790001546A4F150747C4ABFEE006B2244C2F32C
:1087A00046311315120D03EE103A784B120503EB08
:1087B0004116B8EEC33BA71A03EB411296ED187BA6
:1087C00092ED125B2E1E47EC146BA4EE056B92ED3E
:1087D000162B93ED005B93ED10CB6FF47272A3EE4A
:1087E000052B93ED025BA3EE057B36EE024B93ED7A
:1087F000045B32EE442B26EE055B32EE062B93ED46
:108800000C3B26EE050B37EE027B34EE008BB0EE10
:10881000409B26EE00BB34EE484B96EE059B34EEB3
:1088200000AB93ED065B93ED084BA6EE045B37EED1
:10883000097B93ED0A4B37EE0A7BA6EE034B93EDD3
:108840000E3BA6EE0C3BA0EE034BA0EE045BABEEA2
:10885000057B38EE074B21EE046B38EE448BB0EE0F
:10886000465B16EE903A38EE078BC3F30A5691EE4C
:10887000045BB2183E2AA1EE085B1BD9002A0BDA72
:10888000B7EE000B36EE000B00283FF4F8AEB1EE69
:10889000400BF4E600207EE7B6F5816F09D9002B86
:1088A000BFF664AF07B0BDEC0A8BBDE8F04FFFF731
:1088B000EFBD00263649002791ED024B91ED003BBC
:1088C000B0EE447BA6EE037B91ED0A3B17EE105A07
:1088D00037EE447B91ED044B05F07F03A7EE046B6C
:1088E000DC18401904F10F0301EBC40401EBC302CF
:1088F00051F833C091ED064BD2F804E017EB0C02AF
:108900000EEB4033A7EE046B91ED084B94ED1C7B0E
:1089100035EE065BA5EE034B25EE056B35EE077BCA
:1089200091ED0E3BA6EE047B26EE066B91ED0C4B13
:10893000A5EE034BA6EE047B002E75D1BD4229DBCC
:1089400003F14041104601F5700141EC100BA7EE18
:10895000000B9FED077B20EE070B07B0BDEC0A8BE9
:10896000BDE8F04FFFF7D8BD000000000000304325
:10897000000000000000007F0000F03F0000F0FF5A
:108980000000E0FF0000E07FAB6A19C030950234C0
:10899000C08C023403F17F511046B7EE003B01F565
:1089A000001141EC150B27EE056B9FED230B35EE07
:1089B000067BB0EEC74BB4EEC34BF1EE10FA2AD5EE
:1089C000B5EEC07BBFEE004B35EE475BF1EE10FA23
:1089D00035EE065B58BFB0EE434B37EE043B34EE4A
:1089E000436B36EE076B36EE056B36EE036B36EEF9
:1089F000447BB5EE407BF1EE10FA04D1324601F033
:108A0000004343EC172B8DED020B9DED026B26EE20
:108A1000006B8DED046B27EE000B07B0BDEC0A8BED
:108A2000BDE8F04FFFF76FBD43EC102BA7EE000B36
:108A300025E69FED030B22E6000000000000100079
:108A4000000000000000000010EE102A40F22A4151
:108A5000B7EEC06AC2F30A538B4230B42AD912F57A
:108A6000000F58D0B3F5FF6F03D330EE000A30BCCF
:108A70007047DFED2A7AB4EEE70AF1EE10FA03DD73
:108A8000002030BC00F0E0B8DFED257AB4EEE70A54
:108A9000F1EE10FA03D5002030BC00F0C9B8DFEDCC
:108AA000217AB4EEE70AF1EE10FA03D5002030BCCB
:108AB00000F0C4B81C4BB7EE000B93ED484B93EDA0
:108AC0004A5BB0EE447BA5EE067B17EE100A37EE4C
:108AD000447B00F01F0295EE067B03EBC20153F8C6
:108AE00032404D68002193ED4C5B93ED4E6B0A19BB
:108AF000A5EE076B27EE074B93ED505B05EBC033FC
:108B0000A5EE070B43EC172BA6EE040B20EE070B8C
:108B1000B7EEC00BABE79FED050AA8E71772B142AD
:108B2000B4F1CFC2CF8ECEC278A5023400000000CF
:108B300010EE103AB3F17E5F10B455D0A3F50002E9
:108B4000B2F1FE4F1AD35A0004D101205DF8044B54
:108B500000F080B8B3F1FF4F43D0002B02DBB2F13D
:108B60007F4F03D35DF8044B00F086B8DFED207A29
:108B700020EE270A10EE103AA3F1386303F14042C9
:108B80001C49BFEE000B02F54D02D40DC2F3C340E9
:108B9000D215E40501EB00101B1B07EE903A90ED97
:108BA000005BB7EEE77A90ED026BA5EE070B07EEE0
:108BB000902AB8EEE77B91ED405BA7EE056B20EEC7
:108BC000004B91ED445B91ED467BA5EE007B30EED2
:108BD000060B91ED425BA5EE047BA4EE070BB7EE0E
:108BE000C00B5DF8044B70479FED030AF9E700BF27
:108BF0000000004BC0A602340000000010B52DEDAF
:108C0000028BB0EE408A0446FDF782FC0460B0EEB1
:108C1000480ABDEC028B10BD30B1F1EE407A27EE70
:108C2000800A2220FFF7EABFF0EE407AF7E7000063
:108C30009FED010AFFF7F0BF000000109FED010A51
:108C4000FFF7EABF0000201A9FED010AFFF7E4BF1B
:108C500000000070F7EE007A0028BFEE007A9FED6A
:108C6000050A4FF0220047FE877A87EE800AFFF759
:108C7000C5BF00BF00000000F0EE407A30EE407A41
:108C8000F4EE677A87EE070AF1EE10FA02D6212099
:108C9000FFF7B4BF7047000010EE903AB3F5801FA5
:108CA00010B52DED028B21DA23F0004210EE101AE0
:108CB0000A4308D19FED226B9FED237B86EE070BC5
:108CC000BDEC028B10BD002B02DA30EE406BF3E7F7
:108CD0009FED1F7B6FF0350220EE070B10EE903AF0
:108CE00023498B4204DD30EE000BE9E70022F7E771
:108CF000181540F2FF34C3F31301A0F2FF30104403
:108D000000EBD073A4EBD07008EE103A53EC102BAC
:108D100041EA0053B8EEC88B43EC102B00F02CF85E
:108D20009FED0D7B20EE070B9FED0D7BA8EE070B53
:108D30009FED0D7BA8EE070BC2E700BFAFF30080ED
:108D400000000000000050C3000000000000000010
:108D500000000000000050430EE526157BCBDB3FF2
:108D6000362BF111F3FE593D00609F501344D33F61
:108D7000FFFFEF7F0000000010EE900A10EE103AA7
:108D8000F0B400F140414FF0FF34020C9C4201F579
:108D900090116F4C8C412DED028B5AD36D4A90424D
:108DA00008BF002B00F0C480B7EE007B6A4B93ED48
:108DB000126B30EE470B93ED107B20EE002BA6EEEE
:108DC000007B20EE024B93ED146B93ED185B93ED5B
:108DD0001E3BA6EE027B93ED166BA5EE006B93EDAA
:108DE0001A5BA5EE026B93ED1C5BA3EE005B93EDAB
:108DF000203BA3EE025B93ED223BA3EE045BB0EEBF
:108E0000403BA5EE046B93ED0E5BA6EE047BB0EE4B
:108E1000406BB0EE472B9FED487BA0EE076BA0EEBA
:108E2000476B26EE061B30EE468BA1EE053B30EE7F
:108E3000437B30EE060BA1EE057B25EE085BA5EE2D
:108E4000007BA2EE047B33EE070BBDEC028BF0BC83
:108E50007047A2F1100447F6DF718C4223D9D9186C
:108E600040EB0004214305D10120BDEC028BF0BC96
:108E7000FFF71EBB3949884208BF002BE5D0130419
:108E800003D447F6F073934304D1BDEC028BF0BCDE
:108E9000FFF72ABB9FED2A7B20EE077B53EC172BB5
:108EA000A3F15070134600F140422B49BFEE005B26
:108EB0001E1E02F5D012C2F34634150D121501EB39
:108EC000041C2D059CED247B471B47EC166BA7EE7D
:108ED000065B07EE902AB8EEE76B91ED004B9CED38
:108EE000267B91ED0C3BA4EE067B25EE052B35EEA3
:108EF000074B25EE021B37EE440B91ED027B30EE63
:108F0000050BA7EE060B91ED047B91ED086BA7EE28
:108F1000020B91ED067BA6EE057B91ED0A6BA3EEAD
:108F2000056BA6EE027BA1EE070B30EE040B8CE77F
:108F30009FED050B89E700BF000000000000A04185
:108F400000000000000030430000000000000000AE
:108F5000FF0803000000F03FE0A702340000F07FAC
:108F6000044A0346116809B90349116010680344B3
:108F70001360704750F0053458F005348269138847
:108F80000BB95B68FFDE5268516801B10968012BBB
:108F900000F03B81F0B5156983B005B12D688B6891
:108FA0001A0A00F017814FEA820EAEF1040E4FEA62
:108FB0009E0E0EF1010E01244EF001E0CB6803EB92
:108FC000820353F8042D02FB04F40FF007C08A69F2
:108FD000AE6913689068C3F34342012A19D0096847
:108FE000B668DA1500292DD04D6802F00102002D77
:108FF00000F094804B88002B73D1002A00F0908001
:10900000B7EE000A2246314603B0BDE8F04000F05A
:10901000FFB833682D68DA15002D00F08B806B687F
:10902000B16802F00102002B64D06D88002D6AD077
:109030001D685B6895ED000A002A00F0D68093F960
:1090400000305AE0C3F3C61103F07F054D1B02F058
:10905000010240350829A5EB02053146224600F001
:10906000BB8000F003FDD5B307EE905AB0EE000AC6
:10907000F8EEE70A00F0ECFD8CB3631E022B40F221
:10908000C08010EE103AA208A4EE103B42F001E0BE
:10909000334693ED007F06FF546DA3EC047F0FF081
:1090A00009C024F00303A20706EB830617D0D6ED10
:1090B000007A67EE807A5A1C9442C6ED007A0ED987
:1090C000D6ED017A67EE807A02339C42C6ED017AD2
:1090D00005D9D6ED027A67EE807AC6ED027A03B042
:1090E000F0BD2B6893ED000A6B68002A77D093F9E6
:1090F000003087E74AB1B7EE000A224603B0BDE868
:10910000F04000F089B8002A71D1B7EE000A13468A
:10911000224603B0BDE8F04000F080B8002A60D1DC
:10912000B7EE000A13462246314603B0BDE8F040D0
:1091300000F070B8C3F3C61703F07F03FB1A02F008
:10914000010240339B1A3CD05B4200EE903AB0EEF5
:10915000000AF8EEE00A019000F07AFD019884B36D
:10916000631E022B4FD910EE103AA208A4EE103B5A
:1091700042F001E0034693ED007F06FF546DA3EC3F
:10918000047F0FF009C024F00305A10700EB85035D
:1091900017D0D3ED007A67EE807A6A1CA242C3ED45
:1091A000007A0ED2D3ED017A67EE807A0235A542BD
:1091B000C3ED017A05D2D3ED027A67EE807AC3ED72
:1091C000027A082FB16816D0224603B0BDE8F040FD
:1091D00000F0BEB90124FAE600F086FC43E71B78F4
:1091E000A1E7B7EE000A2B460CE71B7890E7B7EE35
:1091F000000A2B4681E7224603B0BDE8F04000F0AC
:1092000077BA002353E70346C3E700235B68FFDE1A
:1092100000F006B800F040B800F06AB800F008B9F5
:10922000002A37DD70B58518501E161F20F0030088
:109230004FEA920C10EE10EA361A0CF1010C0DE018
:1092400026EE637FBBFF466637EE6E6E964271FE7A
:109250004D0F81ED007F01F110011AD022F001E8DD
:10926000FDEE100A00B2EDEE100AAC1ABCF1010CD2
:1092700071FE4D0F94ED006FA2F10402E0D126EED5
:10928000637FBBFF466637EE6E6E71FE4D0F81ED5C
:10929000007F70BD704700BF002A27DD30B502F1A6
:1092A000FF3E4FEA9E0E0EF1010E10EE105A4EF0E8
:1092B00001E0841822F001E8FDEE10CA0FFA8CFCE0
:1092C000EDEE10CAA01A71FE4D0F90FD006F26EE54
:1092D000637FBBFF466637EE656E043A71FE4D0F45
:1092E00081ED007F10310FF01BC830BD704700BF0B
:1092F000B7EE007A002A87EE007A40F3878007EE07
:10930000903A17EE103AF8EEE77A70B52DED108B23
:1093100040260C46A8EE103B17EE901A9FED3C6BD2
:109320009FED3D7B531E23F00F0394B0A2F1100577
:10933000ED1A0DEB06039FED3A2B9FED3B3B26EF1D
:10934000564183ED009FA0EE101B1109144401311A
:10935000102A90FC019F90FC219F90FC419F90FC63
:10936000619F4FEA820EA8BFB6468DEC108B704409
:10937000EE469EED00DF0DF1400E9EED00FF20EF6A
:1093800050A10CEF5EACBBFF4AA00DF1100E9EED9C
:1093900000DF37EE0B4E20EF50A10CEF5EACBBFFB1
:1093A0004AA00DF1200E37EE0B6E20EF50C19EED5E
:1093B00000BF0DF1300E0AEF5ECC9EED009F20EF56
:1093C00050A1BBFF4CC008EF5EAC02F001E8BBFF50
:1093D0004AA037EE0D5EFDEE10CA37EE0B7E33EE7F
:1093E000052E1FFA8CFC33EE073EEDEE10CAA31AD1
:1093F000013971FE4D0F83ED003EA2F1100201D044
:109400009542A5D114B0BDEC108B70BD704700BF64
:10941000000000000000000000000000000000004C
:10942000000000000000000000000000000000003C
:10943000B7EE007A002A87EE007A76DD07EE903AE2
:1094400017EE103AF8EE677A10B52DED108B17EE87
:1094500090CAA8EE103B9FED366B9FED377B02F173
:10946000FF3E94B04FEA1E1E0EF1010E10ABA0EEAF
:1094700010CB9FED332B9FED343B4EF001E026EFF8
:10948000564183ED009F114490FC019F90FC219F69
:1094900090FC419FB0FC619F6C468DEC108B94ED6D
:1094A00000DF10AC94ED00FF20EF50A10CEF5EAC9C
:1094B000BBFFCAA004AC94ED00DF37FE0B4E20EFDB
:1094C00050A10CEF5EACBBFFCAA008AC37FE0B6E20
:1094D00020EF50C194ED00BF0CAC0AEF5ECC94EDD0
:1094E000009F20EF50A1BBFFCCC008EF5EAC22F084
:1094F00001E8BBFFCAA037FE0D5EFDEE10CA37FEC5
:109500000B7E33FE052E1FFA8CFC33FE073EEDEE7C
:1095100010CA8B1A71FE4D0F83ED003E103A0FF00A
:109520004DC814B0BDEC108B10BD7047AFF3008078
:10953000000000000000000000000000000000002B
:10954000000000000000000000000000000000001B
:1095500030B5D5082DED088B20D00C4684469FED04
:109560005E6B9FED5F7B45F001E05F4B9CFC009FD5
:10957000BCFC209F39EE632E3BEE634EBBFF4220C6
:10958000BBFF444037EE036E37EE057EA4EC887EC9
:109590000FF015C000EB451001EB051112F00702AA
:1095A00000F09780D0ED005A9FED506A65EE865A24
:1095B000F5EEC05AB6EE007AFEEE006AF1EE10FA51
:1095C00077FE267A77EEA57AFDEEE77A17EE903AE7
:1095D00003F30F03012A0B807BD0D0ED017A67EEF5
:1095E000867AF5EEC07AF1EE10FA77FE265A77EE1B
:1095F000A57AFDEEE77A17EE903A03F30F03022AFD
:109600004B8066D0D0ED027A67EE867AF5EEC07AAE
:10961000F1EE10FA77FE265A77EEA57AFDEEE77A9C
:1096200017EE903A03F30F03032A8B8051D0D0ED4D
:10963000037A67EE867AF5EEC07AF1EE10FA77FEDD
:10964000265A77EEA57AFDEEE77A17EE903A03F305
:109650000F03042ACB803CD0D0ED047A67EE867AE3
:10966000F5EEC07AF1EE10FA77FE265A77EEA57A7B
:10967000FDEEE77A17EE903A03F30F03052A0B810C
:1096800027D0D0ED057A67EE867AF5EEC07AF1EE56
:1096900010FA77FE265A77EEA57AFDEEE77A17EEF6
:1096A000903A03F30F03062A4B8112D0D0ED067ACD
:1096B00067EE867AF5EEC07AF1EE10FA37FE267A7A
:1096C00037EE277ABDEEC77A17EE103A03F30F0391
:1096D0008B81BDEC088B30BD000000000000000055
:1096E000000000000000000000FEFF4600000047F0
:1096F00030B515092DED108B00F0A3819FEDD20B35
:109700009FEDD31B4FEA051EAEF1100E4FEA1E1E51
:109710000EF1010E84469FEDD04B9FEDD15B4EF0D4
:1097200001E04FF0864320EF506101EB05149CFCF3
:10973000019F9CFC219F9CFC419FBCFC619F39EEDA
:10974000632EBBFF422037EE036E3BEE632EBBFF62
:10975000422037EE030E3DEE632E3FEE638EBBFFDD
:109760004220BBFF488037EE037E37EE091E33EE02
:10977000074E33EE015EA1EC105E0FF029C000EB46
:10978000851012F00F0300F05981D0ED005A9FEDC3
:10979000B66A65EE865AF5EEC05AB6EE007AFEEE6F
:1097A000006AF1EE10FA77FE267A77EEA57AFDEEE2
:1097B000E77A17EE902A12B202F30702012B227009
:1097C00000F03C81D0ED017A67EE867AF5EEC07A42
:1097D000F1EE10FA77FE265A77EEA57AFDEEE77ADB
:1097E00017EE902A12B202F30702022B627000F009
:1097F0002581D0ED027A67EE867AF5EEC07AF1EE39
:1098000010FA77FE265A77EEA57AFDEEE77A17EE84
:10981000902A12B202F30702032BA27000F00E810D
:10982000D0ED037A67EE867AF5EEC07AF1EE10FAA3
:1098300077FE265A77EEA57AFDEEE77A17EE902AA4
:1098400012B202F30702042BE27000F0F780D0EDB1
:10985000047A67EE867AF5EEC07AF1EE10FA77FEBA
:10986000265A77EEA57AFDEEE77A17EE902A12B225
:1098700002F30702052B227100F0E080D0ED057A9B
:1098800067EE867AF5EEC07AF1EE10FA77FE265A88
:1098900077EEA57AFDEEE77A17EE902A12B202F380
:1098A0000702062B627100F0C980D0ED067A67EEE0
:1098B000867AF5EEC07AF1EE10FA77FE265A77EE48
:1098C000A57AFDEEE77A17EE902A12B202F30702AC
:1098D000072BA27100F0B280D0ED077A67EE867A8E
:1098E000F5EEC07AF1EE10FA77FE265A77EEA57AF9
:1098F000FDEEE77A17EE902A12B202F30702082B68
:10990000E27100F09B80D0ED087A67EE867AF5EE82
:10991000C07AF1EE10FA37FE267A77EE877AFDEEFE
:10992000E77A17EE902A12B202F30702092B22728D
:1099300000F08480D0ED097A67EE867AF5EEC07A81
:10994000B6EE007AF1EE10FA77FE265A77EEA57A97
:10995000FDEEE77A17EE902A12B202F307020A2B05
:1099600062726BD0D0ED0A7A67EE867AF5EEC07A35
:10997000F1EE10FA77FE265A77EEA57AFDEEE77A39
:1099800017EE902A12B202F307020B2BA27255D0E7
:10999000D0ED0B7A67EE867AF5EEC07AF1EE10FA2A
:1099A00077FE265A77EEA57AFDEEE77A17EE902A33
:1099B00012B202F307020C2BE2723FD0D0ED0C7A08
:1099C00067EE867AF5EEC07AF1EE10FA77FE265A47
:1099D00077EEA57AFDEEE77A17EE902A12B202F33F
:1099E00007020D2B227329D0D0ED0D7A67EE867A0F
:1099F000F5EEC07AF1EE10FA77FE265A77EEA57AE8
:109A0000FDEEE77A17EE902A12B202F307020E2B50
:109A1000627313D0D0ED0E7A27EE866AB5EEC06A77
:109A2000F1EE10FA77FE267A77EE867AFDEEE77A87
:109A300017EE903A1BB203F30703A373BDEC108B30
:109A400030BD0C469DE600BF000000000000000095
:109A50000000000000000000000000000000000006
:109A60000000000000000000000000435FEA920CCC
:109A700010B50FD004460B464CF001E0BCEC046F6F
:109A8000B1EF566EA3EC047F0FF009C001EB0C118F
:109A900000EBCC0012F0030223D0B0F900309FEDB0
:109AA000117A07EE903AF8EEE77A67EE877A012AA4
:109AB000C1ED007A15D0B0F90230022A07EE903AD3
:109AC000F8EEE77A67EE877AC1ED017A09D0B0F94E
:109AD000043007EE903AF8EEE77A67EE877AC1ED48
:109AE000027A10BD000000385FEA920C10B53ED03B
:109AF0004FEA8C0EAEF1040E4FEA9E0E0EF1010EEF
:109B00000B464EF001E000EB8C04B0EC046FB9EFB3
:109B1000566EA3EC047F0FF009C001EB0C1112F09C
:109B2000030223D094F900309FED127A07EE903AA9
:109B3000F8EEE77A67EE877A012AC1ED007A15D050
:109B400094F90130022A07EE903AF8EEE77A67EED0
:109B5000877AC1ED017A09D094F9023007EE903A84
:109B6000F8EEE77A67EE877AC1ED027A10BD044617
:109B7000D5E700BF0000003C0CB4184B30B50C1EFC
:109B80009DB01D6808DA8B234FF0FF302B601DB0AD
:109B9000BDE8304002B070474FF402730290069067
:109BA00002A9ADF8143014BF04F1FF332346209A04
:109BB0002846049307934FF6FF73ADF8163021AB98
:109BC0000193FDF7C3FF431CBCBF8B232B60002C0C
:109BD000DDD0029B00221A70D9E700BF64B90234BD
:109BE00008B52DED048BB0EE408B00F091F9B4EE8A
:109BF000488BF1EE10FA0CD69FED079BB4EEC98BA3
:109C0000F1EE10FA05D5FCF783FC89EE090B212350
:109C10000360BDEC048B08BD0000000000000000E4
:109C2000C0F3C7537E2B10D9962B0CD80122C3F159
:109C3000960302FA03F35A1E024206D103420CBFF6
:109C4000022001207047022070470020704700006A
:109C500037B510EE101A10EE904AF0EE407AA1F5EA
:109C600000026300B0EE607AB2F1FE4F03F1FF3004
:109C70006FF0807252D2904258D2002001F14043DE
:109C80009F4ABFEE002B03F54D03C3F3C344DB0D26
:109C9000DB0502EB0414C91ADB1507EE901A94EDEC
:109CA000004BB7EEE76A07EE903A94ED025BA4EE44
:109CB000062BB8EEE76BB7EEC77A36EE056B92ED82
:109CC000421B92ED405B92ED443B22EE024BA2EE32
:109CD000051B24EE040B92ED465BA2EE035B92EDB6
:109CE000483BA2EE036BA4EE056BA1EE006B27EEE2
:109CF000067B17EE903AC3F3CF3248F2BF039A4285
:109D0000C0F0B8809FED766BB4EEC67BF1EE10FA32
:109D100079DD03B0BDE83040FEF796BF904230D306
:109D20002BB14900B1F17F4F08D815E053B981F448
:109D30008001490011F5000F40F2CA8037EE870A12
:109D400003B030BDB1F17E5F05D184F480046400BE
:109D500014F5000FF0E74900B3F17F4FEED1B1F1F8
:109D6000FE4F00F0B580B1F1FE4F6FEA040434BF3E
:109D700000210121E40FA14240F0AD8027EE070A47
:109D8000DEE74D006B1E93421BD3002920EE000A34
:109D90000EDA2046FFF744FF012809D1B1EE400A50
:109DA00045B9002CCCDA03B0BDE83040FEF752BF15
:109DB0000020F5E7002CC3DAF7EE007A87EE800A80
:109DC000BEE700291DDA2046FFF72AFF20B903B0BD
:109DD000BDE83040FEF750BF431E21F0004158421D
:109DE00058410004B1F5000FBFF448AFDFED456AFC
:109DF00027EEA60A10EE103A23F00043A3F13861D3
:109E00003CE70020EEE79FED386BB4EEC67BF1EE49
:109E100010FA0FDD4FF04C53C0B1BFEE006A019352
:109E2000DDED016A76EE666AF4EE466AF1EE10FA4E
:109E30007FF46FAF9FED2E6BB4EEC67BF1EE10FAA0
:109E40000CD803B0BDE83040FEF7F2BEB7EE006AB2
:109E50000093DDED006A76EE866AE5E79FED266BFE
:109E6000B4EEC67BF1EE10FA04D503B0BDE8304085
:109E7000FEF7E4BE244BB7EE000B93ED405B37EEEC
:109E8000056B16EE102A36EE456B93ED425B37EE0E
:109E9000467B02F01F01801803EBC10553F83140E7
:109EA00027EE074B00216D680A1993ED446BA7EE6E
:109EB000056B93ED465B05EBC033A7EE050B43EC5A
:109EC000172BA6EE040B20EE070BB7EEC00B37E7FF
:109ED000B7EE000A34E79FED0D0A31E7AFF30080DB
:109EE00071D5D1FFFFFF5F40E2AAA3FFFFFF5F40F4
:109EF0000000000000C062C00000000000A062C0BE
:109F000010B702340000004B78A5023400000000B6
:109F1000B1EEC00B70470000F8B500BFF8BC08BC3C
:109F20009E467047F8B500BFF8BC08BC9E46704717
:109F30000000000000000000000000000000000021
:109F40007FE97FE9E9F748BB00000000000000005E
:109F50000000000000000000000000000000000001
:109F60005B534C505F534F4C5D454E445F4F465FD3
:109F70004C4F475B534C505F454F4C5D0000000019
:109F800000000000CC01000010000000CC01000027
:109F900020000000CC01000030000000CC010000D7
:109FA00001000000CC01000011000000CC01000005
:109FB00021000000CC01000031000000CC010000B5
:109FC00002000000CC01000012000000CC010000E3
:109FD00022000000CC01000032000000CC01000093
:109FE00003000000CC01000013000000CC010000C1
:109FF00023000000CC01000033000000CC01000071
:10A0000004000000CC01000014000000CC0100009E
:10A0100025000000CC01000035000000CC0100004C
:10A0200005000000CC01000016000000CC0100007B
:10A0300026000000CC01000037000000CC01000029
:10A0400007000000CC01000018000000CC01000057
:10A0500028000000CC01000039000000CC01000005
:10A0600009000000CC01000019000000CC01000034
:10A0700029000000CC0100003A000000CC010000E3
:10A080000A000000CC0100001A000000CC01000012
:10A090002A000000CC0100003B000000CC010000C1
:10A0A0000B000000CC0100001B000000CC010000F0
:10A0B0002B000000CC0100003C000000CC0100009F
:10A0C0000C000000CC0100001C000000CC010000CE
:10A0D0002C000000CC0100003D0000001D0100002C
:10A0E0000D000000270100001D00000030010000ED
:10A0F0002E000000390100003E0000004201000077
:10A100000E0000004B0100001E0000005501000081
:10A110002F0000005E0100003F000000670100000A
:10A120000F000000700100004000000079010000F5
:10A130004100000083010000420000008C0100008B
:10A140004300000095010000440000009E01000053
:10A1500045000000A701000046000000B00100001B
:10A1600047000000BA01000048000000C3010000E1
:10A1700049000000CC0100000A0000000F000000B0
:10A1800014000000190000001E0000004E4F522075
:10A19000666C61736820696E697400286E6E5F6911
:10A1A0006E7374616E636520213D204E554C4C29C1
:10A1B00020262620286E6E5F696E7374616E63655B
:10A1C0002D3E6E6574776F726B20213D204E554C8D
:10A1D0004C2920262620286E6E5F696E7374616E8E
:10A1E00063652D3E6E6574776F726B2D3E6F75746F
:10A1F0007075745F627566666572735F696E666FAF
:10A2000020213D204E554C4C29004C69622F41497C
:10A210005F52756E74696D652F4E70752F6C6C5F33
:10A2200061746F6E2F6C6C5F61746F6E5F72745FC0
:10A23000757365725F6170692E68006E756D626519
:10A24000725F6F7574707574203C3D204D41585F8E
:10A250004E554D4245525F4F555450555400537220
:10A26000632F6D61696E2E63007374617274207464
:10A27000696D657374616D700043414D20696E694D
:10A28000740063616D6572612073746172746564DA
:10A290000077616974206672616D650049535020D2
:10A2A0007570646174650063616D657261206465D9
:10A2B0002D696E697400286E6E5F696E7374616ECD
:10A2C000636520213D204E554C4C29202626202810
:10A2D0006E6E5F696E7374616E63652D3E6E65743C
:10A2E000776F726B20213D204E554C4C292026263D
:10A2F00020286E6E5F696E7374616E63652D3E6EAD
:10A300006574776F726B2D3E696E7075745F6275E0
:10A3100066666572735F696E666F20213D204E55DB
:10A320004C4C2900726574203D3D204C4C5F4154DB
:10A330004F4E5F557365725F494F5F4E4F455252A6
:10A340004F52004E505520616E64204E50552052A1
:10A35000616D7320636F6E666967006E6E20696E53
:10A36000666572656E636520286472792072756E09
:10A3700029006E6E20696E666572656E6365007099
:10A380006F73742070726F63657373696E67004CCE
:10A390004C5F41544F4E5F496E7075745F427566F5
:10A3A000666572735F496E666F006E6E5F696E669A
:10A3B0006572656E6365004C4C5F41544F4E5F4F54
:10A3C00075747075745F427566666572735F496E09
:10A3D000666F006D61696E0044656661756C74003E
:10A3E0006E6F745F706572736F6E006E6E5F696E14
:10A3F000666572656E63655F3147487A006E6E5FB1
:10A40000696E666572656E63655F3830304D487A97
:10A41000006E6E5F696E666572656E63655F36308D
:10A42000304D487A006E6E5F696E666572656E6368
:10A43000655F3430304D487A006E6E5F696E6665D8
:10A4400072656E63655F3230304D487A006E6E5FC4
:10A45000696E666572656E63655F3130304D487A4E
:10A4600000000000D8A30134A52C0034E92C0034EE
:10A47000692C00348D2C00349D2C0034A12C003428
:10A480002D2D00343D2D0034352D0034452D003464
:10A490006E625F696E707574203D3D2031004C69BD
:10A4A000622F61692D706F737470726F636573735F
:10A4B000696E672D777261707065722F6170705F61
:10A4C000706F737470726F636573735F6F645F79BD
:10A4D0006F6C6F76325F75662E63006170705F70AF
:10A4E0006F737470726F636573735F72756E000063
:10A4F0003B017D3F1214574040A407405F07AC402A
:10A50000F85343403A23124187A7B140D5E714419D
:10A51000B29D1B417446324101000000E000000082
:10A52000E00000000300000001000000E000000067
:10A53000E0000000030000008180803B000000007C
:10A540008180803B000000000100000070000000DE
:10A550007000000010000000010000000200000078
:10A5600070000000700000000800000082E38F3ED1
:10A57000AEFF0000010000003800000038000000BD
:10A58000200000000100000038000000380000003A
:10A5900020000000AD636D3ED7FF00000100000009
:10A5A000040000003800000038000000080000002F
:10A5B000AD636D3ED7FF0000010000001C000000ED
:10A5C0001C00000040000000010000001C00000012
:10A5D0001C00000040000000DB2E513ECFFF0000B9
:10A5E00001000000080000001C0000001C0000002A
:10A5F00008000000DB2E513ECFFF000001000000EC
:10A600001C0000001C000000800000000100000091
:10A61000200000001C0000001C00000004000000DE
:10A62000010000000E0000000E000000800000008D
:10A63000010000000E0000000E000000800000007D
:10A64000099D2B3EB8FF0000010000001000000033
:10A650000E0000000E00000008000000099D2B3EC7
:10A66000B8FF0000010000000E0000000E00000016
:10A670000001000001000000400000000E0000008A
:10A680000E000000040000000100000007000000B0
:10A6900007000000000100000100000007000000AA
:10A6A0000700000000010000CF03253EA7FF0000C7
:10A6B000010000002000000007000000070000006B
:10A6C00008000000CF03253EA7FF000001000000A6
:10A6D0000700000007000000000200000100000069
:10A6E00080000000070000000700000004000000D8
:10A6F0000100000007000000070000000002000049
:10A70000D43FEC3DB0FF000001000000000200005B
:10A710000700000007000000D43FEC3DB0FF000040
:10A72000D43FEC3DB0FF00000100000040000000FD
:10A73000070000000700000008000000D43FEC3DC7
:10A74000B0FF00000100000007000000070000004B
:10A7500000040000010000000001000007000000EC
:10A7600007000000040000000100000007000000D6
:10A770000700000000040000D0AF0C3FB0FF000055
:10A78000010000008000000007000000070000003A
:10A7900008000000D0AF0C3FB0FF0000A079BC3D26
:10A7A000B9FF0000010000000700000007000000E2
:10A7B0001E00000001000000020000000700000071
:10A7C000070000000F00000001000000070000006B
:10A7D000070000001E0000000EA3153E0B0054727F
:10A7E000616E73706F73655F315F6F75745F30009A
:10A7F000436F6E7632445F375F7A65726F5F6F6664
:10A80000665F6F75745F31004D6178506F6F6C5F7C
:10A8100031315F6F75745F30004D6178506F6F6CD0
:10A820005F31375F6F75745F30004D6178506F6FC7
:10A830006C5F31375F6F75745F305F63705F696E37
:10A840005F3537004D6178506F6F6C5F32335F6FEB
:10A8500075745F30004D6178506F6F6C5F32335F9D
:10A860006F75745F305F63705F696E5F353800438A
:10A870006F6E7632445F32355F6F75745F305F6341
:10A88000705F696E5F34375F63705F696E5F343825
:10A890005F63705F696E5F3439004D6178506F6F30
:10A8A0006C5F32395F6F75745F30004D6178506F47
:10A8B0006F6C5F32395F6F75745F305F63705F69B3
:10A8C0006E5F353900436F6E7632445F33315F6FB0
:10A8D00075745F305F63705F696E5F35305F6370A2
:10A8E0005F696E5F35315F63705F696E5F3532003F
:10A8F0004D6178506F6F6C5F33355F6F75745F308B
:10A90000004D6178506F6F6C5F33355F6F75745FAA
:10A91000305F63705F696E5F363000436F6E763212
:10A92000445F33375F6F75745F30004C65616B79DE
:10A9300052654C555F34305F6F75745F30004C6505
:10A94000616B7952654C555F34305F6F75745F3061
:10A950005F63705F696E5F3631004D6178506F6F75
:10A960006C5F34315F6465636F6D706F7365645FD6
:10A97000305F6F75745F3832004D6178506F6F6C67
:10A980005F34315F6465636F6D706F7365645F30F2
:10A990005F6F75745F38325F63705F696E5F363208
:10A9A00000436F6E7632445F34335F6F75745F308F
:10A9B000004C65616B7952654C555F34365F6F753D
:10A9C000745F30004C65616B7952654C555F34366D
:10A9D0005F6F75745F305F63705F696E5F36330001
:10A9E000436F6E7632445F34385F6F75745F30004A
:10A9F0004C65616B7952654C555F35315F6F75748D
:10AA00005F3000436F6E7632445F35325F6F75742E
:10AA10005F305F63705F696E5F35345F63705F697D
:10AA20006E5F35355F63705F696E5F353600436F0B
:10AA30006E7632445F35325F6F66665F626961735E
:10AA40005F6F75745F37390044657175616E746945
:10AA50007A655F35345F6F75745F30005472616E74
:10AA600073706F73655F35355F6F75745F30004964
:10AA70006E7075745F305F6F75745F30000000003A
:10AA8000DEA70134F0C0053400000000004C0200D5
:10AA9000084C0200010001000300000028A5013459
:10AAA00004000206080001040800000018A5013493
:10AAB00038A501343CA50134F0A7013400002E3440
:10AAC00000100300005C0500405C0500000002006F
:10AAD0000300000028A50134040002060800010458
:10AAE0000800000018A5013440A5013444A5013434
:10AAF00008A8013400002E340000000000100300FC
:10AB000040100300000003000800000058A50134B5
:10AB100005000307070000040800000048A50134F1
:10AB20006CA5013470A5013419A8013400002E343D
:10AB30000010030000980400409804000000040086
:10AB40002000000084A5013404000207070000046F
:10AB50000800000074A5013494A5013498A50134BF
:10AB60002AA8013400002E340000000000880100F3
:10AB70004088010000000500080000009CA5013489
:10AB800005000307070000040800000074A5013455
:10AB9000B0A50134B4A5013444A8013400002E341A
:10ABA00000880100004C0200404C0200000006003A
:10ABB00040000000C8A5013404000207070000049B
:10ABC00008000000B8A50134D8A50134DCA5013483
:10ABD00055A8013400002E340000000000C400001D
:10ABE00040C400000000070008000000E0A5013498
:10ABF000050003070700000408000000B8A50134A1
:10AC0000F4A50134F8A501346FA8013400002E34F6
:10AC100000260100803E0100C03E01000000080047
:10AC2000040000000CA601340500036415FA0004BA
:10AC300010000000FCA5013400000000000000002E
:10AC40009AA8013400002E3400C400000026010040
:10AC500040260100000008008000000030A60134FA
:10AC600004000207070000040800000020A60134C9
:10AC700040A6013444A60134ABA8013400002E34B0
:10AC800000000000006200004062000000000900B7
:10AC90000800000048A6013405000307070000046F
:10ACA0000800000020A601345CA6013460A601342F
:10ACB000C5A8013400002E34009300002099000044
:10ACC0006099000000000A000400000074A601342E
:10ACD0000500036416F900041000000064A60134A6
:10ACE0000000000000000000F0A8013400002E3435
:10ACF00000620000009300004093000000000A0082
:10AD00000001000098A601340400020707000004B7
:10AD10000800000088A60134A8A60134ACA60134BE
:10AD200001A9013400002E340000000000310000B1
:10AD30004031000000000B0008000000B0A6013404
:10AD400005000307070000040800000088A601347E
:10AD5000C4A60134C8A601341BA9013400002E3456
:10AD600000C4000088C50000C8C5000000000C0039
:10AD700004000000DCA601340500036416F9000499
:10AD800010000000CCA6013400000000000000000C
:10AD90002BA9013400002E340062000000C4000022
:10ADA00040C4000000000C0000020000F0A60134C6
:10ADB000040002070700000408000000CCA60134CC
:10ADC00000A7013404A701343EA9013400002E3449
:10ADD00000000000006200004062000000000D0062
:10ADE0000100000008A70134040001070700000467
:10ADF00008000000CCA6013418A701341CA70134B8
:10AE00005AA9013400002E340062000000C4000082
:10AE100040C4000000000E0000020000F0A6013453
:10AE2000040002070700000408000000CCA601345B
:10AE300020A7013424A7013479A9013400002E345D
:10AE400000C40000002601004026010000000F00A1
:10AE50000800000028A701340500030707000004CC
:10AE600008000000CCA601343CA7013440A70134FF
:10AE7000A1A9013400002E34008801008889010056
:10AE8000C8890100000010000400000054A701342C
:10AE90000500036418F700041000000044A7013403
:10AEA0000000000000000000B1A9013400002E34B1
:10AEB0000000000000C4000040C4000000001000BA
:10AEC0000004000068A70134040002070700000422
:10AED0000800000044A7013478A701347CA701349E
:10AEE000C4A9013400002E3400C400000088010011
:10AEF00040880100000011000800000080A7013414
:10AF000005000307070000040800000044A70134FF
:10AF100094A7013498A70134E0A9013400002E342D
:10AF2000806D0000086F0000486F000000001200F4
:10AF300004000000DCA601340500036419F60004D7
:10AF400010000000CCA6013400000000000000004A
:10AF5000F0A9013400002E3400000000006200005F
:10AF6000406200000000120000020000F0A6013460
:10AF7000040002070700000408000000CCA601340A
:10AF80009CA70134A0A7013403AA013400002E3489
:10AF900000620000BE6700000068000000001300AF
:10AFA0000F000000B4A701340500036414FB000483
:10AFB00010000000A4A70134000000000000000001
:10AFC0002EAA013400002E34C06700007E6D000000
:10AFD000C06D0000000013001E000000C8A701346F
:10AFE000040002070700000408000000A4A70134C1
:10AFF000D8A70134DCA7013448AA013400002E345C
:10B0000000000000F81600003817000000001400CF
:10B010001E000000C8A70134040002010000010462
:10B0200020000000A4A70134000000000000000080
:10B030000000000000000000000000000000000010
:10B040000000000000000000000000000000000000
:10B0500000000000000000000000000000000000F0
:10B0600000000000000000000100000007000000D8
:10B070001E000000070000000100000007000000A3
:10B08000070000001E0000005CAA013400002E34FE
:10B0900000000000F816000038170000000015003E
:10B0A0000100000078B00134040001010000000438
:10B0B0002000000068B00134000000000000000023
:10B0C0000000000000000000000000000000000080
:10B0D0000000000000000000000000000000000070
:10B0E0000000000000000000000000000000000060
:10B0F000000000000000000001000000E00000006F
:10B1000003000000E000000001000000E00000007B
:10B11000E0000000030000008180803B0000000090
:10B120006FAA0134F0C0053400000000004C02009A
:10B13000084C0200010000000100000008B10134C9
:10B14000040001060800010408000000F8B0013402
:10B1500018B101341CB101340000000000000000EF
:10B1600000000000000000000000000000000000DF
:10B1700000000000000000000000000000000000CF
:10B1800000000000000000000000000000000000BF
:10B19000592C003400000000A80B0534000000000A
:10B1A0001700000000000000AD2B0034000000007C
:10B1B000000000002300000000000000000000006C
:10B1C000E0B10134000000001700000000000000A2
:10B1D0000000000000000000000000000800000067
:10B1E0007A7A05CA03000000BD020000DD020000FB
:10B1F0000C000000000000003000BFEC1800000050
:10B2000000000000000000004800000000000000F6
:10B210000100000018000000020000001000000003
:10B220001E0000002C0000005F757365725F696F7F
:10B230005F696E7075745F300000000000000000F0
:10B240007A7A05CA4F2D00003D0000005D00000025
:10B25000412280004200005C0000000860000015F0
:10B26000007C025C000007004300075C0040000017
:10B27000E0FF000043000C5C000000004220411091
:10B2800061228000420000600000000800000015FC
:10B29000007C0260000007004300076000400000DF
:10B2A0002000000043000C6000000000411041102D
:10B2B00061208000007C002004010800430002207F
:10B2C00000000000004C0200C30005200000000048
:10B2D000004C0200000000000000000024000000FC
:10B2E0000000100042000C200600000007000000D3
:10B2F00043000D2001000000074C02004300112014
:10B300000000000000000000E1208000007C003010
:10B310000C0108004300023000103134004C0200E0
:10B32000C300053000000000004C020000000000D7
:10B3300000000000240000000000100042000C305B
:10B34000060000000700000043000D30010000006F
:10B350003F5C333443001130000000000000000067
:10B36000007C0010020000002404001064000000B3
:10B3700000000000007C001000000040C47B0010B2
:10B380006400000000000000007C001001000000CC
:10B39000007C091027000000007C1E100700000040
:10B3A000007C201025000000012000300120005CFE
:10B3B0000120006001200020E47F003064000000D4
:10B3C00000000000007C091000000000007C1E103E
:10B3D00000000000007C201000000000007C003015
:10B3E000020000002404003064000000000000009F
:10B3F000007C003000000040C47B0030640000008E
:10B4000000000000E1008000007C005C02000008F9
:10B410002404005C6400000000000000007C005C6C
:10B4200000000048C47B005C6400000000000000D5
:10B4300041028000007C00600200000824040060DB
:10B440006400000000000000007C00600000004874
:10B45000C47B006064000000000000006102800006
:10B46000007C002002000000240400206400000092
:10B4700000000000007C002000000040C47B002091
:10B480006400000000000000610080007D000000FA
:10B4900041218000007C003C34001000C300023CCD
:10B4A000030303085511000002426310A002E000EC
:10B4B00000009F020000DF00007C0A3C000000004A
:10B4C000007C0D3C000000008122800042000064EE
:10B4D00000000008FC00600923010264000008006D
:10B4E0000000000007000000FF1F0600FF3F0C00E7
:10B4F0000100000000000000F903C4070100000083
:10B5000043000C640000000042204220007C0B64D9
:10B510000100000003040065381000000000000076
:10B520008737000000000000020700000000000054
:10B530001A0E000000000000B92900000000000001
:10B54000D66B0000000000000D3500000000000078
:10B55000EA1D000000000000DE3D000000000000C9
:10B56000CA1F000000000000D821000000000000F9
:10B570006722000000000000480A000000000000F0
:10B58000182900000000000026270000000000002D
:10B59000280F000000000000A12280004200006887
:10B5A00000000008FC0060152301026800000A008A
:10B5B0000000000007000000FF1F0600FF3F0C0016
:10B5C000EA41000000000000F903C4070100000088
:10B5D00043000C680000000042204220007C0B6801
:10B5E0000100000003040069EA41B800F99D000071
:10B5F000EA41A8FEF26D0000EA4150003A800000E6
:10B60000EA417200E63A0000EA41EAFF13620000F4
:10B61000EA419A00AABA0000EA41B1FFED1E00001B
:10B62000EA41B700FB1F0000EA4145008D320000EF
:10B63000EA4181005CAE0000EA4181006B9C0000A1
:10B64000EA418D009E930000EA417E000C4200001A
:10B65000EA415A0026F50000EA4194000D9A0000E4
:10B66000EA418600DC9A000001228000007C005440
:10B670004C10740143000254807F08000F129002A6
:10B6800003040055C000000008000000080000008E
:10B69000080000000800000008000000080000008A
:10B6A000080000000800000008000000080000007A
:10B6B000080000000800000008000000080000006A
:10B6C00008000000C9000000110000001100000087
:10B6D0001100000011000000110000001100000026
:10B6E0001100000011000000110000001100000016
:10B6F0001100000011000000110000001100000006
:10B70000D2000000830600560000000000C00000C8
:10B710000000000000C000000000000000C00000A9
:10B720000000000080C000000000000080C0000099
:10B730000000000080C000000000000000C1000008
:10B740000000000000C1000000001D16F7D5000039
:10B750000000000000D600000000000000D600003D
:10B760000000000080D600000000000080D600002D
:10B770000000000080D600000000000000D700009C
:10B780000000000000D700000000000000D800000A
:10B790000000906ED1D10000000000008039000050
:10B7A00000000000803A000000000000003B0000A4
:10B7B00000000000003C000000000000003D000010
:10B7C00000000000003E000000000000803E00007D
:10B7D00000000000803F0000C1228000007C006C5F
:10B7E000C0C04100E300026C920800200007E000A6
:10B7F00070007000000000000000FF060000DF0085
:10B800000100050001208000007C001400010800F8
:10B810004300021400103134004C0200C300051430
:10B8200000000000004C02000100000000000000C9
:10B83000240000000000100042000C14060000006C
:10B840000700000043000D14020000003F5C333489
:10B85000430011140000000000000000E1208000FF
:10B86000007C0030840108004300023000A8E07032
:10B87000B0010000C300053000000000000000001F
:10B880000000000000000000240000000000100084
:10B8900042000C30060000000700000043000D309D
:10B8A00001000000EFA9E07043001130000000002B
:10B8B00008000000A1208000007C0028080108008A
:10B8C0004300022800002E3400880100C300052830
:10B8D00000000000008801000000000000000000DF
:10B8E000240000000000100042000C2806000000A8
:10B8F0000700000043000D28020000003F10313413
:10B90000430011280000000000000000007C00102F
:10B910000200000024040010640000000000000089
:10B92000007C001000000040C47B00106400000098
:10B9300000000000007C001001000000007C0710E7
:10B940002D00000043000C10010000000F0000005B
:10B95000007C1C102B000000007C22101500000051
:10B96000007C241029000000007C2610210000002B
:10B9700001200028007C003C35001000012000540C
:10B9800001200064012000680120006C01200014E7
:10B9900001200030E47F0028640000000000000067
:10B9A000007C07100000000043000C1000000000A5
:10B9B00000000000007C1C1000000000007C221031
:10B9C00000000000007C241000000000007C261015
:10B9D00000000000007C0028020000002404002871
:10B9E0006400000000000000007C0028000000400F
:10B9F000C47B00286400000000000000A10080005B
:10BA0000007C003C020000002404003C64000000B4
:10BA100000000000007C003C00000040C47B003CB3
:10BA2000640000000000000041018000007C005420
:10BA3000821088002404005464000000000000000C
:10BA4000007C005480108840C47B005464000000D7
:10BA50000000000001028000007C00640200000879
:10BA6000240400646400000000000000007C006406
:10BA700000000048C47B0064640000000000000077
:10BA800081028000007C0068020000082404006835
:10BA90006400000000000000007C00680000004816
:10BAA000C47B00686400000000000000A102800068
:10BAB000007C006C020042002404006C6400000062
:10BAC00000000000007C006C00004240C47B006C61
:10BAD0006400000000000000C1028000007C00142F
:10BAE00002000000240400146400000000000000B4
:10BAF000007C001400000040C47B001464000000BF
:10BB00000000000001008000007C00300200000006
:10BB1000240400306400000000000000007C0030BD
:10BB200000000040C47B0030640000000000000002
:10BB3000E10080009D00000061218000007C004049
:10BB400054000000E3000240030308045511000004
:10BB50000440B7108003700000007F0300006F00F6
:10BB600008000300007C0A400000000043000C4075
:10BB7000AEFFFF000000000081218000007C004437
:10BB800040000000E30002440303080455110000D4
:10BB90000044A3108003700000007F0300006F00CA
:10BBA00008040700007C0A440000000043000C4425
:10BBB000AEFFFF0000000000412280004200005C58
:10BBC00000000008FC0060092301025C000007007F
:10BBD0000000000003000000FFC30000FF1F06007C
:10BBE0000100000000000000FD03840701000000C8
:10BBF00043000C5C0000000042204220007C0B5CF3
:10BC0000010000000308005DEE1E000000000000BF
:10BC10002830000000000000463E00000000000048
:10BC2000C242000000000000874000000000000049
:10BC30008E60000000000000FC1C000000000000FE
:10BC40004E2C000000000000292F00000000000022
:10BC5000011800000000000057460000000000002E
:10BC60008B080000000000007F09000000000000B9
:10BC70004F3C0000000000008C4C00000000000061
:10BC80005922000000000000E35300000000000003
:10BC9000792A0000000000001816000000000000D3
:10BCA000EE47000000000000760E000000000000DB
:10BCB0002E660000000000007E3C00000000000036
:10BCC000DC1D0000000000008F40000000000000AC
:10BCD000E34B00000000000094570000000000004B
:10BCE000153B000000000000562A00000000000084
:10BCF000AC25000000000000CD3200000000000074
:10BD0000D736000000000000612280004200006081
:10BD100000000008FC0060152301026000000A001A
:10BD20000000000003000000FFC30000FF1F06002A
:10BD3000FF74000000000000FD0384070100000004
:10BD400043000C600000000042204220007C0B6099
:10BD50000100000003080061FF746003EC7F000035
:10BD6000FF74C4035DD10000FF74910384C200001E
:10BD7000FF74A0039C790000FF74890382EF000028
:10BD8000FF749A0303120000FF741204142A0000C7
:10BD9000FF74F403E0B80000FF749103BBDE000001
:10BDA000FF748703AFEA0000FF74A203911700003D
:10BDB000FF747B0338880000FF743E03C8E900006D
:10BDC000FF749B03C2D40000FF74C80335BB00009E
:10BDD000FF7499038BFF0000FF749B03E4ED0000E8
:10BDE000FF74E7034A360000FF74940353B0000069
:10BDF000FF74C203F85A0000FF748B033AE5000099
:10BE0000FF74DF03098A0000FF74A2038B3B00006C
:10BE1000FF74B003A4FF0000FF7494034C410000C2
:10BE2000FF74AB03036B0000FF74D803D10500005F
:10BE3000FF749E03A43E0000FF749F03A04E000009
:10BE4000FF74A80374C10000FF748803F13A000076
:10BE5000FF749F032615000021228000007C0058FB
:10BE60004C10740143000258807F08000F2290029A
:10BE70000304005900000000000000000000000062
:10BE800000000000000000000000000000000000B2
:10BE900000000000000000000000000000000000A2
:10BEA0000000000000000000000000000000000092
:10BEB0000000000000000000000000000000000082
:10BEC0000000000000000000000000000000000072
:10BED000C100000009000000090000000900000086
:10BEE000090000000900000009000000090000002E
:10BEF000CA0000008304005A00001A0F49DE000047
:10BF00000000000080EB00000000000080EC00005A
:10BF10000000000000EE00000000000000EF000044
:10BF20000000000000F000000000000080F10000B0
:10BF30000000000080F200000000000000F400009B
:10BF40000000834B6EA900000000000000370000D5
:10BF500000000000003800000000000080390000F0
:10BF600000000000803A000000000000803B00005C
:10BF700000000000003D000000000000003E000046
:10BF800000000000803F0000E1228000007C007083
:10BF9000C0C04100E300027092080010C0017000B0
:10BFA00038003800000000000000BF0100006F00F2
:10BFB0000100050021208000007C001800C108005D
:10BFC0004300021800002E3400880100C300051849
:10BFD000000000000010030001000000000000004D
:10BFE000240000000000100042000C1806000000B1
:10BFF0000700000043000D18080000003F10313416
:10C000004300111800000000000000000121800022
:10C01000007C003484C10800430002340094E070C6
:10C0200000120000C3000534000000000000000002
:10C0300000000000000000002400000000001000CC
:10C0400042000C34060000000700000043000D34DD
:10C05000010000003FA6E070430011340000000022
:10C060000800000021218000007C003800C1080089
:10C070004300023800882F3400880100C3000538CF
:10C08000000000000010030001000000000000009C
:10C09000240000000000100042000C3806000000E0
:10C0A0000700000043000D38080000003F10313445
:10C0B0004300113800000000000000000120800053
:10C0C000007C001408000800230102140010313421
:10C0D00038003800040020000007000004000000C1
:10C0E000080000000088010024000000000010008B
:10C0F00042000C14060000000700000043000D146D
:10C10000080000003F983234430011140000000082
:10C1100000000000007C0010020000002404001059
:10C120006400000000000000007C001000000040DF
:10C13000C47B00106400000000000000007C0010C0
:10C1400001000000007C02102F00000043000F10CF
:10C150000300000011000000630012101300000033
:10C16000110000001700000043001D102700000010
:10C1700019000000007C201025000000007C271022
:10C180002300000001200014007C00405500000046
:10C19000007C004441000000012000580120005CA8
:10C1A00001200060012000700120001801200034EF
:10C1B00001200038E47F001464000000000000004B
:10C1C000007C02100000000043000F10000000007F
:10C1D00000000000630012100000000000000000DA
:10C1E0000000000043001D100000000000000000DF
:10C1F000007C201000000000007C271000000000E0
:10C20000007C0014020000002404001464000000FC
:10C2100000000000007C001400000040C47B0014FB
:10C22000640000000000000001008000007C00406D
:10C230000200000024040040640000000000000030
:10C24000007C004000000040C47B0040640000000F
:10C250000000000061018000007C0044020000003A
:10C26000240400446400000000000000007C00443E
:10C2700000000040C47B0044640000000000000097
:10C2800081018000007C005882108800240400583E
:10C290006400000000000000007C0058801088400E
:10C2A000C47B0058640000000000000021028000F0
:10C2B000007C005C020000082404005C64000000B4
:10C2C00000000000007C005C00000048C47B005CB3
:10C2D000640000000000000041028000007C00605B
:10C2E0000200000824040060640000000000000058
:10C2F000007C006000000048C47B00606400000017
:10C300000000000061028000007C0070020042001A
:10C31000240400706400000000000000007C007035
:10C3200000004240C47B0070640000000000000078
:10C33000E1028000007C00180200000024040018C4
:10C340006400000000000000007C001800000040B5
:10C35000C47B001864000000000000002100800081
:10C36000007C00340200000024040034640000005B
:10C3700000000000007C003400000040C47B00345A
:10C38000640000000000000001018000007C003813
:10C3900002000000240400386400000000000000D7
:10C3A000007C003800000040C47B003864000000BE
:10C3B0000000000021018000BD000000412080003D
:10C3C000007C001C00C088002301021C00103134D6
:10C3D00038003800040020000007000008000000BA
:10C3E000040000000088010024000000000010008C
:10C3F00042000C1C060000000700000043000D1C5A
:10C40000040000003F9832344300111C000000007B
:10C4100000000000C1208000007C002C0801880082
:10C420004300022C00002E3400310000C300052C14
:10C43000000000000062000000000000000000009A
:10C44000240000000000100042000C2C0600000038
:10C450000700000043000D2C040000003F882F342B
:10C460004300112C0000000000000000007C0010C0
:10C47000020000002404001064000000000000001E
:10C48000007C001000000040C47B0010640000002D
:10C4900000000000007C001001000000007C08107B
:10C4A000050000000120002C0120001CE47F002C6E
:10C4B0006400000000000000007C08100000000084
:10C4C000007C002C020000002404002C640000000A
:10C4D00000000000007C002C00000040C47B002C09
:10C4E0006400000000000000C1008000007C001C0F
:10C4F000020000002404001C640000000000000092
:10C50000007C001C00000040C47B001C6400000094
:10C510000000000041008000DD000000A12180003B
:10C52000007C004854000000E300024803030804B4
:10C53000551100000640B710C00138000000BF01CF
:10C540000000370010000300007C0A4800000000D3
:10C5500043000C48D7FFFF0000000000412180008D
:10C56000007C003C40000000E300023C03030804A0
:10C57000551100000040B710C00138000000BF0195
:10C580000000370010040700007C0A3C0000000097
:10C5900043000C3CD7FFFF00000000006121800039
:10C5A000007C004040000000E30002400303080458
:10C5B000551100000040B710C00138000000BF0155
:10C5C0000000370010080B00007C0A40000000004B
:10C5D00043000C40D7FFFF000000000081218000D5
:10C5E000007C004440000000E30002440303080410
:10C5F000551100000046A310C00138000000BF0123
:10C6000000003700100C0F00007C0A4400000000FE
:10C6100043000C44D7FFFF0000000000812280008F
:10C620004200006400000008FC006009230102646D
:10C63000008005000000000003000000FF30000043
:10C64000FF0F03000100000000000000FD030407CD
:10C650000100000043000C64000000004220422062
:10C66000007C0B640100000003100065D340000053
:10C67000000000005B22000000000000D82B00003A
:10C68000000000006B170000000000000B1E0000FF
:10C6900000000000A821000000000000D3260000D8
:10C6A00000000000B7270000000000006D26000019
:10C6B00000000000B019000000000000791F000019
:10C6C00000000000CE3C000000000000AC2F000085
:10C6D00000000000FD39000000000000F86E0000BE
:10C6E00000000000DF14000000000000B23D000068
:10C6F00000000000A735000000000000F620000048
:10C7000000000000B32A00000000000051310000CA
:10C71000000000006414000000000000A32A0000D4
:10C7200000000000624D0000000000001B26000019
:10C7300000000000A50F000000000000CC28000051
:10C7400000000000BE450000000000000D40000099
:10C75000000000003B210000000000002B1D000035
:10C7600000000000AD1A000000000000DE340000F0
:10C7700000000000CC1E000000000000B0310000EE
:10C78000000000003D1A0000000000004F290000DA
:10C790000000000012220000000000007D2A0000BE
:10C7A00000000000541A0000000000003B2B0000B5
:10C7B00000000000C10B000000000000495500000F
:10C7C000000000004E1F0000000000002F4000008D
:10C7D000000000008427000000000000194700004E
:10C7E00000000000F7250000000000008D0C000094
:10C7F00000000000DF1B00000000000068260000B1
:10C8000000000000A96B0000000000007E2F000067
:10C8100000000000F025000000000000FB310000D7
:10C82000000000000021000000000000C63C0000E5
:10C8300000000000B74C0000000000008828000045
:10C8400000000000263500000000000063310000F9
:10C85000000000000024000000000000DD220000B5
:10C8600000000000AD15000000000000A1228000C3
:10C870004200006800000008FC0060152301026807
:10C8800000000A000000000003000000FF3000006C
:10C89000FF0F0300B745000000000000FD03040780
:10C8A0000100000043000C6800000000422042200C
:10C8B000007C0B680100000003100069B7453503D8
:10C8C0002B570000B74521037DC70000B7453B0348
:10C8D0006C6B0000B7458E03097C0000B7451C0354
:10C8E00026E90000B7452003F3400000B745F002F9
:10C8F0007F230000B7454A035BB90000B745220318
:10C9000082F70000B7458903DC460000B7451203F3
:10C9100040200000B7454A03010D0000B7451F0441
:10C920004BF10000B7451E0344BE0000B74511039C
:10C9300013A70000B7456403675E0000B7451703FF
:10C94000B9AD0000B745D803A4430000B745FF02C6
:10C95000C8C80000B74507038DC10000B7453A03BA
:10C96000F47D0000B745080366B30000B7459502A3
:10C9700012C90000B74532032BD20000B745CB02E5
:10C98000C71B0000B74535039E480000B74540036C
:10C99000A53C0000B7454D03D2B90000B745A90337
:10C9A0007F190000B745E3039BBC0000B7450C03AB
:10C9B000370F0000B745350380830000B7451C03DF
:10C9C000CE910000B7453E034A350000B745F3025B
:10C9D00052890000B74541021DD80000B745200329
:10C9E000D1850000B7452003D5610000B7454F034E
:10C9F00058580000B745F20298E20000B745190305
:10CA0000C8C50000B745030358D20000B745380336
:10CA10006B3C0000B7451C037CF80000B7450403DD
:10CA200048D60000B745340301F30000B745410381
:10CA300057F40000B745200356990000B7455A0344
:10CA40009BE80000B7451803A40C0000B74501039C
:10CA5000B8350000B7451C03F6F00000B7454B039E
:10CA60001F500000B74506034CA80000B74500035F
:10CA7000A12E0000B7451F030B570000B745FE026B
:10CA8000FCF60000B745430339F10000B745020347
:10CA900016F50000B7452B030E390000B745F40228
:10CAA000F5270000B7458D0288FC0000B7450C0350
:10CAB0004C750000B7450803CFE800000122800054
:10CAC000007C00544C10740143000254807F080025
:10CAD0000F22900203040055C0000000080000006F
:10CAE0000800000008000000080000000800000026
:10CAF0000800000008000000080000000800000016
:10CB00000800000008000000080000000800000005
:10CB100008000000080000000800000008000000F5
:10CB200008000000080000000800000008000000E5
:10CB3000C9000000110000001100000011000000F9
:10CB400011000000110000001100000011000000A1
:10CB500011000000D2000000830600560000000013
:10CB600000C000000000000000C000000000000045
:10CB700000C000000000000080C0000000000000B5
:10CB800080C000000000000000C1000000000000A4
:10CB900000C100000000000080C100000000610E24
:10CBA0007DDC00000000000080E7000000000000C5
:10CBB00080E700000000000080E8000000000000A6
:10CBC00080E900000000000000EB00000000000011
:10CBD00000EC00000000000000ED0000000000007C
:10CBE00000EE00000000E74773B000000000000006
:10CBF00080370000000000008038000000000000C6
:10CC00008039000000000000803A000000000000B1
:10CC1000003C000000000000003D0000000000009B
:10CC2000003E000000000000003F0000C122800024
:10CC3000007C006CC0C04100E300026C9208001050
:10CC4000E00038001C001C00000000000000DF00B5
:10CC5000000037000100050021208000007C001842
:10CC600000C108004300021800002E3400620000DA
:10CC7000C30005180000000000880100010000004A
:10CC800000000000240000000000100042000C180A
:10CC9000060000000700000043000D18100000000F
:10CCA0003F882F34430011180000000000000000EE
:10CCB00021218000007C003884C108004300023834
:10CCC00000A0DF7000480000C3000538000000002D
:10CCD0000000000000000000000000002400000030
:10CCE0000000100042000C380600000007000000A1
:10CCF00043000D38010000003FE8DF7043001138A9
:10CD0000000000000800000001218000007C0034C9
:10CD100000C108004300023400622E3400620000AB
:10CD2000C30005340000000000880100010000007D
:10CD300000000000240000000000100042000C343D
:10CD4000060000000700000043000D341000000042
:10CD50003F882F3443001134000000000000000021
:10CD6000C1208000007C002C00C108004300022C80
:10CD700000C42E3400620000C300052C0000000037
:10CD800000880100010000000000000024000000F5
:10CD90000000100042000C2C0600000007000000FC
:10CDA00043000D2C100000003F882F344300112C4D
:10CDB000000000000000000001208000007C001442
:10CDC00000C108004300021400262F340062000056
:10CDD000C3000514000000000088010001000000ED
:10CDE00000000000240000000000100042000C14AD
:10CDF000060000000700000043000D1410000000B2
:10CE00003F882F3443001114000000000000000090
:10CE100041208000007C001C080008002301021C47
:10CE200000882F341C001C00040040000007000094
:10CE3000040000001000000000C4000024000000F6
:10CE40000000100042000C1C06000000070000005B
:10CE500043000D1C100000003F4C30344300111CF7
:10CE60000000000000000000007C00100200000034
:10CE7000240400106400000000000000007C00108A
:10CE800000000040C47B00106400000000000000AF
:10CE9000007C001001000000007C04102D00000048
:10CEA00063010C1011000000130000001B000000C3
:10CEB0000D0000001300000015000000010000003C
:10CEC0001300000017000000030000001300000022
:10CED000007C1C102B000000007C221019000000B8
:10CEE000007C241029000000007C26102100000096
:10CEF0000120001C007C003C41000000007C004040
:10CF000041000000007C004441000000007C00481B
:10CF10005500000001200054012000640120006839
:10CF20000120006C01200014012000180120002CB9
:10CF30000120003401200038E47F001C6400000060
:10CF400000000000007C04100000000063010C10D1
:10CF500000000000000000000000000000000000D1
:10CF600000000000000000000000000000000000C1
:10CF7000000000000000000000000000007C1C1009
:10CF800000000000007C221000000000007C241043
:10CF900000000000007C261000000000007C001C47
:10CFA000020000002404001C6400000000000000D7
:10CFB000007C001C00000040C47B001C64000000DA
:10CFC0000000000041008000007C003C02000000E6
:10CFD0002404003C6400000000000000007C003CD1
:10CFE00000000040C47B003C640000000000000022
:10CFF00041018000007C0040020000002404004049
:10D000006400000000000000007C004000000040C0
:10D01000C47B00406400000000000000610180004B
:10D02000007C00440200000024040044640000006E
:10D0300000000000007C004400000040C47B00446D
:10D04000640000000000000081018000007C0048B6
:10D0500002000000240400486400000000000000FA
:10D06000007C004800000040C47B004864000000D1
:10D0700000000000A1018000007C005482108800A4
:10D08000240400546400000000000000007C0054F0
:10D0900080108840C47B0054640000000000000041
:10D0A00001028000007C0064020000082404006487
:10D0B0006400000000000000007C006400000048E4
:10D0C000C47B006464000000000000008102800056
:10D0D000007C00680200000824040068640000006E
:10D0E00000000000007C006800000048C47B00686D
:10D0F0006400000000000000A1028000007C006CC1
:10D10000020042002404006C6400000000000000E3
:10D11000007C006C00004240C47B006C6400000096
:10D1200000000000C1028000007C0014020000002A
:10D13000240400146400000000000000007C0014BF
:10D1400000000040C47B00146400000000000000E8
:10D1500001008000007C0018020000002404001878
:10D160006400000000000000007C00180000004087
:10D17000C47B001864000000000000002100800053
:10D18000007C002C020000002404002C640000003D
:10D1900000000000007C002C00000040C47B002C3C
:10D1A0006400000000000000C1008000007C00342A
:10D1B00002000000240400346400000000000000AD
:10D1C000007C003400000040C47B00346400000098
:10D1D0000000000001018000007C00380200000017
:10D1E000240400386400000000000000007C0038C7
:10D1F00000000040C47B0038640000000000000014
:10D2000021018000FD000000C1208000007C002C76
:10D2100000C088002301022C00882F341C001C0051
:10D2200004004000000700000800000008000000A3
:10D2300000C40000240000000000100042000C2C7C
:10D24000060000000700000043000D2C080000004D
:10D250003F4C30344300112C00000000000000005F
:10D2600021208000007C001808018800430002187B
:10D2700000002E34400C0000C30005180000000020
:10D2800080180000000000000000000024000000E2
:10D290000000100042000C1806000000070000000B
:10D2A00043000D18080000003FC42E34430011183D
:10D2B0000000000000000000007C001002000000E0
:10D2C000240400106400000000000000007C001036
:10D2D00000000040C47B001064000000000000005B
:10D2E000007C001001000000007C03100D00000015
:10D2F000012000180120002CE47F001864000000C9
:10D3000000000000007C031000000000007C0018FA
:10D310000200000024040018640000000000000067
:10D32000007C001800000040C47B0018640000006E
:10D330000000000021008000007C002C02000000A2
:10D340002404002C6400000000000000007C002C7D
:10D3500000000040C47B002C6400000000000000BE
:10D36000C10080001D01000041218000007C003CC4
:10D37000500300002301023C030308045511000080
:10D380000640B710E0001C000000DF0000001B009A
:10D3900010000300020101000000000043000C3CEB
:10D3A000CFFFFF000000000061218000007C0040F2
:10D3B00040000000E3000240030308045511000090
:10D3C0000040B710E0001C000000DF0000001B0060
:10D3D00010040700007C0A400000000043000C40DD
:10D3E000CFFFFF000000000081218000007C00448E
:10D3F00040000000E300024403030804551100004C
:10D400000040B710E0001C000000DF0000001B001F
:10D4100010080B00007C0A440000000043000C448C
:10D42000CFFFFF0000000000A1218000007C004829
:10D4300040000000E3000248030308045511000007
:10D440000046A310E0001C000000DF0000001B00ED
:10D45000100C0F00007C0A480000000043000C483C
:10D46000CFFFFF0000000000412280004200005C6E
:10D4700000000008FC0060092301025C00000600B7
:10D4800000000000030000003F0C0000FF870100C7
:10D490000100000000000000FD0304060100000080
:10D4A00043000C5C0000000042204220007C0B5C2A
:10D4B000010000000320005D422000000000000089
:10D4C000382E000000000000F01A000000000000EC
:10D4D00063260000000000008C1A0000000000001D
:10D4E000B2270000000000006822000000000000D9
:10D4F0000F2C00000000000084210000000000004C
:10D500000B370000000000000F2D0000000000009D
:10D51000EF43000000000000B828000000000000F9
:10D52000C731000000000000A52700000000000037
:10D53000D0200000000000009A250000000000003C
:10D540008D1D0000000000001924000000000000F4
:10D550002424000000000000681700000000000004
:10D56000371D000000000000273700000000000009
:10D570005E3C000000000000172C000000000000CE
:10D58000D734000000000000832E000000000000DF
:10D590005037000000000000AC3500000000000023
:10D5A000C21D000000000000463B0000000000001B
:10D5B000F82200000000000001350000000000001B
:10D5C000CB1D0000000000005F2D000000000000E7
:10D5D000C5160000000000001C1E00000000000036
:10D5E000FA28000000000000954C00000000000038
:10D5F000EF20000000000000C32400000000000035
:10D600005D20000000000000B61C000000000000CB
:10D61000EB4B000000000000094500000000000086
:10D620007424000000000000812F000000000000B2
:10D63000F8280000000000006A2F00000000000031
:10D64000F530000000000000713B00000000000009
:10D650009A2B000000000000B4230000000000002E
:10D66000E215000000000000ED18000000000000BE
:10D67000A8200000000000001C1C000000000000AA
:10D68000A03A0000000000003B4500000000000040
:10D690009E1E000000000000901C00000000000022
:10D6A000AF590000000000005A4D000000000000CB
:10D6B000133E000000000000D01D0000000000002C
:10D6C0006C220000000000008F230000000000001A
:10D6D0008F27000000000000AF32000000000000B3
:10D6E0003825000000000000D462000000000000A7
:10D6F0003E1F0000000000004B1D00000000000065
:10D700001528000000000000062C000000000000AA
:10D710005B14000000000000612100000000000018
:10D72000682E000000000000BA2100000000000088
:10D730002C25000000000000D62900000000000099
:10D740000A36000000000000221700000000000060
:10D75000114D000000000000CD2800000000000076
:10D76000561D000000000000593B000000000000B2
:10D770008E300000000000006B310000000000004F
:10D78000A42D00000000000018330000000000007D
:10D79000781C000000000000903400000000000031
:10D7A000B6270000000000004B2F00000000000022
:10D7B000E51C000000000000C22500000000000081
:10D7C000F7380000000000008E1400000000000088
:10D7D0002D11000000000000F625000000000000F0
:10D7E0001012000000000000D4280000000000001B
:10D7F0009C2E0000000000003B2C000000000000F8
:10D80000B9240000000000006437000000000000A0
:10D81000C132000000000000B3230000000000003F
:10D820007B19000000000000864C00000000000092
:10D83000122D000000000000022600000000000081
:10D840004727000000000000AF14000000000000A7
:10D85000ED1A000000000000B81A000000000000EF
:10D860004C280000000000005E30000000000000B6
:10D87000D62C000000000000BE26000000000000C2
:10D880008D250000000000009E2E0000000000001A
:10D89000180F0000000000005B2A000000000000DC
:10D8A000FF2B000000000000DF4C00000000000023
:10D8B0000C2800000000000061228000420000608F
:10D8C00000000008FC0060152301026000000A004F
:10D8D00000000000030000003F0C0000FF87010073
:10D8E0005365000000000000FD0304060100000075
:10D8F00043000C600000000042204220007C0B60CE
:10D900000100000003200061536581014DC6000045
:10D9100053650202CAA300005365E2012DB5000061
:10D92000536577010BAA00005365550106EF00000F
:10D930005365A4010E7200005365670197830000D0
:10D940005365AA0172B10000536558015C9A00004A
:10D9500053656D013B67000053653001A8F9000075
:10D960005365730173E000005365A900F3070000DD
:10D970005365230258CC000053657601205F0000F8
:10D980005365DE01BA3D00005365A701592B000025
:10D99000536568018507000053657001FD1900009B
:10D9A0005365A4014E4C000053659F01AB2B000052
:10D9B00053654901AC4D00005365FDFF343B000049
:10D9C00053656C0143D5000053650301BDBC0000E5
:10D9D00053655C018862000053658901CBFE00003D
:10D9E00053653F01BEFE00005365730161500000A6
:10D9F000536543015AFB00005365AC0150270000FA
:10DA000053658D01E596000053658A0140F60000DC
:10DA10005365260107D000005365A0015E4F00004A
:10DA20005365BA003B8100005365D000CAA10000D5
:10DA3000536560011751000053657701C7DB000093
:10DA40005365A401236C000053652501E8A700007D
:10DA500053655D01F065000053656E0188C20000EA
:10DA600053656101B8C2000053650201BFA90000FF
:10DA7000536545014B33000053654C0188AA0000F3
:10DA80005365EE01F0A4000053657A01E99B0000A4
:10DA900053655501EBCC000053658E014A7A0000B6
:10DAA00053650901905C00005365590174DF000063
:10DAB0005365FD0081F6000053656D0171E90000BA
:10DAC0005365A101DD99000053655701D7DC0000C3
:10DAD00053655301C8F7000053650D015A9C0000BF
:10DAE00053650D01ECE000005365FC00F1CF000030
:10DAF0005365BB0073D4000053654301EC0E000076
:10DB000053655001E4A4000053653301667F0000B3
:10DB100053651301B5BB000053655101F3DE0000EE
:10DB200053650101A11F000053658601C73800003D
:10DB300053652001794800005365180056700000B5
:10DB400053659D011864000053659E01B5C1000036
:10DB500053658B01D021000053653E01050900008B
:10DB600053656C006C520000536565014B57000013
:10DB7000536561018313000053653301D6630000D0
:10DB800053652C01A7A20000536561013F89000085
:10DB90005365A301DD0100005365FA0096040000FF
:10DBA00053652E01371300005365F300DD26000096
:10DBB0005365FC013DBE000053653301EA1B0000C4
:10DBC00053656B00C9A100005365480100110000B6
:10DBD00053656201F4A9000053657101C69D000000
:10DBE000536537013F62000053652601B3380000DA
:10DBF0005365F401A9F4000053657E01252000005F
:10DC000053652A01B6E40000536594012EEF00002D
:10DC10005365FB00E55B00005365E901412D000001
:10DC20005365620173C600005365BD0169E30000DE
:10DC30005365F2000E3F000053654D01100C0000CB
:10DC400053656101B2A300005365A801F2AC000066
:10DC50005365F701EBF6000053654E01EBC300007E
:10DC600053654C014385000053656F0170A90000A6
:10DC70005365FD00861A000053654501947F00003E
:10DC800053657B016C2400005365B50131DA000057
:10DC900053654301B0D600005365490156F50000B5
:10DCA00053655801DF19000053659E014EC3000003
:10DCB00053651B00F59B000053656C017C4300001D
:10DCC0005365660187220000536523012D30000053
:10DCD00053658201C222000053659901C07F000094
:10DCE0005365900145D9000053656701080600009F
:10DCF0005365A401C2B3000053659C01CEF000003F
:10DD0000536580019E59000021228000007C00584C
:10DD10004C10740143000258807F08000F129002DB
:10DD200003040059C00000000800000008000000C3
:10DD300008000000080000000800000008000000C3
:10DD400008000000080000000800000008000000B3
:10DD500008000000080000000800000008000000A3
:10DD6000080000000800000008000000C9000000D2
:10DD7000110000001100000011000000110000005F
:10DD8000110000001100000011000000110000004F
:10DD9000110000001100000011000000110000003F
:10DDA000D20000008306005A0000000000C00000FE
:10DDB0000000000000C000000000000000C00000E3
:10DDC0000000000080C000000000000080C00000D3
:10DDD0000000000080C000000000000000C1000042
:10DDE0000000000000C1000000001F18DBD7000089
:10DDF0000000000000DB00000000000000DB00006D
:10DE00000000000000DB00000000000080DB0000DC
:10DE10000000000080DB00000000000000DC0000CB
:10DE20000000000000DC00000000000000DD000039
:10DE300000009B7845C7000000000000803800000B
:10DE4000000000008039000000000000003A0000DF
:10DE500000000000003B000000000000003C00004B
:10DE600000000000003D000000000000003E000037
:10DE700000000000003F0000E1228000007C0070F4
:10DE8000C0C04100E30002709208001070001C0046
:10DE90000E000E000000000000006F0000001B00DC
:10DEA0000100050041208000007C001C00C108002A
:10DEB0004300021C00002E3480180000C300051C23
:10DEC00000000000006200000200000000000000EE
:10DED000240000000000100042000C1C060000009E
:10DEE0000700000043000D1C400000003FC42E341A
:10DEF0004300111C00000000000000000121800010
:10DF0000007C003484C10800430002340080DE70CD
:10DF100000200100C30005340000000000000000E4
:10DF200000000000000000002400000000001000BD
:10DF300042000C34060000000700000043000D34CE
:10DF4000010000003FA0DF7043001134000000001A
:10DF50000800000081208000007C002400C18800AF
:10DF60004300022400262F34400C0000C300052487
:10DF700000000000000000000000000000000000A1
:10DF8000240000000000100042000C2406000000E5
:10DF90000700000043000D2440000000BF3E2F3466
:10DFA00043001124000000000000000061208000F8
:10DFB000007C002000C108004300022080182E349D
:10DFC00080180000C300052000000000006200006F
:10DFD000020000000000000024000000000010000B
:10DFE00042000C20060000000700000043000D2046
:10DFF000400000003FC42E34430011200000000008
:10E0000000000000A1208000007C002800C1080062
:10E010004300022800312E3480180000C300052878
:10E02000000000000062000002000000000000008C
:10E03000240000000000100042000C280600000030
:10E040000700000043000D28400000003FC42E34AC
:10E050004300112800000000000000002121800082
:10E06000007C003800C108004300023880492E348B
:10E0700080180000C30005380000000000620000A6
:10E08000020000000000000024000000000010005A
:10E0900042000C38060000000700000043000D3865
:10E0A000400000003FC42E3443001138000000003F
:10E0B00000000000E1208000007C003008018800A2
:10E0C0004300023000262F34400C0000C30005300E
:10E0D0000000000000000000000000000000000040
:10E0E000240000000000100042000C300600000078
:10E0F0000700000043000D3040000000BF3E2F34F9
:10E10000430011300000000000000000C12080002A
:10E11000007C002C080008002301022C00C42E34CF
:10E120000E000E0004008000000700000400000044
:10E130002000000000620000240000000000100029
:10E1400042000C2C060000000700000043000D2CCC
:10E15000200000003F262F344300112C0000000057
:10E1600000000000007C00100200000024040010E9
:10E170006400000000000000007C0010000000406F
:10E18000C47B00106400000000000000007C001050
:10E1900001000000430008102F0000001B000000D9
:10E1A00083010C10050000001100000009000000B0
:10E1B0000700000011000000150000000B00000027
:10E1C0001100000017000000130000001100000003
:10E1D0001900000043001D10270000001A011B0158
:10E1E000007C201025000000007C27102300000088
:10E1F0000120002C01200030007C003C5103000075
:10E20000007C004041000000007C00444100000010
:10E21000007C004841000000012000580120005C03
:10E2200001200060012000700120001C012000205E
:10E2300001200024012000280120003401200038A2
:10E24000E47F002C6400000000000000E47F003048
:10E2500064000000000000004300081000000000FF
:10E260000000000083010C1000000000000000000E
:10E27000000000000000000000000000000000009E
:10E28000000000000000000000000000000000008E
:10E29000000000000000000043001D10000000000E
:10E2A00000000000007C201000000000007C27100F
:10E2B00000000000007C002C020000002404002C60
:10E2C0006400000000000000007C002C0000004002
:10E2D000C47B002C6400000000000000C10080002E
:10E2E000007C0030020000002404003064000000C4
:10E2F00000000000007C003000000040C47B0030C3
:10E300006400000000000000E1008000007C003C90
:10E31000020000002404003C640000000000000033
:10E32000007C003C00000040C47B003C6400000016
:10E330000000000041018000007C0040020000005D
:10E34000240400406400000000000000007C004045
:10E3500000000040C47B004064000000000000009A
:10E3600061018000007C004402000000240400449D
:10E370006400000000000000007C00440000004039
:10E38000C47B0044640000000000000081018000A4
:10E39000007C0048020000002404004864000000E3
:10E3A00000000000007C004800000040C47B0048E2
:10E3B0006400000000000000A1018000007C005803
:10E3C000821088002404005864000000000000004F
:10E3D000007C005880108840C47B00586400000016
:10E3E0000000000021028000007C005C02000008A8
:10E3F0002404005C6400000000000000007C005C5D
:10E4000000000048C47B005C6400000000000000C5
:10E4100041028000007C00600200000824040060CB
:10E420006400000000000000007C00600000004864
:10E43000C47B0060640000000000000061028000F6
:10E44000007C0070020042002404007064000000A0
:10E4500000000000007C007000004240C47B00709F
:10E460006400000000000000E1028000007C001C4D
:10E47000020000002404001C6400000000000000F2
:10E48000007C001C00000040C47B001C64000000F5
:10E490000000000041008000007C0020020000001D
:10E4A000240400206400000000000000007C002024
:10E4B00000000040C47B0020640000000000000059
:10E4C00061008000007C002402000000240400247D
:10E4D0006400000000000000007C002400000040F8
:10E4E000C47B002464000000000000008100800064
:10E4F000007C0028020000002404002864000000C2
:10E5000000000000007C002800000040C47B0028C0
:10E510006400000000000000A1008000007C0034C6
:10E520000200000024040034640000000000000029
:10E53000007C003400000040C47B00346400000014
:10E540000000000001018000007C00380200000093
:10E55000240400386400000000000000007C003843
:10E5600000000040C47B0038640000000000000090
:10E57000210180003D010000E1208000007C00308E
:10E5800000C088002301023000C42E340E000E00AB
:10E5900004008000000700000800000010000000D8
:10E5A00000620000240000000000100042000C3057
:10E5B000060000000700000043000D3010000000BE
:10E5C0003F262F34430011300000000000000000FF
:10E5D00021208000007C00180801880043000218F8
:10E5E00000002E3410030000C300051800000000D6
:10E5F00020060000000000000000000024000000D1
:10E600000000100042000C18060000000700000087
:10E6100043000D18100000003F622E344300111813
:10E620000000000000000000007C0010020000005C
:10E63000240400106400000000000000007C0010B2
:10E6400000000040C47B00106400000000000000D7
:10E65000007C001001000000007C03100F0000008F
:10E660000120001801200030E47F00186400000041
:10E6700000000000007C031000000000007C001877
:10E6800002000000240400186400000000000000E4
:10E69000007C001800000040C47B001864000000EB
:10E6A0000000000021008000007C0030020000001B
:10E6B000240400306400000000000000007C0030F2
:10E6C00000000040C47B0030640000000000000037
:10E6D000E10080005D01000041218000007C003CE1
:10E6E000500300002301023C0303080455110000FD
:10E6F0000740B71070000E0000006F0000000D0012
:10E7000010000300040103000000000043000C3C63
:10E71000B8FFFF000000000061218000007C004085
:10E7200040000000E300024003030804551100000C
:10E730000040B71070000E0000006F0000000D00D8
:10E7400010040700007C0A400000000043000C4059
:10E75000B8FFFF000000000081218000007C004421
:10E7600040000000E30002440303080455110000C8
:10E770000040B71070000E0000006F0000000D0098
:10E7800010080B00007C0A440000000043000C4409
:10E79000B8FFFF0000000000A1218000007C0048BD
:10E7A00040000000E3000248030308045511000084
:10E7B0000047A31070000E0000006F0000000D0065
:10E7C000100C0F00007C0A480000000043000C48B9
:10E7D000B8FFFF00000000008122800042000064BA
:10E7E00000000008FC0060092301026400800500AD
:10E7F00000000000030000000F030000FFC3000042
:10E800000100000000000000FD03040401000000FE
:10E8100043000C640000000042204220007C0B6496
:10E820000100000003400065B62B0000000000005E
:10E83000281F000000000000E11800000000000098
:10E84000E715000000000000C81A000000000000EA
:10E850007121000000000000500F000000000000C7
:10E860002E140000000000008518000000000000C9
:10E870001714000000000000541200000000000007
:10E88000B614000000000000700E00000000000040
:10E890007518000000000000711500000000000065
:10E8A0006B2C000000000000110F000000000000B1
:10E8B0006C11000000000000C51C000000000000FA
:10E8C0004E0E000000000000F312000000000000E7
:10E8D00012150000000000002712000000000000D8
:10E8E000140F000000000000F116000000000000FE
:10E8F000ED170000000000002E11000000000000D5
:10E900007D0E000000000000E11C0000000000007F
:10E910000A1B000000000000C31A000000000000F5
:10E92000572D000000000000170D0000000000003F
:10E930002719000000000000502B0000000000001C
:10E940001F0F00000000000058140000000000002D
:10E950002020000000000000E11A0000000000007C
:10E9600025120000000000004E0F00000000000013
:10E97000341B0000000000009F1000000000000099
:10E980000F10000000000000101B0000000000003D
:10E990006917000000000000081D000000000000D2
:10E9A0006D18000000000000B40F0000000000001F
:10E9B0000911000000000000961B0000000000008C
:10E9C000F415000000000000CD1900000000000058
:10E9D000ED1B000000000000B4110000000000006A
:10E9E0006D12000000000000B110000000000000E7
:10E9F000EC130000000000002815000000000000DB
:10EA00006E190000000000005D31000000000000F1
:10EA10000126000000000000961000000000000029
:10EA20004B250000000000008D10000000000000D9
:10EA30008F110000000000005019000000000000CD
:10EA4000461E000000000000900F000000000000C3
:10EA5000F24B000000000000EB120000000000007C
:10EA60005350000000000000FB14000000000000F4
:10EA7000A0110000000000000623000000000000BC
:10EA80005F1B0000000000004511000000000000B6
:10EA900075120000000000004A1D00000000000088
:10EAA000761B000000000000CF13000000000000F3
:10EAB0006420000000000000820F00000000000041
:10EAC0001816000000000000FB1400000000000009
:10EAD000C01800000000000036190000000000000F
:10EAE0001B1A0000000000002D1C000000000000A8
:10EAF0005A15000000000000E313000000000000B1
:10EB00001310000000000000B50A00000000000023
:10EB1000E3190000000000000210000000000000E7
:10EB2000A71F0000000000006D1C00000000000096
:10EB3000BE14000000000000D90F0000000000001B
:10EB4000F716000000000000BB14000000000000E9
:10EB50003121000000000000D90D0000000000007D
:10EB60009B11000000000000861200000000000061
:10EB70006D17000000000000ED1A0000000000000A
:10EB8000AB18000000000000701100000000000041
:10EB90001A17000000000000A00B00000000000099
:10EBA00059160000000000003713000000000000AC
:10EBB000700E0000000000000712000000000000BE
:10EBC0000323000000000000BF120000000000004E
:10EBD0006026000000000000340F0000000000006C
:10EBE0000C1B0000000000001E24000000000000BC
:10EBF0000111000000000000A3140000000000004C
:10EC00006915000000000000591C00000000000011
:10EC10009717000000000000ED1000000000000049
:10EC2000AC1B0000000000008D120000000000007E
:10EC3000631F000000000000C5100000000000007D
:10EC4000B421000000000000691100000000000075
:10EC5000AF1D000000000000691E00000000000061
:10EC60005317000000000000C4180000000000005E
:10EC7000A817000000000000B30D00000000000015
:10EC80003B6F000000000000030D000000000000CA
:10EC90000314000000000000AA0C000000000000A7
:10ECA0000F1B0000000000008311000000000000A6
:10ECB0006F15000000000000330E0000000000008F
:10ECC0007D1F000000000000F01B0000000000009D
:10ECD000DD1A000000000000230F0000000000000B
:10ECE0006B3A000000000000C70F000000000000A9
:10ECF0009F49000000000000F91000000000000023
:10ED00007614000000000000742A000000000000DB
:10ED10009A0F0000000000009112000000000000A7
:10ED2000E00C000000000000151C000000000000C6
:10ED3000C415000000000000271A000000000000B9
:10ED40006425000000000000DE100000000000004C
:10ED5000EF0E000000000000032200000000000091
:10ED60008F0F000000000000931900000000000059
:10ED70009E2A000000000000B31100000000000007
:10ED80007417000000000000A81900000000000037
:10ED90009212000000000000B31E000000000000FE
:10EDA000200E000000000000871800000000000096
:10EDB000A717000000000000CC16000000000000B3
:10EDC0005215000000000000E217000000000000E3
:10EDD000DC28000000000000A81E00000000000069
:10EDE000A51B0000000000004730000000000000EC
:10EDF000FB1A000000000000561300000000000095
:10EE00009E130000000000007920000000000000B8
:10EE10002017000000000000ED12000000000000BC
:10EE2000691A0000000000003F0F00000000000011
:10EE30008410000000000000ED170000000000003A
:10EE40005410000000000000361200000000000016
:10EE50005B1B0000000000006B1E000000000000B3
:10EE6000F50E0000000000009437000000000000D4
:10EE7000061B000000000000921D000000000000C2
:10EE8000F0160000000000004B150000000000001C
:10EE9000D21B00000000000015130000000000005D
:10EEA000B215000000000000EE100000000000009D
:10EEB000C712000000000000041F00000000000056
:10EEC000ED16000000000000251400000000000006
:10EED0001B130000000000003510000000000000BF
:10EEE0007714000000000000660B00000000000026
:10EEF000FD120000000000006F1E00000000000076
:10EF0000161C000000000000C010000000000000FF
:10EF100067310000000000005C11000000000000EC
:10EF2000C40D0000000000000810000000000000F8
:10EF30000B12000000000000D616000000000000C8
:10EF4000A316000000000000760D00000000000085
:10EF50000412000000000000790F00000000000013
:10EF6000AE15000000000000E712000000000000E5
:10EF700004140000000000003C100000000000002D
:10EF8000C912000000000000060F00000000000091
:10EF9000F417000000000000DB1D0000000000006E
:10EFA000C411000000000000611200000000000019
:10EFB0003918000000000000E41F000000000000FD
:10EFC000F20F000000000000EB3200000000000023
:10EFD000E81E0000000000007911000000000000A1
:10EFE000B81E000000000000750E000000000000C8
:10EFF000341E000000000000D109000000000000E5
:10F000001313000000000000CC0B00000000000003
:10F010003E0E000000000000EE14000000000000A2
:10F020006B0F000000000000A12280004200006879
:10F0300000000008FC0060152301026800000A00BF
:10F0400000000000030000000F030000FFC30000E9
:10F050006D7B000000000000FD03040401000000BF
:10F0600043000C680000000042204220007C0B6836
:10F0700001000000034000696D7B35FF9F13000015
:10F080006D7B0BFF6A2800006D7B89FF9C5B000095
:10F090006D7B07FF19E100006D7B5EFF47ED00000F
:10F0A0006D7B68FF5E1E00006D7B2DFFD72D00007D
:10F0B0006D7B57FF53A200006D7B34FF77C10000CA
:10F0C0006D7B3AFF6C3F00006D7B4DFFB605000085
:10F0D0006D7B25FF58BA00006D7B63FF630700005E
:10F0E0006D7B69FF9F7400006D7B67FF22FE00004F
:10F0F0006D7B39FF7FCA00006D7B2AFFF8CC0000D2
:10F100006D7B44FFF03500006D7B27FF603E000003
:10F110006D7B44FF9BD500006D7B6FFFC8A800008E
:10F120006D7B31FFE1EA00006D7B7BFF1F3B000040
:10F130006D7B7CFF268E00006D7B0CFF4D42000036
:10F140006D7B66FF31C700006D7BF1FE071A000082
:10F150006D7B8BFF38BE00006D7B10FF6553000098
:10F160006D7B49FF39E400006D7B23FFE0D4000094
:10F170006D7B9DFFCB9E00006D7B49FF06B00000BC
:10F180006D7B6CFF80E200006D7BD2FE704A000058
:10F190006D7B2DFF052500006D7B48FFD3AA000085
:10F1A0006D7B26FF808A00006D7BADFFD5C6000019
:10F1B0006D7BEFFE181300006D7B78FF2EFC0000C6
:10F1C0006D7B59FFF4DE00006D7BE7FE356F0000BC
:10F1D0006D7B5DFFD9BB00006D7B77FF33030000C3
:10F1E0006D7B59FFC7A900006D7B4BFF7CD50000EC
:10F1F0006D7B72FF506000006D7B52FFE5170000D1
:10F200006D7B47FF669600006D7B36FFE1000000D6
:10F210006D7B59FF99B800006D7B51FFE3800000C2
:10F220006D7B86FF7B7700006D7B6FFFEF670000D3
:10F230006D7B17FFFF1C00006D7B61FFBF8C000022
:10F240006D7B34FF679F00006D7B4EFFC250000056
:10F250006D7B4FFFD13700006D7B10FFA58900004B
:10F260006D7BBBFF08C000006D7B32FE197E000085
:10F270006D7B15FFE41000006D7B4AFFE5C70000C1
:10F280006D7B57FFA0C800006D7B3FFF021D000093
:10F290006D7BC9FEF51700006D7B4BFF7791000079
:10F2A0006D7BF7FEE56200006D7B13FFECD900007B
:10F2B0006D7B08FFC21D00006D7B52FF60AD00003A
:10F2C0006D7BAFFE9E0800006D7BD3FEB810000082
:10F2D0006D7B3EFF435E00006D7B4DFF5F000000D5
:10F2E0006D7B55FFE55A00006D7B69FFF626000037
:10F2F0006D7B5DFFC44D00006D7B74FF5D5D0000A4
:10F300006D7B72FFEEBB00006D7B60FF2F4700003E
:10F310006D7B53FF6D3800006D7B53FF67C30000AA
:10F320006D7B68FFA9D700006D7B77FF5B21000034
:10F330006D7B52FFF20D00006D7B50FFCAA70000ED
:10F340006D7B68FF7B6300006D7B73FF48110000DD
:10F350006D7B57FFB56D00006D7B7BFFB27F0000BA
:10F360006D7B43FF612C00006D7BEEFFB8E3000076
:10F370006D7B29FF53AF00006D7B62FF10C700005B
:10F380006D7B6FFFF57500006D7B8AFF3ED200003C
:10F390006D7BABFF630B00006D7B7FFF6997000007
:10F3A0006D7B54FFDDFD00006D7B40FF4BD6000000
:10F3B0006D7B63FF472200006D7B9EFFD3E700005B
:10F3C0006D7B4EFFD23400006D7B5BFFF25F00006F
:10F3D0006D7B84FFB9D900006D7B70FF95830000C1
:10F3E0006D7BA6FF992D00006D7B3AFF3A9C0000D3
:10F3F0006D7B2CFFA3EA00006D7B62FF85A10000FE
:10F400006D7B69FF02C400006D7B74FF49CD000075
:10F410006D7B50FF164E00006D7B87FF3F70000034
:10F420006D7B1EFEDCD600006D7B29FF0D09000000
:10F430006D7B2CFF96B000006D7B27FFA5E90000D7
:10F440006D7B9CFFD9ED00006D7B4DFF6CCE000005
:10F450006D7B5FFF40E900006D7B1EFF00690000CF
:10F460006D7B6BFF6C0900006D7B4FFFC75E00007A
:10F470006D7B77FF503100006D7B6CFF9EAB000011
:10F480006D7B95FFD9F000006D7B75FFE49A00005D
:10F490006D7B40FF467700006D7B59FF07900000B1
:10F4A0006D7B6DFF030800006D7B1AFF7A930000EF
:10F4B0006D7BEFFE7BA800006D7B6FFFD80800001E
:10F4C0006D7B58FFFFB700006D7B6BFF123A0000A9
:10F4D0006D7B4BFF51B500006D7BB6FFA452000061
:10F4E0006D7B39FF8FF400006D7B1FFF5C680000AF
:10F4F0006D7B18FE549200006D7B34FFC0A00000AD
:10F500006D7B37FFBA0C00006D7B37FF92A20000C5
:10F510006D7B27FF4BD800006D7B46FF0A12000071
:10F520006D7BE5FFCEBC00006D7B85FFB0850000E4
:10F530006D7B45FF869200006D7B75FFF9370000FB
:10F540006D7B2AFFACC800006D7BA2FF4D960000CA
:10F550006D7B07FFA9BF00006D7B7BFFADC5000081
:10F560006D7B3EFF4E2100006D7B63FF332B00005F
:10F570006D7B07FF252900006D7B2DFF2991000081
:10F580006D7B78FF774100006D7B7EFF64C90000D2
:10F590006D7B3EFFD4A100006D7B8FFF13C7000081
:10F5A0006D7B60FF6CEA00006D7B53FFFDE50000A2
:10F5B0006D7B29FF5C9F00006D7B8EFF4A00000081
:10F5C0006D7B52FFB02800006D7B9FFFED2800008F
:10F5D0006D7BB8FEFBBF00006D7BF7FE42130000A1
:10F5E0006D7B18FF17F000006D7B8BFFDCCE0000F9
:10F5F0006D7B7EFFE35C00006D7BD2FEC7B900002F
:10F600006D7B20FF9D3700006D7B45FF66A70000E6
:10F610006D7BFBFE040300006D7B7EFF13BD0000CD
:10F620006D7B7CFF14FE00006D7B16FFA878000048
:10F630006D7B32FFA58C00006D7B0CFF5730000006
:10F640006D7B2DFF9AA900006D7B85FFF9AC000052
:10F650006D7B5DFF441A00006D7B61FF2D2F000064
:10F660006D7B9DFF886F00006D7BE0FE953C000088
:10F670006D7B46FF06C800006D7B62FFAD22000077
:10F680006D7BDAFEDC2600006D7B50FF2D580000FC
:10F690006D7B57FFD66E00006D7B26FF4D1100007D
:10F6A0006D7B91FE4D2800006D7B66FFDB550000F1
:10F6B0006D7B54FF59CF00006D7B2FFF813B000015
:10F6C0006D7B83FF318B00006D7B21FFC532000015
:10F6D0006D7B61FF65AD00006D7B5BFF96BD00003B
:10F6E0006D7B58FF7F7300006D7BF6FEDAFF000034
:10F6F0006D7B83FFCFA300006D7B99FF69E4000061
:10F700006D7B7BFF522900006D7B6AFF3261000038
:10F710006D7B6CFFD26300006D7B9CFF81600000FD
:10F720006D7B5FFFA98D00006D7B8BFFB99E000094
:10F730006D7B5FFFFFCD00006D7B8FFFEE0500004E
:10F740006D7B43FFB15300006D7B16FF210100006C
:10F750006D7B76FF159500006D7B73FF9D58000053
:10F760006D7B7DFFBA1000006D7B4DFF5463000080
:10F770006D7B5CFFBAA400006D7B53FFEA32000092
:10F780006D7B9CFFCB0900006D7BAAFFF515000087
:10F790006D7B89FF124900006D7B1BFFE530000087
:10F7A0006D7BB5FFA5D500006D7B68FF036F000082
:10F7B0006D7B58FFCA1500006D7B59FFBD500000DE
:10F7C0006D7BECFE779F00006D7B49FFA2A80000D7
:10F7D0006D7B05FF4D7B00006D7B72FFD9A900009A
:10F7E0006D7BB5FE6FD600006D7B6AFFFD3A0000B1
:10F7F0006D7BC2FEDFEA00006D7B6EFFDE800000E5
:10F800006D7BFCFE5EAE00006D7B61FFBCC800003E
:10F810006D7B6BFF5E1900006D7B49FFECE600001D
:10F820006D7B7CFF891F00006D7BE0FE3B6200006A
:10F830006D7B30FFCCAF00006D7BAAFF904C0000C9
:10F840006D7B83FFAFE900006D7B7AFF9441000080
:10F850006D7B55FFAF2500006D7B81FFB2C10000BD
:10F860006D7B6AFFAA0F00006D7B71FFE95A0000F3
:10F870006D7B31FF1963000001228000007C005481
:10F880004C10740143000254807F08000F12900254
:10F8900003040055C000000008000000080000003C
:10F8A0000800000008000000080000000800000038
:10F8B0000800000008000000080000000800000028
:10F8C0000800000008000000080000000800000018
:10F8D000C90000001100000011000000110000002C
:10F8E00011000000110000001100000011000000D4
:10F8F00011000000110000001100000011000000C4
:10F9000011000000110000001100000011000000B3
:10F91000D2000000830600560000000000C0000076
:10F920000000000000C000000000000080C00000D7
:10F930000000000080C000000000000080C0000047
:10F940000000000000C100000000000000C1000035
:10F950000000000000C1000000009814A0D40000C6
:10F960000000000080D300000000000080D30000F1
:10F970000000000080D400000000000000D500005E
:10F980000000000000D600000000000080D600004B
:10F990000000000080D700000000000080D80000B8
:10F9A0000000F86622D90000000000008039000045
:10F9B00000000000803A000000000000803B0000D2
:10F9C00000000000003C000000000000003D0000BE
:10F9D00000000000803D000000000000803E0000AC
:10F9E00000000000803F0000C1228000007C006C0D
:10F9F000C0C04100E300026C9208001038000E0005
:10FA000007000700000000000000370000000D00A4
:10FA10000100050021208000007C001800C10800C2
:10FA20004300021800002E3420060000C300051811
:10FA3000000000008018000004000000000000002A
:10FA4000240000000000100042000C180600000016
:10FA50000700000043000D18000100003F622E3433
:10FA60004300111800000000000000000120800089
:10FA7000007C001484C10800430002140000DA7006
:10FA800000800400C3000514000000000000000016
:10FA90000000000000000000240000000000100032
:10FAA00042000C14060000000700000043000D1483
:10FAB000010000003F80DE704300111400000000D0
:10FAC00008000000C1208000007C002C00C18800DC
:10FAD0004300022C00932E3410030000C300052CB9
:10FAE0000000000000000000000000000000000016
:10FAF000240000000000900442000C2C06000000CE
:10FB00000700000043000D2C000100005F992E3417
:10FB10004300112C0000000000000000A120800024
:10FB2000007C002800C108004300022820062E3473
:10FB300020060000C3000528000000008018000017
:10FB4000040000000000000024000000000010007D
:10FB500042000C28060000000700000043000D28AA
:10FB6000000100003F622E34430011280000000015
:10FB700000000000E1208000007C003000C108008F
:10FB800043000230400C2E3420060000C300053034
:10FB900000000000801800000400000000000000C9
:10FBA000240000000000100042000C30060000009D
:10FBB0000700000043000D30000100003F622E34BA
:10FBC00043001130000000000000000061208000B0
:10FBD000007C002000C108004300022060122E3487
:10FBE00020060000C300052000000000801800006F
:10FBF00004000000000000002400000000001000CD
:10FC000042000C20060000000700000043000D2009
:10FC1000000100003F622E3443001120000000006C
:10FC20000000000081208000007C00240801880082
:10FC30004300022400932E3410030000C300052467
:10FC400000000000000000000000000000000000B4
:10FC5000240000000000100042000C2406000000F8
:10FC60000700000043000D24000100005F992E34BE
:10FC7000430011240000000000000000412080002B
:10FC8000007C001C080008002301021C00622E34C6
:10FC90000700070004000001000700000400000046
:10FCA00040000000003100002400000000001000AF
:10FCB00042000C1C060000000700000043000D1C61
:10FCC000400000003F932E344300111C0000000050
:10FCD00000000000007C001002000000240400105E
:10FCE0006400000000000000007C001000000040E4
:10FCF000C47B00106400000000000000007C0010C5
:10FD000001000000007C04102D000000007C0610A3
:10FD10001B00000083010C10030000000100000024
:10FD20000D0000000B0000000100000015000000A5
:10FD30000F00000001000000170000000700000095
:10FD40000100000019000000007C1C102B000000C6
:10FD5000007C22101A031B01007C241029000000E3
:10FD6000007C2610210000000120001C012000243E
:10FD7000007C003C51030000007C0040410000007A
:10FD8000007C004441000000007C0048410000006D
:10FD90000120005401200064012000680120006C53
:10FDA000012000140120001801200020012000285B
:10FDB0000120002C01200030E47F001C64000000C2
:10FDC00000000000E47F0024640000000000000048
:10FDD000007C041000000000007C06100000000001
:10FDE00083010C1000000000000000000000000073
:10FDF0000000000000000000000000000000000003
:10FE000000000000000000000000000000000000F2
:10FE100000000000007C1C1000000000007C22108C
:10FE200000000000007C241000000000007C261070
:10FE300000000000007C001C020000002404001CE4
:10FE40006400000000000000007C001C0000004076
:10FE5000C47B001C64000000000000004100800022
:10FE6000007C002402000000240400246400000040
:10FE700000000000007C002400000040C47B00243F
:10FE8000640000000000000081008000007C003C55
:10FE9000020000002404003C640000000000000098
:10FEA000007C003C00000040C47B003C640000007B
:10FEB0000000000041018000007C004002000000C2
:10FEC000240400406400000000000000007C0040AA
:10FED00000000040C47B00406400000000000000FF
:10FEE00061018000007C0044020000002404004402
:10FEF0006400000000000000007C0044000000409E
:10FF0000C47B004464000000000000008101800008
:10FF1000007C004802000000240400486400000047
:10FF200000000000007C004800000040C47B004846
:10FF30006400000000000000A1018000007C00546B
:10FF400082108800240400546400000000000000B7
:10FF5000007C005480108840C47B00546400000082
:10FF60000000000001028000007C00640200000824
:10FF7000240400646400000000000000007C0064B1
:10FF800000000048C47B0064640000000000000022
:10FF900081028000007C00680200000824040068E0
:10FFA0006400000000000000007C006800000048C1
:10FFB000C47B00686400000000000000A102800013
:10FFC000007C006C020042002404006C640000000D
:10FFD00000000000007C006C00004240C47B006C0C
:10FFE0006400000000000000C1028000007C0014DA
:10FFF000020000002404001464000000000000005F
:02000004701278
:10000000007C001400000040C47B00146400000069
:100010000000000001008000007C001802000000C9
:10002000240400186400000000000000007C001898
:1000300000000040C47B00186400000000000000C5
:1000400021008000007C0020020000002404002029
:100050006400000000000000007C00200000004060
:10006000C47B0020640000000000000061008000EC
:10007000007C002802000000240400286400000026
:1000800000000000007C002800000040C47B002825
:100090006400000000000000A1008000007C002C33
:1000A000020000002404002C640000000000000096
:1000B000007C002C00000040C47B002C6400000089
:1000C00000000000C1008000007C00300200000041
:1000D000240400306400000000000000007C0030B8
:1000E00000000040C47B00306400000000000000FD
:1000F000E10080007D01000041208000007C001CA8
:1001000000C088002301021C00622E340700070093
:1001100004000001000700000800000020000000AB
:1001200000310000240000000000100042000C1C00
:10013000060000000700000043000D1C2000000026
:100140003F932E344300111C00000000000000000B
:10015000C1208000007C002C080188004300022C94
:1001600000002E34C4000000C300052C0000000075
:1001700088010000000000000000000024000000D2
:100180000000100042000C2C0600000007000000D8
:1001900043000D2C200000003F312E344300112C71
:1001A0000000000000000000007C001002000000C1
:1001B000240400106400000000000000007C001017
:1001C00000000040C47B001064000000000000003C
:1001D000007C001001000000007C081005000000F9
:1001E0000120002C0120001CE47F002C6400000092
:1001F00000000000007C081000000000007C002CC3
:10020000020000002404002C640000000000000034
:10021000007C002C00000040C47B002C6400000027
:1002200000000000C1008000007C001C02000000F3
:100230002404001C6400000000000000007C001C7E
:1002400000000040C47B001C6400000000000000AF
:10025000410080009D01000041218000007C003CA5
:1002600050030000C300023C0303080455110000C2
:100270000747A31038000700000037000000060001
:100280004300093C20011F000000000043000C3C1B
:10029000A7FFFF0000000000412280004200005C38
:1002A00000000008FC0060092301025C00800500DA
:1002B0000000000003000000C3000000FF61000018
:1002C0000100000000000000FD0304000100000028
:1002D00043000C5C0000000042204220007C0B5CCC
:1002E000010000000360005DD81C00000000000059
:1002F000661E000000000000B822000000000000A0
:100300002515000000000000752E00000000000010
:10031000C1240000000000007A1E00000000000060
:10032000B61C000000000000781B00000000000068
:10033000F02B000000000000081400000000000086
:1003400072150000000000004C20000000000000BA
:10035000B927000000000000E828000000000000AD
:100360008E0F000000000000CC3A000000000000EA
:10037000CE23000000000000622400000000000006
:10038000442C000000000000C7170000000000001F
:100390002812000000000000C42700000000000038
:1003A0000517000000000000C11F00000000000051
:1003B0007236000000000000931C000000000000E6
:1003C0005C1D000000000000E810000000000000BC
:1003D000991B000000000000371B00000000000017
:1003E000601A000000000000C61B000000000000B2
:1003F000FA1F00000000000075200000000000004F
:10040000E234000000000000FA12000000000000CA
:10041000FB2E000000000000D11F000000000000C3
:10042000601E000000000000E1200000000000004D
:100430007713000000000000431F000000000000D0
:10044000801D0000000000002817000000000000D0
:10045000001B000000000000FF250000000000005D
:10046000F21D000000000000532A00000000000000
:1004700055150000000000005D1A0000000000009B
:10048000B41A0000000000007C1D00000000000005
:10049000FE2B0000000000001526000000000000F8
:1004A000231C0000000000009B1E00000000000054
:1004B000F11A0000000000007410000000000000AD
:1004C0008F2E000000000000DA1100000000000084
:1004D000F31C000000000000B01900000000000044
:1004E000441D000000000000E51B000000000000AB
:1004F000E419000000000000F315000000000000F7
:100500007523000000000000F02E00000000000035
:100510001E2D000000000000EB180000000000008D
:10052000FB27000000000000C019000000000000D0
:100530002416000000000000A520000000000000BC
:100540003C2D0000000000004321000000000000DE
:10055000D628000000000000462B0000000000002C
:1005600084110000000000001C16000000000000C4
:10057000A016000000000000FE13000000000000B4
:100580005E30000000000000CB2F000000000000E3
:100590009C1F0000000000008722000000000000F7
:1005A000BB170000000000009120000000000000C8
:1005B000C31A0000000000008519000000000000C0
:1005C0002B24000000000000621300000000000067
:1005D0008017000000000000E53D00000000000062
:1005E0001020000000000000C916000000000000FC
:1005F000A617000000000000A71500000000000082
:10060000BB13000000000000C21E0000000000003C
:10061000D3280000000000002D160000000000009C
:100620006B16000000000000A8150000000000008C
:10063000322100000000000012170000000000003E
:10064000E1110000000000002A200000000000006E
:10065000D51F0000000000009215000000000000FF
:10066000EC18000000000000EC0F0000000000008B
:10067000FC2C000000000000942C00000000000092
:10068000521B0000000000004B2100000000000091
:100690007E2C000000000000F4210000000000009B
:1006A0006F10000000000000E11D000000000000CD
:1006B000ED18000000000000C05300000000000022
:1006C000E90F0000000000008D1B0000000000008A
:1006D000FC1F000000000000BD380000000000000A
:1006E000550F000000000000A417000000000000EB
:1006F000B219000000000000BE1B00000000000056
:10070000622E0000000000009718000000000000AA
:10071000371A000000000000DC2700000000000085
:100720008722000000000000DB1300000000000032
:100730009A150000000000002122000000000000C7
:100740009B15000000000000AF100000000000003A
:100750005213000000000000261E000000000000F0
:10076000861D0000000000000011000000000000D5
:100770000515000000000000AF140000000000009C
:10078000CA1E0000000000003E2A00000000000019
:10079000842200000000000091150000000000000D
:1007A000E71D000000000000AB1A00000000000080
:1007B0008929000000000000E4190000000000008A
:1007C00092200000000000007C20000000000000DB
:1007D0004E310000000000006F1E0000000000000D
:1007E0005811000000000000E1210000000000009E
:1007F000F7310000000000006C160000000000004F
:100800007F1C0000000000004D4B000000000000B5
:10081000C548000000000000C21B000000000000EE
:100820005623000000000000AC1A00000000000089
:10083000FD10000000000000871200000000000012
:10084000BF160000000000003A1A0000000000007F
:10085000BC26000000000000542100000000000041
:10086000122F000000000000DA1C00000000000051
:10087000C5250000000000006640000000000000E8
:10088000CC31000000000000D32600000000000072
:10089000A617000000000000051100000000000085
:1008A0004420000000000000D01E000000000000F6
:1008B000A415000000000000AF5900000000000077
:1008C000C02F0000000000006025000000000000B4
:1008D000C717000000000000D02200000000000048
:1008E000A41F0000000000004D17000000000000E1
:1008F000081D000000000000991800000000000022
:1009000007190000000000005B1500000000000057
:10091000ED0F0000000000007C250000000000003A
:10092000E21C0000000000000F2100000000000099
:100930005020000000000000EB1E0000000000003E
:1009400016200000000000007B1F000000000000D7
:10095000323E0000000000007A1B00000000000092
:100960002017000000000000BE160000000000007C
:100970003025000000000000EA1E0000000000001A
:10098000271D000000000000652F0000000000008F
:100990009118000000000000871000000000000017
:1009A0007F2300000000000054230000000000002E
:1009B000C244000000000000141A00000000000003
:1009C000FC19000000000000741F0000000000007F
:1009D000F018000000000000721400000000000089
:1009E000BE25000000000000103B000000000000D9
:1009F000721C0000000000009116000000000000C2
:100A00003629000000000000DA2800000000000085
:100A10007228000000000000002700000000000015
:100A2000691F000000000000DD1C00000000000045
:100A30002F120000000000008C1E000000000000CB
:100A40007A16000000000000F90E0000000000000F
:100A50002D1C0000000000009218000000000000A3
:100A6000C516000000000000B72D000000000000C7
:100A70009623000000000000541F0000000000004A
:100A8000B561000000000000BE180000000000007A
:100A9000EA190000000000002B1800000000000010
:100AA0005721000000000000251600000000000093
:100AB000451B000000000000A5230000000000000E
:100AC0006B130000000000003C1C00000000000050
:100AD000EA2B000000000000631A00000000000084
:100AE000501B00000000000048290000000000002A
:100AF0006C3C0000000000000D160000000000002B
:100B0000161C000000000000331E00000000000062
:100B1000704E0000000000002320000000000000D4
:100B20004F2C0000000000005322000000000000D5
:100B30008E1400000000000093220000000000005E
:100B4000731E000000000000C71900000000000034
:100B5000171D000000000000351B00000000000011
:100B6000C618000000000000522000000000000035
:100B7000E222000000000000CB190000000000008D
:100B8000681D000000000000E613000000000000E7
:100B900030220000000000002D22000000000000B4
:100BA000FF27000000000000E32300000000000019
:100BB000FC1E0000000000000916000000000000FC
:100BC0005328000000000000622A0000000000001E
:100BD0005415000000000000221B0000000000006F
:100BE0008D370000000000003828000000000000E1
:100BF0009422000000000000F91E00000000000028
:100C00002D210000000000009921000000000000DC
:100C10009B270000000000004C1D000000000000A9
:100C2000834B000000000000AA1500000000000037
:100C300038180000000000007438000000000000B8
:100C4000E743000000000000E82000000000000072
:100C500021160000000000009D210000000000009F
:100C6000D315000000000000F32E0000000000007B
:100C70004E18000000000000971600000000000061
:100C8000201A000000000000921700000000000081
:100C90009919000000000000671B00000000000020
:100CA000A532000000000000531400000000000006
:100CB0003C18000000000000C920000000000000F7
:100CC000AB1E000000000000B4180000000000008F
:100CD0001F230000000000001F1D00000000000096
:100CE0006E1C0000000000003D1F0000000000001E
:100CF0003A330000000000006F1800000000000000
:100D00001D1B0000000000005F1A00000000000032
:100D1000951A0000000000002E13000000000000E3
:100D2000B80F000000000000721100000000000079
:100D3000361D000000000000BB2000000000000085
:100D4000CE200000000000007C1600000000000023
:100D50002C13000000000000DA2900000000000051
:100D6000F231000000000000562C000000000000DE
:100D7000D92A000000000000281C0000000000002C
:100D8000101F0000000000003218000000000000EA
:100D9000E31B000000000000AF1200000000000094
:100DA000861B00000000000013140000000000007B
:100DB0005910000000000000032A0000000000009D
:100DC0009A1D000000000000E11600000000000075
:100DD0002514000000000000804D0000000000000D
:100DE0008A1F0000000000008016000000000000C4
:100DF000B712000000000000C21600000000000052
:100E00006E110000000000005531000000000000DD
:100E10005440000000000000A0140000000000008A
:100E2000261A0000000000006A21000000000000F7
:100E3000761D0000000000006312000000000000AA
:100E4000B632000000000000921700000000000011
:100E5000143400000000000028140000000000000E
:100E600000140000000000004A1400000000000010
:100E7000480F000000000000B52000000000000046
:100E80006E280000000000007E1D00000000000031
:100E9000101D0000000000002823000000000000DA
:100EA0006A1C0000000000003E100000000000006E
:100EB0007D100000000000004A1600000000000045
:100EC000D11F000000000000021900000000000017
:100ED000531E0000000000009814000000000000F5
:100EE000B812000000000000007C0B5C0000000055
:100EF0000320005FF2230000000000006C1F0000D0
:100F0000000000003C39000000000000B72700008E
:100F100000000000C416000000000000C51A000018
:100F200000000000FB2A000000000000F625000081
:100F3000000000001A12000000000000101E000057
:100F4000000000004113000000000000B11F00007D
:100F5000000000007918000000000000831A000063
:100F6000000000004727000000000000AB14000054
:100F700000000000DD0C000000000000371E000033
:100F800000000000FF24000000000000E920000035
:100F9000000000008E1B000000000000E1130000B4
:100FA00000000000B21E0000000000003129000017
:100FB00000000000611A0000000000001A19000083
:100FC000000000003820000000000000512B00004D
:100FD0000000000077180000000000003A1D00002B
:100FE000000000006A45000000000000A11500009C
:100FF000000000007D18000000000000151B00002C
:1010000000000000A3390000000000006A19000081
:10101000000000001A390000000000001C1D000044
:1010200000000000B5150000000000007F13000064
:10103000000000003B14000000000000151C000030
:101040000000000035160000000000008636000099
:1010500000000000AA0D000000000000811900003F
:10106000000000004A1700000000000044130000C8
:1010700000000000E11F000000000000E41000007C
:10108000000000007F1B0000000000005A17000055
:10109000000000005B1B000000000000573A000049
:1010A00000000000EC2A000000000000A315000072
:1010B00000000000781B00000000000089180000FC
:1010C00000000000912500000000000075340000C1
:1010D00000000000FF1A00000000000027280000A8
:1010E000000000003E15000000000000D8270000AE
:1010F0000000000012240000000000002A1200007E
:101100000000000059100000000000000917000056
:1011100000000000A63D0000000000006A1F000063
:1011200000000000611B000000000000B121000071
:10113000000000005059000000000000082A0000D4
:10114000000000006611000000000000571A0000B7
:10115000000000008B1B0000000000009E1B000030
:1011600000000000B918000000000000BC160000DC
:1011700000000000121600000000000023300000F4
:10118000000000009921000000000000A0110000F4
:10119000000000000C1D000000000000973100005E
:1011A00000000000C5130000000000003B17000015
:1011B00000000000F73F000000000000E51A0000FA
:1011C000000000007B1F0000000000003819000034
:1011D00000000000CC250000000000008B1700007C
:1011E00000000000C513000000000000313A0000BC
:1011F00000000000B9160000000000009723000066
:10120000000000000E2F0000000000008A1F0000F8
:1012100000000000D21C00000000000022160000A8
:1012200000000000D1350000000000004414000060
:1012300000000000EC390000000000002323000043
:1012400000000000AC320000000000004916000061
:1012500000000000F02C000000000000F83000004A
:1012600000000000D0140000000000009F1C0000DF
:1012700000000000D11B000000000000C9170000A2
:10128000000000000A1B0000000000000711000021
:1012900000000000C347000000000000D73000003D
:1012A00000000000D51E0000000000008A1A0000A7
:1012B000000000002726000000000000F0290000C8
:1012C00000000000991C0000000000005A130000FC
:1012D00000000000F6140000000000000F260000CF
:1012E00000000000E112000000000000E31A00000E
:1012F0000000000061228000420000600000000841
:10130000FC0060152301026000000A0000000000DC
:1013100003000000C3000000FF610000364F000022
:1013200000000000FD0304000100000043000C6009
:101330000000000042204220007C0B600100000001
:1013400003600061364F000087E80000364F6700F9
:10135000AD4C0000364F3C006F590000364FF1FF96
:10136000FF800000364FC5FF67E40000364F5DFF89
:101370009B420000364F38003DD30000364F170027
:1013800015FD0000364FFEFFE2B00000364FD2FFE1
:10139000E3AF0000364F05002D0A0000364FCEFFA8
:1013A000A7BB0000364F1E0075D60000364FF0FF79
:1013B000368C0000364FDFFF09270000364F420011
:1013C000ED860000364FE8FFCEDD0000364F3E00D0
:1013D0007C260000364F1400F4090000364F01004F
:1013E000899D0000364F05008F9E0000364F390062
:1013F0000D960000364F0900AD020000364F180070
:1014000064FD0000364FD2FF13ED0000364FDBFFC6
:1014100058510000364FECFF43810000364FD5FF96
:101420001FBB0000364F220090630000364FF2FFD2
:10143000E6690000364F2F009C270000364FDFFF83
:1014400004AA0000364F6BFFB5D40000364FE4FF0E
:10145000FA1B0000364F180031550000364F70FF60
:10146000D9CF0000364F0F005DCF0000364FE4FFAC
:10147000E8840000364FEBFFA8ED0000364FF7FF81
:10148000924D0000364FACFF1BC00000364F4F009E
:10149000475A0000364F3700B0A70000364FB2FF62
:1014A00063FD0000364F2000FEFF0000364FF4FFC2
:1014B0009D410000364F21009F7E0000364F0A00FC
:1014C000B1C80000364FDCFF777B0000364F50007C
:1014D00087890000364F01008D830000364FC9FF19
:1014E000C0F40000364F2F0016010000364F3D00BB
:1014F00049000000364F1D00405B0000364F63FF7F
:101500000B670000364F330015570000364FDDFFE4
:10151000E0190000364F740094D10000364FEAFF06
:101520003E570000364F580072FD0000364FD0FF86
:1015300032CC0000364F1D00DF930000364F2000F4
:101540000EB90000364F93FFCE490000364F4500DC
:10155000C5D10000364F4300F5C30000364FFCFFF5
:1015600014210000364F3800169B0000364F08004B
:101570003A7E0000364FDEFFE1CC0000364F10000F
:1015800063650000364FEDFFA2F80000364F3F00C4
:10159000C73E0000364FF3FF0DAD0000364FC0FFD1
:1015A0001F350000364F25007CC70000364FFEFF78
:1015B000EE560000364F09008A140000364F3F00F7
:1015C000B0120000364F1C003EB70000364F0E0030
:1015D000BFAC0000364FD1FF3F360000364F04004D
:1015E000291B0000364F8A007E650000364FDEFF63
:1015F00022AE0000364F88FFD5C10000364F59009B
:10160000138C0000364F060071E40000364F5D0079
:1016100012CB0000364F400043700000364F3700B9
:10162000547F0000364F5900139C0000364F450090
:101630005F010000364F8DFFF18F0000364FD4FF61
:10164000ED7D0000364F4500C9300000364FF2FFF7
:101650006DD10000364F6DFF67FC0000364F5A0019
:1016600026700000364FD8FF3D550000364FAEFFC4
:101670006AAE0000364F0E00489D0000364FDFFF77
:10168000BD800000364F550071300000364FFEFF20
:1016900075FD0000364F300001370000364F2B003B
:1016A00016A70000364F1B0080620000364FDFFF98
:1016B000C90C0000364F4F0088260000364F10003E
:1016C0008E7E0000364F21009BDC0000364F1C0050
:1016D0008F1F0000364F5300635B0000364FC6FF7C
:1016E000C2940000364F1100B6AD0000364FEEFF39
:1016F000E5D50000364F570026650000364F4E00F6
:1017000041210000364FF1FF45710000364FA2FF26
:101710002B4C0000364FACFF2D8B0000364F48009D
:10172000214C0000364F280068320000364FE7FF9A
:1017300006C20000364FC4FF6FBC0000364F5F008A
:10174000C60D0000364F4700C68B0000364FACFF79
:10175000A66B0000364F01007ACF0000364F4200E2
:10176000A68C0000364FFEFF52B80000364FEDFF4A
:1017700046DE0000364F99FF1BB00000364F440094
:10178000FD4D0000364F3100792A0000364F280009
:1017900027AB0000364F560098E30000364FC6FFD7
:1017A00000A50000364FC5FF79470000364F2600E0
:1017B0002B780000364F4DFFFD6C0000364FFCFFCC
:1017C000C5C50000364F6700C3A50000364F4A006C
:1017D000E7A90000364FF0FF72BE0000364F8AFFC7
:1017E0003B7A0000364FFEFF72F40000364FFCFFDC
:1017F000ABAC0000364F4000BF8B0000364FEFFF10
:10180000B38D0000364F97FF873C0000364F9BFF9B
:10181000D2AE0000364FE9FF1D6B0000364F1F00AF
:101820003FAE0000364FD5FF36630000364FA7FFAE
:10183000ABDA0000364FCBFF12760000364F2700A0
:10184000DDD00000364FC4FFDA790000364FEAFFE2
:10185000537C0000364F4A00C6D70000364F370091
:1018600038460000364FFCFF38830000364F8EFFAD
:101870002AAC0000364F46000A6F0000364F2000A9
:1018800019D40000364FDEFF8CDB0000364F7100AC
:10189000F9FB0000364F36007C5C0000364F4900F3
:1018A0007A000000364FFEFF3F630000364FBEFF58
:1018B000A4380000364FB5FFD3DE0000364FFCFFE2
:1018C000ACE10000364F45005C620000364F280056
:1018D0007E7B0000364F5E0009660000364FCCFF6D
:1018E000E62C0000364FAEFFF48B0000364FF0FFC1
:1018F00037AD0000364F2A002B270000364FC2FFBD
:101900008EF40000364F14FFD2490000364F5A00C3
:1019100091620000364FE5FFC87C0000364F05009D
:1019200096470000364F29005E380000364F3300DE
:101930005DA70000364F8CFF204B0000364F15008E
:1019400076E50000364F1C00761F0000364F91FFF1
:10195000D1540000364F0D0067A30000364F4B00F6
:10196000455A0000364F5200F0660000364F4300E3
:101970007DC50000364FCDFFAA220000364FFBFF89
:1019800059720000364FEBFFAFF40000364FFDFFF9
:101990003DBE0000364F9CFFBAE90000364FFAFF0B
:1019A00096740000364FEBFF24340000364FEEFFF4
:1019B000A2E70000364F43002B2C0000364F0A00F0
:1019C00061AB0000364F1B00DAE10000364F0D001E
:1019D00042830000364F4B00B2610000364F0D00CD
:1019E00060880000364F0E005BC30000364FACFF2E
:1019F0001DB70000364F32004AC80000364FBEFF08
:101A0000FF2C0000364FDEFF69910000364F98FF33
:101A1000AB690000364F2600379E0000364FCBFFE3
:101A2000D2860000364FFBFF70AC0000364FEEFF51
:101A30008F310000364F5300C77C0000364FE8FF5F
:101A4000809F0000364F5E00701E0000364F34004D
:101A500003400000364FCEFF99C60000364FEDFF21
:101A600025630000364FD8FF9D960000364F1900C1
:101A7000B9C30000364FCFFF77560000364FBAFF8C
:101A8000DA470000364F340039DE0000364F3D00A3
:101A9000A6B90000364FFEFFCC4E0000364FB6FF11
:101AA000BA160000364F6100E4EC0000364F3E00ED
:101AB00051450000364F3400C8860000364F6200A2
:101AC000E0130000364FA5FFD64C0000364F05004E
:101AD000A9190000364F1E00550D0000364FF3FFC8
:101AE00054420000364F17005D490000364FB7FFE3
:101AF000502B0000364F3D00EE850000364FECFFC6
:101B00007DDA0000364F28007C880000364F210027
:101B100043EE0000364F4900C1540000364F3700F5
:101B2000F5670000364FF9FFA3D60000364FA7FF38
:101B30007D380000364F0A0080CB0000364F37FF5B
:101B400006CD0000364F1F00947C0000364FE6FFA4
:101B500018930000364FDAFF8E440000364FC3FF63
:101B60000C830000364F75FF609D0000364FDAFF92
:101B7000AE240000364F6EFFBBF80000364F7CFFEE
:101B8000831C0000364FDCFF51EC0000364F140080
:101B90002C180000364FC8FFA0040000364FC4FFC9
:101BA0008A260000364F4500A5560000364FFDFF3F
:101BB000B8330000364FC5FF43090000364FF3FF2E
:101BC00085750000364FE6FFB5950000364F0B00D7
:101BD000114A0000364F11008BCA0000364F4100F9
:101BE000FCDA0000364F0D006FC90000364F2100AF
:101BF000919E0000364F290025B70000364FDEFFCA
:101C00008BFE0000364F650027970000364FB1FF6E
:101C1000AF970000364F1000301C0000364FA3FF76
:101C2000BE610000364F0F0054AF0000364F370042
:101C3000978B0000364F3E00D60C0000364F6300F5
:101C4000B34C0000364F07005FEC0000364F2B000E
:101C5000DAC00000364FDBFF3A1B0000364FD7FFDB
:101C600047500000364F7DFF52440000364FEBFFD7
:101C700088030000364F1100FF4D0000364F15005D
:101C8000C4430000364FEEFF2E3B0000364F4800A5
:101C900030720000364FB5FF18B80000364F130001
:101CA000ED940000364FFAFF3F200000364F1E0033
:101CB0001F4E0000364F2F000D930000364F43009B
:101CC000149E0000364F0C0050810000364F21005A
:101CD000A45A0000364FFFFFA2D80000364FD0FFB5
:101CE000B5990000364F1D00BF770000364F330016
:101CF000CE390000364F9BFFB0890000364FD7FF2A
:101D0000A6CE0000364F5200CF030000364F05002C
:101D100067190000364F4200C90B0000364F09001A
:101D200082730000364F4900C1570000364F030050
:101D3000F2CA0000364FF0FF81800000364FB6FF38
:101D4000C1F80000364FF0FFD30C0000364FC2FF41
:101D500047090000364F0400AFD40000364FE5FFBE
:101D6000611C0000364FF1FF8B030000364F01006D
:101D700056240000364F1400BBFB0000364FECFF2A
:101D8000ED0A0000364F2700404C0000364F3C0063
:101D9000F7A80000364FA1FF6D3E0000364FADFFA3
:101DA00093DE0000364FE0FF29D30000364F5A0083
:101DB000B83B0000364FB9FF57DA0000364F3F00FE
:101DC000EA680000364FF3FF00830000364F7FFFC4
:101DD000AE390000364F0E0093150000364FEEFF6F
:101DE0007B000000364F5F0067B00000364F3F00B9
:101DF000C74E0000364F2700B3030000364F1500D2
:101E0000BB530000364F220038FE0000364F4B0017
:101E100071730000364F3B00432A0000364F56FFD7
:101E200028C90000364F4F00577B0000364F38005E
:101E3000F8EC0000364F1C00DFF80000364FCEFFF4
:101E4000B93A0000364FEDFF77FB0000364F6000D7
:101E50007F850000364F2C00788B0000364F39000C
:101E600058120000364F360036EF0000364F4A0059
:101E7000EB6E0000364F5A00DA1C0000364FD3FFDD
:101E8000FB5F0000364FDAFFE3B10000364FACFFD6
:101E9000E9950000364F3500DB880000364F07001B
:101EA000DFF80000364F340057B20000364FE9FF2C
:101EB0009EF20000364F3100A5C90000364F4A009F
:101EC000DE510000364F5A004A420000364F3100C2
:101ED000C0C50000364F0600740E0000364F3600B5
:101EE000F2AF0000364F1300ABD90000364F57FF5A
:101EF000CE360000364F20003A8A0000364FD7FF1A
:101F000037C00000364F5A00297B0000364F2E00A4
:101F1000C6230000364F20003C6C0000364FD1FF36
:101F20002E0F0000364F1100C6DE0000364FD2FFE4
:101F30000A360000364FE0FFAB750000364F6700F1
:101F40001F160000007C0B600000000003200063EF
:101F5000364FC3FF31920000364F87FF46280000FE
:101F6000364FF9FF56B60000364F2700461E0000D8
:101F7000364F4C0025300000364FF3FFA0410000E3
:101F8000364FC9FF95DB0000364F0C0005150000E9
:101F9000364F260029ED0000364FD3FF8340000066
:101FA000364FD9FFB7C70000364F260057F900005B
:101FB000364F420062E70000364F21002FAE00008E
:101FC000364F06003A1B0000364F14001DE4000097
:101FD000364F2E00C8F40000364F0100B59A0000BD
:101FE000364F2D001EFA0000364F1000E3A9000006
:101FF000364F2500116C0000364F3F002A010000CB
:10200000364F31FF3F3B0000364F1600B71500003A
:10201000364F1300AB630000364FE9FFA2AD00005E
:10202000364F5DFF47480000364F0F006F9D0000A0
:10203000364FCEFF5A010000364F07004A9B000082
:10204000364FE3FF5D360000364F07004A6F000051
:10205000364FFBFFCD550000364F2B00F7E7000051
:10206000364FC6FF9A830000364F410024D6000049
:10207000364F6AFF208C0000364F1600F6360000FF
:10208000364FEBFF280E0000364F3C005DED0000A0
:10209000364F4600CA770000364FA1FF877A00000E
:1020A000364FEFFF07A70000364FF7FFF72F00006E
:1020B000364F5800E8AD0000364FA5FF36AB0000A4
:1020C000364F0100B93B0000364F14005E5A000045
:1020D000364F1000D8F80000364F2000F0470000BF
:1020E000364F3A0070B00000364F29000F0900004B
:1020F000364F1600CB160000364FB0FF0514000017
:10210000364FD1FE7C970000364F0C006720000050
:10211000364F420016E10000364F2B00E406000067
:10212000364FC6FF98290000364F3DFF859E0000C0
:10213000364F4300FBF30000364F37FFB0B40000CA
:10214000364F0B00883B0000364F060055840000D8
:10215000364F4200D78B0000364F6200265F0000EA
:10216000364F8700E5680000364F4000B8B80000E1
:10217000364F5EFF7CE50000364FE5FFFC1F000098
:10218000364F25009C800000364FEBFFA76D000006
:10219000364FE2FF9CA10000364F0100E92000000D
:1021A000364FA0FF10D90000364F080075A7000079
:1021B000364F38000A490000364F3500E2A20000D1
:1021C000364FA5FFE49E0000364FF9FF2E1C00009D
:1021D000364F280072690000364F3200BD400000C3
:1021E000364F0600D2D00000364F340077C70000CB
:1021F000364F2C00A9EF0000364FB8FFB88B000017
:10220000364FD1FF46D50000364F2A00BC180000DB
:10221000364FCAFF4C4A0000364FF6FF1D440000FF
:10222000364F1B0089620000364FA2FF2B3300009F
:10223000364FB3FF6C3B0000364FECFF219000009F
:10224000364F10009C180000364FF3FF2E98000008
:10225000364F2D0020630000364FFBFFFA7E000052
:10226000364FFAFFC47C0000364FF3FFBA3500004A
:10227000364F290020790000364FC0FF7053000010
:10228000364F98FF39EC0000364F3B000910000034
:10229000364FF4FFBAF60000364FF0FFB2D200001E
:1022A000364FBFFFAEA50000364F2600DE0200000D
:1022B000364FEEFF6EDC0000364F000015AE00001A
:1022C000364F3F001E540000364F03007A0F0000C7
:1022D000364F1700BD070000364F3500053B0000A4
:1022E000364FF8FF435C0000364F290022DD000026
:1022F000364F2D00A1500000364FF9FF6FFF000050
:10230000364F0000F0400000364FE6FFDD9700003A
:10231000364FF2FF657F0000364FEFFF0C3F0000A5
:10232000364FD6FF8FEE0000364F6A00431900008B
:10233000364F0B00A6190000364F11003FE8000091
:10234000364F2B004B950000364FD1FF40E8000080
:1023500021228000007C00584C1074014300025878
:10236000807F08000F12900203040059C000000093
:10237000080000000800000008000000080000003D
:10238000080000000800000008000000080000002D
:10239000080000000800000008000000080000001D
:1023A000080000000800000008000000080000000D
:1023B000C900000011000000110000001100000021
:1023C00011000000110000001100000011000000C9
:1023D00011000000110000001100000011000000B9
:1023E0001100000011000000D20000008306005A16
:1023F0000000000000C000000000000000C000005D
:102400000000000080C000000000000080C000004C
:102410000000000080C000000000000000C10000BB
:102420000000000000C100000000000000C100002A
:1024300000006A166DD600000000000000D8000001
:102440000000000000D800000000000000D90000DB
:102450000000000000DA00000000000080DA000048
:102460000000000080DB00000000000080DC0000B5
:102470000000000080DD0000000011701FD000008F
:10248000000000000039000000000000003A0000D9
:1024900000000000003B000000000000003C0000C5
:1024A00000000000803C000000000000803D0000B3
:1024B00000000000803E000000000000803F00009F
:1024C00001218000007C003400C108004300023478
:1024D00000002E3488010000C30005340000000015
:1024E000880100002000000000000000240000001F
:1024F0000000100042000C3406000000070000003D
:1025000043000D34001000003F312E3443001134DD
:102510000000000000000000E1208000007C00308E
:1025200084C10800430002300000C870000012009F
:10253000C3000530000000000000000000000000A3
:1025400000000000240000000000100042000C30D9
:10255000060000000700000043000D3001000000ED
:102560003F00DA7043001130000000000800000056
:1025700021208000007C001800C188004300021860
:1025800000C42E34C4000000C30005180000000081
:102590000000000000000000000000002400000017
:1025A0000000900642000C18060000000700000022
:1025B00043000D1800100000C7C52E344300111849
:1025C0000000000000000000C1208000007C002C02
:1025D000080188004300022C00C42E34C40000000F
:1025E000C300052C000000000000000000000000F7
:1025F00000000000240000000000100042000C2C2D
:10260000060000000700000043000D2C0010000031
:10261000C7C52E344300112C00000000000000004C
:1026200021218000007C00380800080023010238C6
:1026300000622E340700070004000002000E0000B4
:102640000400000080000000006200002400000080
:102650000000100042000C380600000007000000D7
:1026600043000D38800000003FC42E344300113871
:102670000000000000000000007C001002000000CC
:10268000240400106400000000000000007C001022
:1026900000000040C47B0010640000000000000047
:1026A000007C001001000000007C081015000000F4
:1026B00083000B1023000000110000000F00000039
:1026C0000300000043001D1027000000141F150127
:1026D000007C2010250000000120002C0120003883
:1026E000007C003C51030000012000580120005CE8
:1026F000012000600120001801200030012000347A
:10270000E47F002C6400000000000000E47F00383B
:102710006400000000000000007C081000000000C1
:1027200083000B100000000000000000000000000B
:102730000000000043001D10000000000000000029
:10274000007C201000000000007C002C0200000033
:102750002404002C6400000000000000007C002C19
:1027600000000040C47B002C64000000000000005A
:10277000C1008000007C0038020000002404003802
:102780006400000000000000007C003800000040F1
:10279000C47B0038640000000000000021018000BC
:1027A000007C003C020000002404003C64000000A7
:1027B00000000000007C003C00000040C47B003CA6
:1027C000640000000000000041018000007C00580F
:1027D00082108800240400586400000000000000FB
:1027E000007C005880108840C47B005864000000C2
:1027F0000000000021028000007C005C0200000854
:102800002404005C6400000000000000007C005C08
:1028100000000048C47B005C640000000000000071
:1028200041028000007C0060020000082404006077
:102830006400000000000000007C00600000004810
:10284000C47B0060640000000000000061028000A2
:10285000007C00180200000024040018640000003E
:1028600000000000007C001800000040C47B00183D
:10287000640000000000000021008000007C0030A7
:10288000020000002404003064000000000000008A
:10289000007C003000000040C47B00306400000079
:1028A00000000000E1008000007C00340200000015
:1028B000240400346400000000000000007C0034A8
:1028C00000000040C47B00346400000000000000F1
:1028D00001018000BD01000061208000007C00201B
:1028E000000008002301022000622E3407000700C8
:1028F00001000002000E00000100000000020000C4
:1029000000620000240000000000100042000C20C3
:10291000060000000700000043000D200002000038
:102920003FC42E34430011200000000000000000CE
:10293000A1208000007C0028080108004300022834
:1029400000002E3431000000C30005280000000004
:102950003100000000000000000000002400000022
:102960000000100042000C280600000007000000D4
:1029700043000D28000200003F622E34430011285E
:102980000000000000000000007C001002000000B9
:10299000240400106400000000000000007C00100F
:1029A00000000040C47B0010640000000000000034
:1029B000007C001001000000007C071007000000F0
:1029C0000120002801200020E47F0028640000008E
:1029D00000000000007C071000000000007C0028C0
:1029E0000200000024040028640000000000000031
:1029F000007C002800000040C47B00286400000028
:102A000000000000A1008000007C00200200000007
:102A1000240400206400000000000000007C00206E
:102A200000000040C47B00206400000000000000A3
:102A300061008000DD01000061218000007C004019
:102A400034000000C3000240010101010011000038
:102A500000405310070007000000060000000600B9
:102A6000007C0A4000010001007C0D4080FF000056
:102A7000E1228000007C0070C0C04100E3000270D1
:102A800052040004080008000700070000000000CE
:102A9000000007000000070001000500C1208000C1
:102AA000007C002C000108004300022C00002E34A2
:102AB00031000000C300052C0000000000000000F1
:102AC00001000000310000002400000000001000A0
:102AD00042000C2C060000000700000043000D2CF3
:102AE000000200003F622E344300112C0000000061
:102AF00000000000E1208000007C0030840108001C
:102B00004300023000A6E07000020000C300053060
:102B100000000000000000000000000000000000B5
:102B2000240000000000100042000C3006000000ED
:102B30000700000043000D30010000003FA8E070D6
:102B400043001130000000000800000081208000D8
:102B5000007C0024080008002301022400622E34B7
:102B60000700070001000002000E00000100000045
:102B700000020000006200002400000000001000BD
:102B800042000C24060000000700000043000D2452
:102B9000000200003FC42E34430011240000000056
:102BA00000000000007C001002000000240400105F
:102BB0006400000000000000007C001000000040E5
:102BC000C47B00106400000000000000007C0010C6
:102BD00001000000007C06102F00000043000F10D1
:102BE0000D0000000F000000007C271017000000FF
:102BF00001200024007C004035000000012000700E
:102C00000120002C01200030E47F0024640000003B
:102C100000000000007C06100000000043000F10C0
:102C20000000000000000000007C271000000000F1
:102C3000007C002402000000240400246400000042
:102C400000000000007C002400000040C47B002441
:102C5000640000000000000081008000007C004053
:102C60000200000024040040640000000000000096
:102C7000007C004000000040C47B00406400000075
:102C80000000000061018000007C00700200420032
:102C9000240400706400000000000000007C00704C
:102CA00000004240C47B007064000000000000008F
:102CB000E1028000007C002C020000002404002CB3
:102CC0006400000000000000007C002C00000040B8
:102CD000C47B002C6400000000000000C1008000E4
:102CE000007C00300200000024040030640000007A
:102CF00000000000007C003000000040C47B003079
:102D00006400000000000000E1008000FD01000000
:102D100081208000007C002400C088002301022460
:102D200000622E340700070004000002000E0000BD
:102D300008000000400000000062000024000000C5
:102D40000000100042000C240600000007000000F4
:102D500043000D24400000003FC42E3443001124E2
:102D60000000000000000000C1208000007C002C5A
:102D7000080188004300022C00C42E34C400000067
:102D8000C300052C000000008801000000000000C6
:102D900000000000240000000000100042000C2C85
:102DA000060000000700000043000D2C400000005A
:102DB0003F262F344300112C0000000000000000CB
:102DC000007C0010020000002404001064000000D9
:102DD00000000000007C001000000040C47B0010D8
:102DE0006400000000000000007C001001000000F2
:102DF000007C0810090000000120002C01200024A4
:102E0000E47F002C6400000000000000007C08103B
:102E100000000000007C002C020000002404002CB4
:102E20006400000000000000007C002C0000004056
:102E3000C47B002C6400000000000000C100800082
:102E4000007C002402000000240400246400000030
:102E500000000000007C002400000040C47B00242F
:102E60006400000000000000810080001D020000DE
:102E700081218000007C004450030000C300024414
:102E800003030804551100000949A3103800070086
:102E900000003700000006004300094440013F00E5
:102EA0000000000043000C44B0FFFF0000000000E1
:102EB000812280004200006400000008600F0009C9
:102EC000007C02640000050043000764010001006B
:102ED0000100000043000C6400000000422042207A
:102EE000A122800042000068000000086001000587
:102EF000007C026800240A00430007686D42004815
:102F00006D42000043000C68000000004220422097
:102F100001228000007C00544C10740143000254D4
:102F2000807F08000F12900203040055C0000000CB
:102F30000800000008000000080000000800000071
:102F40000800000008000000080000000800000061
:102F50000800000008000000080000000800000051
:102F60000800000008000000080000000800000041
:102F7000C900000011000000110000001100000055
:102F800011000000110000001100000011000000FD
:102F900011000000110000001100000011000000ED
:102FA0001100000011000000D2000000830600564E
:102FB0000000000000C000000000000000C0000091
:102FC0000000000080C000000000000080C0000081
:102FD0000000000080C000000000000000C10000F0
:102FE0000000000000C100000000000000C100005F
:102FF000000071166CD600000000000000D8000030
:103000000000000000D800000000000000D900000F
:103010000000000000DA00000000000080DA00007C
:103020000000000080DB00000000000080DC0000E9
:103030000000000080DD0000000035701CD00000A2
:10304000000000008039000000000000003A00008D
:1030500000000000003B000000000000003C0000F9
:1030600000000000003D000000000000803D000066
:1030700000000000803E000000000000803F0000D3
:1030800061208000007C002000C108004300022075
:1030900000C42E3488010000C30005200000000099
:1030A0008801000040000000000000002400000033
:1030B0000000100042000C20060000000700000085
:1030C00043000D20004000003F262F344300112014
:1030D000000000000000000041208000007C001C77
:1030E00084C108004300021C000038700000480042
:1030F000C300051C000000000000000000000000EC
:1031000000000000240000000000100042000C1C21
:10311000060000000700000043000D1C0100000035
:103120003F0080704300111C0000000008000000F8
:1031300021218000007C003800C188004300023853
:1031400000882F34C4000000C300053800000000D0
:10315000000000000000000000000000240000004B
:103160000000900042000C3806000000070000003C
:1031700043000D3800400000C7892F344300113848
:10318000000000000000000081208000007C00247E
:1031900000018800430002240024E0701C000000AD
:1031A000C30005240000000000000000070000002C
:1031B00038000000240000000000100042000C2431
:1031C000060000000700000043000D240007000077
:1031D0003F5CE07043001124000000001800000074
:1031E00001218000007C003400018800430002348B
:1031F000005CE0701C000000C3000534000000000B
:10320000000000000700000038000000240000005B
:103210000000100042000C3406000000070000000F
:1032200043000D34000700003F94E0704300113468
:10323000000000001800000001208000007C001445
:10324000080188004300021400882F34C4000000E5
:10325000C300051400000000000000000000000092
:1032600000000000240000000000100042000C14C8
:10327000060000000700000043000D14004000009D
:10328000C7892F3443001114000000000000000023
:1032900021208000007C001808000800230102188B
:1032A00000002E340700070004000004001C00008A
:1032B000040000000001000000C400002400000021
:1032C0000000100042000C1806000000070000007B
:1032D00043000D18000100003FC42E3443001118B4
:1032E0000000000000000000007C00100200000050
:1032F000240400106400000000000000007C0010A6
:1033000000000040C47B00106400000000000000CA
:10331000007C0010010000004300021019000000B2
:1033200021000000630012100700000005000000EB
:1033300013000000007C1C102B00000083002210F2
:10334000183F1901090000002900000011000000C9
:103350000120001401200018007C004451030000EB
:103360000120005401200064012000680120001C9D
:103370000120002001200024012000340120003819
:10338000E47F00146400000000000000E47F0018E7
:103390006400000000000000430002100000000074
:1033A0000000000063001210000000000000000098
:1033B00000000000007C1C100000000083002210B0
:1033C00000000000000000000000000000000000FD
:1033D000007C0014020000002404001464000000BB
:1033E00000000000007C001400000040C47B0014BA
:1033F000640000000000000001008000007C001854
:103400000200000024040018640000000000000016
:10341000007C001800000040C47B0018640000001D
:103420000000000021008000007C00440200000039
:10343000240400446400000000000000007C0044FC
:1034400000000040C47B0044640000000000000055
:1034500081018000007C0054821088002404005404
:103460006400000000000000007C005480108840D0
:10347000C47B0054640000000000000001028000D2
:10348000007C006402000008240400646400000062
:1034900000000000007C006400000048C47B006461
:1034A000640000000000000081028000007C0068D1
:1034B000020000082404006864000000000000000E
:1034C000007C006800000048C47B006864000000C5
:1034D00000000000A1028000007C001C020000002F
:1034E0002404001C6400000000000000007C001C9C
:1034F00000000040C47B001C6400000000000000CD
:1035000041008000007C0020020000002404002014
:103510006400000000000000007C0020000000406B
:10352000C47B0020640000000000000061008000F7
:10353000007C002402000000240400246400000039
:1035400000000000007C002400000040C47B002438
:10355000640000000000000081008000007C003456
:103560000200000024040034640000000000000099
:10357000007C003400000040C47B00346400000084
:103580000000000001018000007C00380200000003
:10359000240400386400000000000000007C0038B3
:1035A00000000040C47B0038640000000000000000
:1035B000210180003D02000081208000007C002469
:1035C00000C088002301022400002E3407000700F9
:1035D00004000004001C000008000000800000003F
:1035E00000C40000240000000000100042000C2471
:1035F000060000000700000043000D2480000000CA
:103600003FC42E34430011240000000000000000DD
:10361000E1208000007C0030080188004300023077
:1036200000C42E34C4000000C300053000000000B8
:1036300088010000000000000000000024000000DD
:103640000000100042000C300600000007000000DF
:1036500043000D30800000003F882F3443001130BC
:103660000000000000000000007C001002000000CC
:10367000240400106400000000000000007C001022
:1036800000000040C47B0010640000000000000047
:10369000007C001001000000007C091009000000FF
:1036A0000120003001200024E47F0030640000008D
:1036B00000000000007C091000000000007C0030C9
:1036C000020000002404003064000000000000003C
:1036D000007C003000000040C47B0030640000002B
:1036E00000000000E1008000007C002402000000D7
:1036F000240400246400000000000000007C00247A
:1037000000000040C47B00246400000000000000B2
:10371000810080005D020000A1218000007C004843
:1037200050030000C30002480303080455110000C1
:103730000A4AA31038000700000037000000060006
:103740004300094880017F000000000043000C484E
:10375000B0FFFF0000000000412280004200005C3A
:1037600000000008FC0060092301025C00800400E6
:103770000000000003000000C3000000FF61000023
:103780000100000000000000FD0304000100000033
:1037900043000C5C0000000042204220007C0B5CD7
:1037A000010000000360005D000300000000000055
:1037B0006D0B000000000000F80D0000000000008C
:1037C0009D0B000000000000E70500000000000065
:1037D000B809000000000000AE0C0000000000006E
:1037E000BB09000000000000B1180000000000004C
:1037F000A211000000000000AD1600000000000053
:103800000310000000000000E015000000000000B0
:103810002507000000000000C410000000000000A8
:103820009E12000000000000900D0000000000004B
:103830001F0C000000000000D00D00000000000080
:10384000100B0000000000003F0800000000000016
:10385000C311000000000000D40E000000000000B2
:10386000D31A000000000000C80E00000000000095
:1038700044120000000000008E0D00000000000057
:10388000FE1D000000000000C30E0000000000004C
:10389000AD100000000000004D140000000000000A
:1038A0001C17000000000000D414000000000000FD
:1038B000090F000000000000A50600000000000045
:1038C0008F1700000000000012140000000000002C
:1038D000430A00000000000047090000000000004B
:1038E0003B1A0000000000001F260000000000003E
:1038F000060E000000000000AB0800000000000001
:103900003F0D000000000000F20600000000000073
:10391000700E000000000000480A000000000000D7
:10392000830D0000000000005D1200000000000098
:10393000170F000000000000E00C00000000000075
:10394000CA140000000000008335000000000000E1
:10395000150A00000000000018060000000000002A
:10396000410F000000000000870F00000000000071
:10397000F117000000000000A10B00000000000093
:103980005A0A000000000000CE07000000000000FE
:10399000B8180000000000009B05000000000000B7
:1039A000220F0000000000000F0A000000000000CD
:1039B0001B15000000000000990F0000000000002F
:1039C000C20D000000000000E5070000000000003C
:1039D000DC120000000000000F1D000000000000CD
:1039E0000C0B000000000000550F0000000000005C
:1039F0000B0F000000000000661600000000000031
:103A0000FA0B000000000000110900000000000097
:103A1000870E000000000000D4100000000000002D
:103A200087200000000000008A090000000000005C
:103A30007F2D0000000000006B0E00000000000061
:103A40002216000000000000EF1C00000000000033
:103A500061190000000000001606000000000000D0
:103A60006E1E0000000000005B0C00000000000063
:103A7000870F00000000000073120000000000002B
:103A80006D16000000000000DC18000000000000BF
:103A90004D13000000000000121B00000000000099
:103AA0000116000000000000D70400000000000024
:103AB000B710000000000000AE0D00000000000084
:103AC000E914000000000000AD0A00000000000042
:103AD000C6110000000000009E150000000000005C
:103AE000BE090000000000003D09000000000000C9
:103AF0007A1D0000000000006F06000000000000BA
:103B0000490F000000000000040C0000000000004D
:103B1000F5180000000000009804000000000000FC
:103B2000A71900000000000060070000000000006E
:103B30006C140000000000002612000000000000CD
:103B4000241A000000000000830D000000000000A7
:103B5000F910000000000000A51A0000000000009D
:103B60003509000000000000D00F00000000000038
:103B7000DF0F0000000000006B05000000000000E7
:103B8000140C000000000000901000000000000075
:103B9000681300000000000082090000000000001F
:103BA0006E11000000000000960E000000000000F2
:103BB0008312000000000000D31700000000000086
:103BC0006C16000000000000CF150000000000008F
:103BD000C7080000000000003916000000000000C7
:103BE00094140000000000002B18000000000000EA
:103BF0005C160000000000006013000000000000E0
:103C0000BA3800000000000020040000000000009E
:103C1000060800000000000044070000000000004B
:103C2000D41B00000000000016050000000000008A
:103C300008080000000000008E11000000000000D5
:103C4000E4290000000000006410000000000000F3
:103C500021150000000000005E0C000000000000C4
:103C6000670D0000000000000F0F000000000000C2
:103C7000DF12000000000000061A00000000000033
:103C80005510000000000000AE0E00000000000013
:103C90001221000000000000B1130000000000002D
:103CA000AF0B000000000000520B000000000000FD
:103CB000160E000000000000481600000000000082
:103CC0009029000000000000AA0E00000000000083
:103CD000A40F0000000000001C18000000000000FD
:103CE0002519000000000000411400000000000041
:103CF000870D0000000000003527000000000000D4
:103D0000C510000000000000F410000000000000DA
:103D1000160E000000000000AA13000000000000C2
:103D20001917000000000000B60A000000000000A3
:103D30003D190000000000007C0D000000000000A4
:103D40009316000000000000590E00000000000063
:103D5000491D000000000000C10D0000000000002F
:103D6000740A000000000000A10F00000000000025
:103D7000F60B000000000000690D000000000000CC
:103D8000470B000000000000C00D00000000000014
:103D9000BA15000000000000C80E0000000000007E
:103DA000780900000000000036110000000000004B
:103DB0004A0D000000000000961200000000000004
:103DC000F50C0000000000001812000000000000C8
:103DD000B80D000000000000BA190000000000004B
:103DE0009015000000000000C50B0000000000005E
:103DF00012090000000000000F1300000000000086
:103E000073090000000000004E07000000000000E1
:103E10004B06000000000000A82C0000000000007D
:103E2000DD110000000000009B0600000000000003
:103E300063180000000000003612000000000000BF
:103E4000770E000000000000A40E0000000000003B
:103E50009607000000000000700D00000000000048
:103E6000A9150000000000008F11000000000000F4
:103E7000600A000000000000370800000000000099
:103E8000231500000000000048150000000000009D
:103E90009619000000000000F60D00000000000070
:103EA0002F0F0000000000007E0A0000000000004C
:103EB000B012000000000000BD280000000000005B
:103EC000CC11000000000000060A00000000000005
:103ED000D2080000000000003C19000000000000B3
:103EE0006C0E000000000000A60C000000000000A6
:103EF000C3190000000000008E0C0000000000004C
:103F0000F1130000000000007D0800000000000028
:103F10003203000000000000860E000000000000D8
:103F20005E0A000000000000B10800000000000070
:103F3000E10B000000000000421200000000000041
:103F40001A34000000000000C01300000000000050
:103F5000A41F000000000000960C000000000000FC
:103F6000CD12000000000000381100000000000029
:103F7000782B000000000000B220000000000000CC
:103F8000B20F000000000000B219000000000000A5
:103F90005007000000000000E317000000000000D0
:103FA000800F000000000000AB1B000000000000BC
:103FB000A0090000000000009F10000000000000A9
:103FC000F1150000000000000918000000000000CA
:103FD000A1040000000000003C14000000000000EC
:103FE0003A0D000000000000FE1600000000000076
:103FF000B81B000000000000E708000000000000FF
:10400000121B000000000000040700000000000078
:10401000D80C0000000000007B0A00000000000037
:104020007C0E000000000000E01000000000000016
:10403000DD120000000000006C0A0000000000001B
:104040007B0E000000000000F51A000000000000D8
:10405000A015000000000000733600000000000002
:10406000F108000000000000480F00000000000000
:10407000B912000000000000E30F00000000000083
:10408000E90C000000000000F40C0000000000003B
:10409000AE0E000000000000BE2A0000000000007C
:1040A000B807000000000000340C00000000000011
:1040B000C90B000000000000E80A0000000000003A
:1040C000610B0000000000009B08000000000000E1
:1040D0008E080000000000003B2B000000000000E4
:1040E0008E16000000000000080F00000000000015
:1040F0002722000000000000AC18000000000000B3
:10410000CD080000000000009D0A00000000000033
:104110002A1D000000000000A908000000000000A7
:10412000491D000000000000A90A00000000000076
:10413000C8090000000000002A0B00000000000079
:104140003F39000000000000F40E000000000000F5
:10415000DC21000000000000DD1100000000000074
:1041600037120000000000004A10000000000000AC
:10417000CC15000000000000261600000000000022
:104180002118000000000000981B00000000000043
:10419000471E000000000000160B00000000000099
:1041A000980E00000000000004180000000000004D
:1041B000F92A000000000000861100000000000045
:1041C000F406000000000000987F000000000000DE
:1041D00068140000000000006B11000000000000E7
:1041E000021B000000000000031800000000000097
:1041F000CD0B0000000000002422000000000000A1
:104200001E0F0000000000000F0B00000000000067
:10421000852B0000000000003616000000000000A2
:10422000370F000000000000DB110000000000005C
:1042300031140000000000005114000000000000D4
:10424000BE06000000000000C114000000000000D5
:10425000E20D000000000000081300000000000054
:10426000F40B0000000000006313000000000000D9
:10427000A729000000000000173000000000000027
:104280005225000000000000CE32000000000000B7
:10429000C408000000000000E91400000000000055
:1042A000B90800000000000098190000000000009C
:1042B0002F0F000000000000731400000000000039
:1042C00089160000000000004914000000000000F2
:1042D0007321000000000000BB2600000000000069
:1042E000420F000000000000141300000000000056
:1042F0006716000000000000340B00000000000002
:10430000EA11000000000000101D00000000000085
:104310005D13000000000000520E000000000000CD
:10432000B610000000000000F420000000000000B3
:1043300081160000000000008E1B0000000000003D
:104340007F15000000000000B42400000000000001
:10435000FE06000000000000050F00000000000045
:10436000060D0000000000003612000000000000F2
:10437000DF0A000000000000D90F0000000000006C
:104380008C19000000000000240D00000000000057
:10439000E814000000000000951F0000000000006D
:1043A0003714000000000000007C0B5C00000000DF
:1043B0000320005F9827000000000000930A00001F
:1043C00000000000EA080000000000009410000057
:1043D00000000000370D0000000000006C0A000023
:1043E00000000000FB0B000000000000280A000095
:1043F00000000000910D000000000000891700007F
:10440000000000004808000000000000090D000046
:1044100000000000B108000000000000550F00007F
:1044200000000000A7090000000000001E0D0000B1
:104430000000000087120000000000008A1A00003F
:1044400000000000F9170000000000004516000001
:1044500000000000D306000000000000D71200009A
:1044600000000000D416000000000000051F00003E
:10447000000000004F28000000000000811800002C
:10448000000000009F090000000000006D0F000008
:10449000000000002B0B000000000000B81000001E
:1044A00000000000231200000000000027090000A7
:1044B00000000000E61D0000000000003D0E0000AE
:1044C00000000000771E000000000000F707000059
:1044D00000000000021B000000000000A21100000C
:1044E000000000005F1E0000000000001506000034
:1044F00000000000320E0000000000000E1100005D
:1045000000000000B650000000000000CA180000C3
:1045100000000000F409000000000000AD110000E0
:1045200000000000AD0600000000000000100000C8
:1045300000000000390B000000000000CC0B000060
:1045400000000000A3200000000000002106000081
:1045500000000000EA160000000000002312000026
:10456000000000000B0A00000000000061190000BC
:10457000000000009504000000000000470E00004D
:1045800000000000A207000000000000BD040000C1
:10459000000000004812000000000000E4160000C7
:1045A00000000000DC100000000000001607000002
:1045B000000000008F0F000000000000BD0600009A
:1045C00000000000CF0E0000000000006F2A000075
:1045D000000000002C0D0000000000005F0E000035
:1045E000000000009B0D0000000000006C0A0000AD
:1045F00000000000820B000000000000E50F00003A
:10460000000000005C0B000000000000EB11000047
:1046100000000000BB0B0000000000004C0F000079
:1046200000000000C20B000000000000EC160000BB
:1046300000000000E608000000000000181700005D
:10464000000000006E23000000000000B81B000006
:104650000000000026110000000000001C0D0000FA
:1046600000000000EC0D000000000000640D0000E0
:1046700000000000A817000000000000A5060000D0
:1046800000000000F40D0000000000006F0C0000AE
:10469000000000003D12000000000000E5170000CF
:1046A000000000007313000000000000B20D0000C5
:1046B00000000000A914000000000000A30A000090
:1046C00000000000D20E0000000000007211000087
:1046D00000000000F90A00000000000014100000B3
:1046E00000000000DC0600000000000000090000DF
:1046F00000000000C50F0000000000002A130000A9
:1047000000000000BB09000000000000DB0E0000FC
:10471000000000001A12000000000000560B00000C
:10472000000000009817000000000000C7190000FA
:1047300000000000AA09000000000000080B0000B3
:1047400000000000490D000000000000B01C000047
:1047500000000000A119000000000000CF0E0000C2
:104760000000000022100000000000008709000087
:10477000000000004D09000000000000290F0000AB
:1047800000000000DB14000000000000CA1500005B
:10479000000000000519000000000000DB0600001A
:1047A00000000000B80D00000000000080090000BB
:1047B000000000006122800042000060000000084C
:1047C000FC0060152301026000000A0000000000E8
:1047D00003000000C3000000FF610000B65B0000A2
:1047E00000000000FD0304000100000043000C6015
:1047F0000000000042204220007C0B60010000000D
:1048000003600061B65B59019BBF0000B65B940179
:104810007E3A0000B65BE9004E550000B65B27010A
:104820000D110000B65B440185E80000B65B620133
:1048300029BD0000B65B3B019CDA0000B65B6A0153
:1048400045100000B65B19015A520000B65B7901B1
:10485000F5730000B65B0901CFA70000B65B7501D8
:10486000AE790000B65B0E01723F0000B65B4C01F2
:10487000444E0000B65B100114630000B65B9A0161
:10488000C72A0000B65B490120350000B65B1D0158
:1048900008C80000B65B71017FA90000B65B4E013D
:1048A00016FD0000B65B540170840000B65B7D010C
:1048B00068B70000B65BAE01E0220000B65B3E01C7
:1048C0007B190000B65BAC0189F90000B65B4A01B8
:1048D000A8E30000B65B81018BC00000B65B3B0122
:1048E000A3490000B65BD400F30C0000B65B550191
:1048F0009E2C0000B65B4801D6B00000B65BB50147
:10490000780F0000B65BFA007EB20000B65BE400F0
:10491000A7680000B65B2001A68A0000B65B0F0105
:10492000FAA50000B65B3E0165640000B65B9A0123
:10493000249C0000B65B8E01382E0000B65B00019F
:1049400043D60000B65B640190590000B65B0E01CF
:10495000B06A0000B65B220162930000B65B2D01D5
:10496000ED9A0000B65B230154640000B65B32018F
:1049700013280000B65B610136C10000B65B1C0164
:10498000556E0000B65B0E01C9420000B65B3701F0
:10499000C8710000B65B110192DD0000B65B220118
:1049A000B5360000B65BAE0164780000B65B14015A
:1049B0008E5E0000B65B1F0197DA0000B65B040153
:1049C000C28D0000B65BFF00CB7F0000B65B0D011F
:1049D00041320000B65B460187D20000B65B33016E
:1049E00036090000B65BAC01EB000000B65BCA0103
:1049F00049000000B65B370188370000B65B6F01E5
:104A00001C250000B65B0501E48E0000B65B5C016E
:104A10001E970000B65B41016B7E0000B65B0C0187
:104A2000B7920000B65BA101C6CF0000B65BB5012E
:104A300027A00000B65B1B01D9910000B65B5101B5
:104A4000A88C0000B65B130168570000B65B150127
:104A5000B0E50000B65BE70051480000B65B6D01B1
:104A60001AFD0000B65BDC006C260000B65B170187
:104A700032540000B65B56018FE30000B65B1901AB
:104A800046AB0000B65BD900BA040000B65B750106
:104A900022220000B65B2301560B0000B65B980192
:104AA000266C0000B65BAE008FD20000B65B5801EA
:104AB000F8F70000B65B56017F700000B65B22017C
:104AC000079E0000B65B030172A20000B65B2201E4
:104AD0007E310000B65BF300C43C0000B65B3601DB
:104AE00048450000B65B6F014F0D0000B65B5C01EE
:104AF000BBE60000B65B880122F80000B65B4A0105
:104B00001A040000B65B800164080000B65BCC00AC
:104B1000FA3D0000B65B6901F7120000B65B520176
:104B2000AA2F0000B65B350144510000B65B1301AB
:104B3000FD270000B65B1B01C97B0000B65BA4012A
:104B400027FF0000B65B5301A03F0000B65B3001B9
:104B5000FFA20000B65B6C015F140000B65BE400CE
:104B6000D90F0000B65B890184840000B65B2E017A
:104B700093CA0000B65B7E01F8C30000B65BE90093
:104B80004E830000B65B3701CA0D0000B65B2B01F7
:104B90009F210000B65B2801AE950000B65BCC00FB
:104BA0004ECB0000B65B530147930000B65B680133
:104BB00083360000B65B180135CF0000B65B2401D8
:104BC00066AB0000B65B9901117B0000B65B290162
:104BD0001A9A0000B65B390144AB0000B65B710164
:104BE000F50E0000B65B6D0141A70000B65B0D013C
:104BF000AFB10000B65B4F01357C0000B65B4101F0
:104C000075670000B65BFB0019040000B65B460147
:104C1000DA3D0000B65B3A01C7FB0000B65B8001DD
:104C200078320000B65B390198690000B65B250157
:104C3000D6240000B65BFD0078EF0000B65BE9000B
:104C4000D7C00000B65B8201ECF70000B65BF50050
:104C5000713E0000B65BAB00E9D00000B65B890195
:104C6000B30B0000B65B5A01F0050000B65B3B01D8
:104C700017BD0000B65B4301E9430000B65B0E01BF
:104C8000EB750000B65B500123A50000B65B310157
:104C90002E320000B65BDA00BA6F0000B65B3E0150
:104CA0009E190000B65B65012B930000B65B850181
:104CB000B5B40000B65B4B01A63B0000B65B0E012D
:104CC000A5EA0000B65B160126330000B65B37018B
:104CD0009AE50000B65B2E01274B0000B65B1A0177
:104CE000BFAE0000B65B21019C240000B65B3A0118
:104CF0008DDB0000B65B2F0143240000B65B310161
:104D00005F5C0000B65B3D0176460000B65B2A01A1
:104D1000B5E50000B65BC8009C300000B65B9A01A8
:104D2000BDF50000B65B7E012C0E0000B65B56019F
:104D30004E120000B65BEE00AD300000B65B98018D
:104D4000E6460000B65B750157F70000B65B080148
:104D5000A91C0000B65B63010D400000B65B760144
:104D60005FDA0000B65B600187BD0000B65BAE0194
:104D70002F040000B65B1C01CB500000B65BA10104
:104D80002B9B0000B65B6D016E780000B65B6C017A
:104D9000510B0000B65B2C012DE80000B65BE10072
:104DA00031380000B65B48016AF80000B65BA1002C
:104DB000BEF70000B65B8F0173C90000B65B9201BD
:104DC000F8010000B65B0501EDFD0000B65B3001A7
:104DD000D9B20000B65BF900B0F20000B65BFF008C
:104DE000E42A0000B65B1201153F0000B65B0F011C
:104DF0003B660000B65B0501CB640000B65B0101B9
:104E000054220000B65B140126000000B65B6E0160
:104E1000B9890000B65BFE00E6960000B65B400173
:104E200093790000B65B1601DBDA0000B65B49013E
:104E30005BB80000B65BD70091BF0000B65B110104
:104E4000605F0000B65BB1017D910000B65B690157
:104E5000FE0F0000B65B6A010CBF0000B65B2F01BD
:104E6000E0150000B65B440157180000B65B07016F
:104E700063910000B65BF8008DFA0000B65BF300AA
:104E8000488B0000B65B550128880000B65B1B010B
:104E900044F20000B65B3701DD7A0000B65B0D011D
:104EA0006F140000B65BE1008C9E0000B65B180139
:104EB000BCA80000B65B87013D9F0000B65B2C01DB
:104EC000D31C0000B65BF600490A0000B65B3F0148
:104ED00038510000B65B450193640000B65B2D01BC
:104EE00017680000B65B3001F72C0000B65B0401C8
:104EF0008C000000B65B1801C1A20000B65B1A016D
:104F000068590000B65B6201AC360000B65B040174
:104F1000EBBB0000B65BED0097C10000B65B6C0117
:104F20005C9B0000B65B5F0133480000B65B030189
:104F300057160000B65B290153210000B65B2D0116
:104F40009A6B0000B65BD001468A0000B65B630135
:104F5000967E0000B65B3E0109750000B65B13014A
:104F600069890000B65B2801B29E0000B65B630150
:104F70006C5B0000B65B4C0162290000B65B0B0164
:104F800059270000B65B7B0110A70000B65B330118
:104F900065C30000B65B27016E520000B65BC0011E
:104FA000C2580000B65B6401BEEC0000B65BF200C4
:104FB0006AEF0000B65B2501AC830000B65BAC0174
:104FC0000B9B0000B65B6401CD830000B65B1E0145
:104FD00067750000B65BFD0025D30000B65B42019B
:104FE000C91A0000B65B140138430000B65B5901D2
:104FF0004ABB0000B65B350172840000B65B41011C
:1050000056FB0000B65B03019ECF0000B65B7D013E
:105010003B440000B65B68013D200000B65BDE004B
:105020000B680000B65B4001F0670000B65B9501BD
:10503000D0ED0000B65B2F01C1770000B65B060122
:10504000641F0000B65B6E01B6760000B65B0B0114
:10505000E0200000B65B2601B1950000B65B300190
:105060002BBD0000B65B210193EC0000B65B76011E
:10507000E1170000B65B2E01219B0000B65B030127
:105080000AC60000B65B13016EA00000B65BE2002A
:10509000E4700000B65B4901B56C0000B65B5E01D0
:1050A00076890000B65BF8007F200000B65B060141
:1050B0004D210000B65B6E018E4B0000B65B4601D1
:1050C00038680000B65BFD0054130000B65B250194
:1050D000FFE30000B65B39017B270000B65B2B01C4
:1050E000B9880000B65B2201CC080000B65B8701DE
:1050F0002EEF0000B65B6501BF3B0000B65B5801B8
:10510000AA950000B65B1A0137A50000B65B5301F3
:10511000A24B0000B65B8B0167850000B65B4C01BB
:10512000572B0000B65B2A012CE90000B65BA001FA
:10513000D0390000B65B8701C6250000B65B590177
:1051400045540000B65B1401A4A70000B65B5E01E5
:10515000E0070000B65BE000EE210000B65B310125
:10516000EA470000B65B5A0174670000B65B600155
:1051700083C40000B65BF300B2480000B65B4D018B
:10518000FCA50000B65B0C010FC50000B65B1C015E
:10519000C23F0000B65B63017C480000B65B38018B
:1051A00076400000B65B4601736F0000B65BF90005
:1051B000BEDD0000B65B200158310000B65BFC008C
:1051C000A7620000B65B1301D3EB0000B65B73016E
:1051D0009E940000B65B0A01A8C60000B65B1401ED
:1051E000597B0000B65B230172E10000B65BB101A0
:1051F0004C4D0000B65B4601AE3D0000B65B44017D
:1052000055770000B65B1301251F0000B65B7C01DB
:105210001BCB0000B65B08012E390000B65BFA001C
:10522000F9F20000B65B3E012FC90000B65B5C01DD
:10523000F1DB0000B65B0701042D0000B65B060140
:1052400022320000B65B310198B70000B65B07015F
:105250006ADB0000B65B5901EDDA0000B65B4C0179
:1052600045240000B65B4201EB370000B65B3C0111
:10527000FEAC0000B65B3D014CAB0000B65B3701F5
:105280002D800000B65B2B01AC9A0000B65B1F01BD
:1052900028C50000B65BF60083710000B65B4A01CA
:1052A0005C300000B65BFF00B53A0000B65BF6006C
:1052B00073140000B65BAC0101570000B65B6E01D1
:1052C0001D960000B65BB90075490000B65B9C01F5
:1052D00056FC0000B65B320170650000B65B070249
:1052E000ADE80000B65B3D01331A0000B65B11016A
:1052F0002F9B0000B65B550187710000B65BE20092
:105300005D7A0000B65B7801A7920000B65B2401CD
:105310002D950000B65B0701344A0000B65BCD0155
:10532000384C0000B65BA30192990000B65B760191
:1053300077C30000B65B120190D70000B65B3D0159
:1053400048990000B65BF000831D0000B65B1601B3
:10535000CC950000B65B4101710C0000B65B5E01AC
:10536000185F0000B65B410183A00000B65BB70088
:10537000AEF30000B65B350109C10000B65BA801C1
:105380001AD00000B65BAF016C810000B65B000173
:1053900007290000B65B82018E1E0000B65B020189
:1053A000A6430000B65B3D01D9970000B65B4B01F8
:1053B000688B0000B65B4501ECCC0000B65BDA01FF
:1053C000CD410000B65B230155C00000B65B520121
:1053D000C36D0000B65BCF00A3820000B65B38014E
:1053E000CCE20000B65BFA00FF3A0000B65B2D018C
:1053F000292E0000B65BDE009D9F0000B65BCD004D
:105400000C820000007C0B600000000003200063A1
:10541000B65B460116F00000B65B7201B0150000E5
:10542000B65B430158050000B65B26016B650000C2
:10543000B65B110196CE0000B65B1F01575300000A
:10544000B65B3A01B70E0000B65B4E01F761000093
:10545000B65B1A01B9160000B65BDE00F37B0000F4
:10546000B65B3D0138270000B65BD60022F2000093
:10547000B65B8F0118B80000B65B26012DD800007E
:10548000B65B3601BAED0000B65BDA00DAF900006F
:10549000B65B3001499D0000B65B5A012F770000D2
:1054A000B65B0101E2F90000B65B3901B2F0000021
:1054B000B65B2701938E0000B65B6C01AED2000094
:1054C000B65B280128190000B65BFB009192000032
:1054D000B65B0701158B0000B65B6E015BF5000043
:1054E000B65B3B0166090000B65BA501270B000017
:1054F000B65B6D01E9070000B65B7501014C000069
:10550000B65B2101CC1A0000B65B4D01274C0000B0
:10551000B65B1901C1F80000B65B36013A0700001E
:10552000B65BB70078E90000B65B3201CF880000B7
:10553000B65B6401A8140000B65B19011164000099
:10554000B65B2C010E1E0000B65B5A01DF1C00008A
:10555000B65B6301060A0000B65B660127EF000038
:10556000B65B3B01CE230000B65B080154FA000095
:10557000B65B7D0181350000B65B0C0101F90000CE
:10558000B65B2F01B0E10000B65B5E013D7A000022
:10559000B65B5D01CA570000B65B390174CD0000EF
:1055A000B65BAD0079FA0000B65B4E015D9B000072
:1055B000B65BEA001D000000B65BEA0079970000C8
:1055C000B65B57017B610000B65B34012A410000E5
:1055D000B65B3E015E070000B65B3A0131B30000E6
:1055E000B65BFB002EB20000B65B05015D16000045
:1055F000B65BA8016C590000B65B9101CC98000025
:10560000B65B9A01C6E50000B65BC101B61A0000A0
:10561000B65BF00043960000B65B4901A11E000096
:10562000B65BFC006EA70000B65B700153CB0000B8
:10563000B65B8301DE920000B65B2701FD1200001D
:10564000B65B08016DC30000B65B4801DD83000056
:10565000B65B6501D61E0000B65B6C01B7CC0000DE
:10566000B65B4D0126100000B65B5D01A90E00007F
:10567000B65B35014B3C0000B65B5C01E75E0000A9
:10568000B65B760163300000B65B2F011581000028
:10569000B65B290105D70000B65BC500F6450000E2
:1056A000B65B3A01CA640000B65B2B01D3B90000B7
:1056B000B65B2C01949B0000B65B0D011218000034
:1056C000B65BC800624B0000B65B7601083900008B
:1056D000B65B460144190000B65B620100A20000FF
:1056E000B65BCD01362B0000B65BE7003CE3000063
:1056F000B65B19010A010000B65B6E018E5C00000A
:10570000B65BDC00EA260000B65B4A016B0E0000C7
:10571000B65B0301F0800000B65B23014D59000029
:10572000B65B3B0161CD0000B65B9D01D11000006E
:10573000B65B450114AF0000B65BB401E4030000A2
:10574000B65B5301A9DD0000B65B5B01679F0000FB
:10575000B65B880188310000B65B3D0123940000F0
:10576000B65B6B01A8070000B65B720164D600004F
:10577000B65B0701FD860000B65B2B0112CF00006F
:10578000B65B360155BB0000B65B5801AF76000032
:10579000B65B33016B430000B65B55014B960000CE
:1057A000B65B8501875E0000B65B2D01756F00005A
:1057B000B65BFC007B1A0000B65B630128B60000F4
:1057C000B65B4101D6A40000B65BB70130DD000036
:1057D000B65BFA0091D20000B65B150144FD0000F3
:1057E000B65B1301CABE0000B65B3501CF96000060
:1057F000B65B0301CCA50000B65B0001D0990000A8
:10580000B65B350159AA0000B65BF40036ED000026
:1058100021228000007C00584C1074014300025883
:10582000807F08000F12900203040059C00000009E
:105830000800000008000000080000000800000048
:105840000800000008000000080000000800000038
:105850000800000008000000080000000800000028
:105860000800000008000000080000000800000018
:1058700008000000C9000000110000001100000035
:1058800011000000110000001100000011000000D4
:1058900011000000110000001100000011000000C4
:1058A0001100000011000000D20000008306005A21
:1058B0000000000000C000000000000000C0000068
:1058C0000000000080C000000000000080C0000058
:1058D0000000000080C000000000000000C10000C7
:1058E0000000000000C100000000000000C1000036
:1058F0000000441824D800000000000000DB000075
:105900000000000080DB00000000000080DB0000E1
:105910000000000080DB00000000000000DC000050
:105920000000000000DC00000000000080DC00003F
:105930000000000080DC000000005379B3C60000C6
:1059400000000000803800000000000080390000E6
:1059500000000000803A000000000000803B0000D2
:1059600000000000003C000000000000003D0000BE
:1059700000000000003E000000000000003F0000AA
:1059800001208000007C001400C1080043000214C4
:1059900000C42E3488010000C3000514000000007C
:1059A00088010000800000000000000024000000CA
:1059B0000000100042000C14060000000700000068
:1059C00043000D14004000003F882F3443001114A1
:1059D000000000000000000041208000007C001C4E
:1059E00084C108004300021C0000807000004800D1
:1059F000C300051C000000000000000000000000C3
:105A000000000000240000000000100042000C1CF8
:105A1000060000000700000043000D1C010000000C
:105A20003F00C8704300111C000000000800000087
:105A300021218000007C003800C18800430002382A
:105A4000806D2E34C4000000C30005380000000043
:105A50000000000000000000000000002400000022
:105A60000000900342000C38060000000700000010
:105A700043000D3800400000476F2E3443001138BA
:105A8000000000000000000061208000007C002079
:105A90000801880043000220806D2E34C4000000FD
:105AA000C30005200000000000000000000000000E
:105AB00000000000240000000000100042000C2044
:105AC000060000000700000043000D200040000019
:105AD000476F2E344300112000000000000000003A
:105AE00021208000007C0018080008002301021813
:105AF00000002E340700070004000002000E000022
:105B0000040000008000000000620000240000008B
:105B10000000100042000C18060000000700000002
:105B200043000D18800000003F622E34430011181E
:105B30000000000000000000007C001002000000D7
:105B4000240400106400000000000000007C00102D
:105B500000000040C47B0010640000000000000052
:105B6000007C001001000000007C031023000000F6
:105B7000007C05101B0000006300151001000000F0
:105B8000050000001300000043001D102700000066
:105B90001A7F1B01007C2010250000000120001846
:105BA00001200020007C0048510300000120005823
:105BB0000120005C01200060012000140120001C75
:105BC00001200038E47F001864000000000000009D
:105BD000E47F00206400000000000000007C03104F
:105BE00000000000007C051000000000630015109C
:105BF00000000000000000000000000043001D1035
:105C00000000000000000000007C201000000000E8
:105C1000007C00180200000024040018640000004A
:105C200000000000007C001800000040C47B001849
:105C3000640000000000000021008000007C0020C3
:105C400002000000240400206400000000000000A6
:105C5000007C002000000040C47B002064000000A5
:105C60000000000061008000007C0048020000008D
:105C7000240400486400000000000000007C00488C
:105C800000000040C47B00486400000000000000E9
:105C9000A1018000007C0058821088002404005874
:105CA0006400000000000000007C00588010884064
:105CB000C47B005864000000000000002102800046
:105CC000007C005C020000082404005C640000000A
:105CD00000000000007C005C00000048C47B005C09
:105CE000640000000000000041028000007C0060B1
:105CF00002000008240400606400000000000000AE
:105D0000007C006000000048C47B0060640000006C
:105D10000000000061028000007C0014020000000E
:105D2000240400146400000000000000007C001443
:105D300000000040C47B001464000000000000006C
:105D400001008000007C001C020000002404001CF4
:105D50006400000000000000007C001C0000004007
:105D6000C47B001C640000000000000041008000B3
:105D7000007C0038020000002404003864000000A9
:105D800000000000007C003800000040C47B0038A8
:105D90006400000000000000210180007D0200007E
:105DA00041218000007C003C500300002301023CA4
:105DB0000101100F001100000540B710700007002E
:105DC00000006F00000006003C000E000801070004
:105DD0000000000043000C3CB9FFFF000000000081
:105DE00061218000007C004040000000E300024090
:105DF0000101100F001100000040B71070000700F3
:105E000000006F00000006003C0F1D00007C0A40EF
:105E10000000000043000C40B9FFFF00000000003C
:105E200081218000007C004440000000E300024427
:105E30000101100F001100000040B71070000700B2
:105E400000006F00000006003C1E2C00007C0A448D
:105E50000000000043000C44B9FFFF0000000000F8
:105E6000A1218000007C004840000000E3000248BF
:105E70000101100F001100000045A3107000070081
:105E800000006F00000006003C2D3B00007C0A482B
:105E90000000000043000C48B9FFFF0000000000B4
:105EA000812280004200006400000008FC006009BC
:105EB0002301026400800600000000000E000000C4
:105EC000DE020000BD05000001000000000000002F
:105ED000F2038C070100000043000C640000000086
:105EE00042204220007C0B64010000008307006513
:105EF000C52400000000000071290000000000001F
:105F000094080000000000004C09000000000000A0
:105F1000C52A000000000000E3120000000000009D
:105F20003E23000000000000C12600000000000029
:105F30002F07000000000000150A0000000000000C
:105F4000EF410000000000001E12000000000000F1
:105F500049220000000000000125000000000000B0
:105F60005B080000000000009A050000000000002F
:105F7000564D000000000000881B000000000000DB
:105F80002024000000000000CD30000000000000D0
:105F90006C05000000000000EE070000000000009B
:105FA0001D3A000000000000411600000000000043
:105FB000221E0000000000008B1300000000000003
:105FC000DB070000000000001807000000000000D0
:105FD000683600000000000093140000000000007C
:105FE000A12280004200006800000008FC0060154B
:105FF0002301026800000A00000000000E000000FB
:10600000DE020000BD0500007E6D00000000000003
:10601000F2038C070100000043000C680000000040
:1060200042204220007C0B680100000083070069C9
:106030007E6DB600C75300007E6DAE00C58B0000BC
:106040007E6DAA0017FC00007E6D9400C3D4000092
:106050007E6D6DFFD2CA00007E6DC3000C9E0000F5
:106060007E6DCB00F46400007E6DB000B8140000BB
:106070007E6DB800A77D00007E6DA5007D03000049
:106080007E6DDFFFA88D00007E6DE300F5C000008F
:106090007E6DB400BEB900007E6DAE003B210000F5
:1060A0007E6DB5002E4500007E6DAD00788100004C
:1060B0007E6DD9FF929E00007E6D88008383000074
:1060C0007E6DAB00C5F400007E6DB700DA460000BF
:1060D0007E6DAE002E8E00007E6DAD00984E0000ED
:1060E0007E6DEFFFB48300007E6D7B00A4980000FE
:1060F0007E6DB900FF3F00007E6DA500D4F5000065
:106100007E6DB400B4C300007E6DB7000571000061
:106110007E6DAFFF2E8400007E6D8600BDBF000047
:10612000C1208000007C002C00C008002301022C4C
:1061300000002E340700070010000002000E0000CF
:1061400040000000080000000000000024000000E3
:106150000000100042000C2C0600000007000000A8
:1061600043000D2C100000003F622E344300112C20
:10617000000000000000000021218000007C0038A9
:1061800084C108004300023800E8DF70003C0000D2
:10619000C3000538000000000000000000000000FF
:1061A00000000000240000000000100042000C3835
:1061B000060000000700000043000D380100000049
:1061C0003F24E07043001138000000000800000088
:1061D00041208000007C001C00C188004300021C9C
:1061E00000622E34DF020000C300051C0000000026
:1061F000000000000000000000000000240000007B
:106200000000900342000C1C060000000700000084
:1062100043000D1C10000000FF672E344300111CCA
:106220000000000000000000A1208000007C002889
:1062300000C008002301022810002E3407000700C8
:1062400010000002000E00004000000008000000E6
:1062500000000000240000000000100042000C2894
:10626000060000000700000043000D281000000099
:106270003F622E344300112800000000000000009F
:1062800081208000007C002400C00800230102243B
:1062900020002E340700070010000002000E00004E
:1062A0004000000008000000000000002400000082
:1062B0000000100042000C2406000000070000004F
:1062C00043000D24100000003F622E3443001124CF
:1062D0000000000000000000E1208000007C003091
:1062E00000C008002301023030002E3407000700F0
:1062F00010000002000E0000400000000800000036
:1063000000000000240000000000100042000C30DB
:10631000060000000700000043000D3010000000E0
:106320003F622E34430011300000000000000000E6
:1063300061208000007C00200801880043000220CA
:1063400000622E34DF020000C300052000000000C0
:106350000000000000000000000000002400000019
:106360000000100042000C200600000007000000A2
:1063700043000D2010000000FF672E344300112061
:10638000000000000000000001218000007C0034BB
:106390000800080023010234C0672E3407000700FC
:1063A0000F001E00D20000000F00000002000000DD
:1063B000BE050000240000000000100042000C3464
:1063C000060000000700000043000D34020000003A
:1063D000BF6D2E34430011340000000000000000A7
:1063E000007C001002000000240400106400000083
:1063F00000000000007C001000000040C47B001082
:106400006400000000000000007C0010010000009B
:10641000007C05101B000000007C0A102B0000000F
:1064200083010C100D0000001300000005000000A7
:106430000B00000013000000150000000900000020
:1064400013000000170000000F0000001300000000
:1064500019000000007C22101A071B01007C241088
:10646000290000000120002001200034007C003CB5
:1064700051030000007C004041000000007C00440B
:1064800041000000007C0048410000000120006441
:10649000012000680120001C0120002401200028A8
:1064A0000120002C0120003001200038E47F002072
:1064B0006400000000000000E47F0034640000007D
:1064C00000000000007C051000000000007C0A10A5
:1064D0000000000083010C1000000000000000001C
:1064E00000000000000000000000000000000000AC
:1064F000000000000000000000000000000000009C
:106500000000000000000000007C221000000000DD
:10651000007C241000000000007C0020020000002D
:10652000240400206400000000000000007C002023
:1065300000000040C47B0020640000000000000058
:1065400061008000007C003402000000240400345C
:106550006400000000000000007C003400000040E7
:10656000C47B0034640000000000000001018000D2
:10657000007C003C020000002404003C6400000099
:1065800000000000007C003C00000040C47B003C98
:10659000640000000000000041018000007C004019
:1065A000020000002404004064000000000000001D
:1065B000007C004000000040C47B004064000000FC
:1065C0000000000061018000007C00440200000027
:1065D000240400446400000000000000007C00442B
:1065E00000000040C47B0044640000000000000084
:1065F00081018000007C0048020000002404004863
:106600006400000000000000007C00480000004022
:10661000C47B00486400000000000000A10180006D
:10662000007C006402000008240400646400000090
:1066300000000000007C006400000048C47B00648F
:10664000640000000000000081028000007C0068FF
:10665000020000082404006864000000000000003C
:10666000007C006800000048C47B006864000000F3
:1066700000000000A1028000007C001C020000005D
:106680002404001C6400000000000000007C001CCA
:1066900000000040C47B001C6400000000000000FB
:1066A00041008000007C002402000000240400243B
:1066B0006400000000000000007C00240000004096
:1066C000C47B002464000000000000008100800002
:1066D000007C002802000000240400286400000060
:1066E00000000000007C002800000040C47B00285F
:1066F0006400000000000000A1008000007C002C6D
:10670000020000002404002C6400000000000000CF
:10671000007C002C00000040C47B002C64000000C2
:1067200000000000C1008000007C0030020000007A
:10673000240400306400000000000000007C0030F1
:1067400000000040C47B0030640000000000000036
:10675000E1008000007C00380200000024040038C2
:106760006400000000000000007C003800000040D1
:10677000C47B00386400000000000000210180009C
:106780000C000000000000006C6F67496E646578C3
:10679000203C204D41585F4C4F475F454E54524975
:1067A0004553005372632F7077725F74696D657320
:1067B00074616D702E63005B534C505F534F4C5DA2
:1067C000252E3330733A256C753A75733A44495621
:1067D000454E523D256C753A4D495343454E523D09
:1067E000256C753A4D454D454E523D256C753A41E7
:1067F000484231454E523D256C753A41484232453A
:106800004E523D256C753A41484233454E523D2526
:106810006C753A41484234454E523D256C753A41BB
:10682000484235454E523D256C753A415042314CF7
:10683000454E523D256C753A4150423148454E52C5
:106840003D256C753A41504232454E523D256C759E
:106850003A41504233454E523D256C753A415042C3
:10686000344C454E523D256C753A415042344845B2
:106870004E523D256C753A41504235454E523D25AC
:106880006C755B534C505F454F4C5D0A0025730D92
:106890000A007077725F74696D657374616D705F03
:1068A0006C6F6700726574203D3D2048414C5F4F1E
:1068B0004B005372632F73797374656D5F636C6FF4
:1068C000636B2E6300737973636C6B5F53797374BE
:1068D000656D436C6F636B436F6E6669675F4F7680
:1068E0006572647269766500737973636C6B5F4E71
:1068F000707552616D734F76657244726976654347
:106900006C6F636B4465696E697400737973636C53
:106910006B5F4E70754F7665724472697665506C28
:106920006C4465696E697400737973636C6B5F4E58
:10693000707552616D734F76657244726976654306
:106940006C6F636B436F6E66696700737973636C1A
:106950006B5F4E70754F7665724472697665436CF5
:106960006F636B436F6E6669670053544D333243F8
:106970007562655F46575F4E362F44726976657261
:10698000732F53544D33324E3678785F48414C5F05
:106990004472697665722F5372632F73746D33324C
:1069A0006E3678785F68616C5F636F727465782E9D
:1069B000630053544D3332437562655F46575F4EF3
:1069C000362F447269766572732F53544D33324EAD
:1069D0003678785F48414C5F4472697665722F5310
:1069E00072632F73746D33326E3678785F68616CC2
:1069F0005F64636D6970702E630053544D3332438E
:106A00007562655F46575F4E362F447269766572D0
:106A1000732F53544D33324E3678785F48414C5F74
:106A20004472697665722F5372632F73746D3332BB
:106A30006E3678785F68616C5F6770696F2E63008F
:106A400053544D3332437562655F46575F4E362F60
:106A5000447269766572732F53544D33324E3678D3
:106A6000785F48414C5F4472697665722F53726358
:106A70002F73746D33326E3678785F68616C5F693E
:106A800032632E630053544D3332437562655F4663
:106A9000575F4E362F447269766572732F53544D8B
:106AA00033324E3678785F48414C5F447269766580
:106AB000722F5372632F73746D33326E3678785F32
:106AC00068616C5F6932635F65782E630053544D73
:106AD0003332437562655F46575F4E362F447269A5
:106AE000766572732F53544D33324E3678785F4843
:106AF000414C5F4472697665722F5372632F7374D1
:106B00006D33326E3678785F68616C5F7269662EBD
:106B1000630053544D3332437562655F46575F4E91
:106B2000362F447269766572732F53544D33324E4B
:106B30003678785F48414C5F4472697665722F53AE
:106B400072632F73746D33326E3678785F68616C60
:106B50005F72616D6366672E630053544D33324339
:106B60007562655F46575F4E362F4472697665726F
:106B7000732F53544D33324E3678785F48414C5F13
:106B80004472697665722F5372632F73746D33325A
:106B90006E3678785F68616C5F74696D2E63005340
:106BA000544D3332437562655F46575F4E362F440E
:106BB0007269766572732F53544D33324E3678783E
:106BC0005F48414C5F4472697665722F5372632F40
:106BD00073746D33326E3678785F68616C5F746998
:106BE0006D5F65782E630053544D33324375626593
:106BF0005F46575F4E362F447269766572732F5326
:106C0000544D33324E3678785F48414C5F44726958
:106C10007665722F5372632F73746D33326E3678CC
:106C2000785F68616C5F63616368656178692E6332
:106C30000053544D3332437562655F46575F4E369D
:106C40002F447269766572732F53544D33324E362A
:106C500078785F48414C5F4472697665722F537251
:106C6000632F73746D33326E3678785F68616C5F52
:106C70007077722E630053544D3332437562655FF3
:106C800046575F4E362F447269766572732F5354A0
:106C90004D33324E3678785F48414C5F44726976A6
:106CA00065722F5372632F73746D33326E3678783A
:106CB0005F68616C5F7077725F65782E6300535414
:106CC0004D3332437562655F46575F4E362F4472CF
:106CD00069766572732F53544D33324E3678785F30
:106CE00048414C5F4472697665722F5372632F730B
:106CF000746D33326E3678785F68616C5F7263638F
:106D00002E630053544D3332437562655F46575FBF
:106D10004E362F447269766572732F53544D333259
:106D20004E3678785F48414C5F4472697665722FC1
:106D30005372632F73746D33326E3678785F686187
:106D40006C5F7263635F65782E630053544D33321A
:106D5000437562655F46575F4E362F4472697665AC
:106D600072732F53544D33324E3678785F48414C0E
:106D70005F4472697665722F5372632F73746D333B
:106D8000326E3678785F68616C5F756172742E63FD
:106D90000000010002000400060008000A000C00C8
:106DA0001000200040008000000153544D33324356
:106DB0007562655F46575F4E362F4472697665721D
:106DC000732F53544D33324E3678785F48414C5FC1
:106DD0004472697665722F5372632F73746D333208
:106DE0006E3678785F68616C5F787370692E6300C7
:106DF00053544D3332437562655F46575F4E362FAD
:106E0000447269766572732F53544D33324E36781F
:106E1000785F48414C5F4472697665722F537263A4
:106E20002F73746D33326E3678785F68616C5F6291
:106E30007365632E63004C69622F43616D657261F7
:106E40005F4D6964646C65776172652F636D775F10
:106E50007574696C732E6300726174696F203E3DB6
:106E6000203100726174696F203C20363400434D3C
:106E7000575F5554494C535F6765745F6465635F42
:106E8000726174696F5F66726F6D5F646563696D6F
:106E9000616C5F726174696F00434D575F5554496F
:106EA0004C535F6765745F63726F705F636F6E668C
:106EB0006967000048310000803201009C32000008
:106EC000A032100002333200033300006C330100A3
:106ED00048311000803200009C320100A0321100C5
:106EE00002330000033300006C3300007430C8002C
:106EF000753000004E3000004F300000813002003D
:106F000083300200B6300000B730000016310800B0
:106F1000173100007430F80075300F004E3000005B
:106F20004F3001008130FE008330FE00B630FA00A1
:106F3000B730010016310200173100007430C8006C
:106F4000753000004E3001004F30000081300200EB
:106F500083300200B6300000B73000001631080060
:106F6000173100007430F80075300F004E3001000A
:106F70004F3001008130FE008330FE00B630FA0051
:106F8000B730010016310200173100003030940094
:106F90003130110030301A003130150030306000CF
:106FA00031301A0030302A00313023003030C00038
:106FB000313034000C300F000D300B004C31C60066
:106FC0004D3100005A3100006831A0006A317C0068
:106FD0000C302D000D301F004C3184004D3100006D
:106FE0005A31010068316B006A317D000C303B0082
:106FF0000D302A004C31C6004D3100005A310200DC
:107000006831A0006A317E000C3042000D302E0045
:107010004C31B0004D3100005A31020068318F0010
:107020006A317E000C30B6000D307F004C3180009C
:107030004D3100005A310300683168006A317F0029
:10704000503000009D3100001C34FF001D34010051
:10705000013A010000300100023000000C303B001A
:107060000D302A00183004002C303C002E30200057
:10707000563098007430C800763030004C30000034
:107080004C31C6005A3102006831A0006A317E00DE
:10709000A1310000883221008A3202001434050038
:1070A00016341800483601004A3604004C360400F5
:1070B000783601007C3631007E363100063710000C
:1070C0000837030014370200153702001637010095
:1070D000173703001C373D001D373F002C370000D9
:1070E0002D3700002E3746002F370000303789003B
:1070F0003137000032370800333701003437FE00E3
:1071000035370500403702005D3700005E3700006C
:107110005F3711006037010068371B0069371B00BB
:107120006A371B006B371B006C371A006D3717006E
:107130006E370F007637000077370000783746004B
:10714000793700007A3789007B3700007C370800E8
:107150007D3701007E3723007F3702008037D9005A
:10716000813703008237F500833706008437A50096
:1071700088370F008A37D9008B3703008C37EB0034
:107180008D3705008E3787008F3706009037F50062
:107190009237430094377A009637A100B037360013
:1071A000003A0100494D583333350000000000001B
:1071B00000000000000000000100020404060000BE
:1071C00000000000000000000000000000000000BF
:1071D00000000000000000000000000000000000AF
:1071E000000000000000000088020000E60100002E
:1071F00010050000CC0300000000000000000000AB
:10720000000000000000000000000000000000007E
:10721000010C0C0C01000000000000000000000048
:10722000014A7564676549492D410000000000006E
:10723000000000000000000000000000000000004E
:10724000004A7564676549492D544C383400000084
:10725000000000000000000000000000000000002E
:10726000004A7564676549492D4441590000000092
:10727000000000000000000000000000000000000E
:10728000004672656520536C6F74000000000000BA
:1072900000000000000000000000000000000000EE
:1072A000004672656520536C6F740000000000009A
:1072B00000000000000000000000000000000000CE
:1072C00000000000FA0A0000AF0F0000FA190000E9
:1072D000000000000000000040742A088019D90A4C
:1072E00000258B0E000000000000000000E1F50505
:1072F00000E1F50500E1F5050000000000000000D8
:10730000C0451B1100DDA20CC00186080000000072
:107310000000000080BE8509E0C46AFF903605FDCC
:10732000704449FD207E390A804573FE60A5CDFF7B
:10733000C0B36FF9F0AEB80C30AAD009F005C0FEAA
:10734000E03065FD30C4F0FCB049A60A21D35EFEF2
:10735000F06A41FFF0FB20FD30A193091084F90889
:10736000403B2500B021D7FC9015C6FD008B8C0B4F
:107370006019A3FCA0A056FF3077E2FD30C9BC081D
:1073800000000000000000000000000000000000FD
:1073900000000000000000000000000000000000ED
:1073A00000000000000000000000000000000000DD
:1073B00000000000000000000000000000000000CD
:1073C00000000000000000000000000000000000BD
:1073D00000000000000000000000000000000000AD
:1073E000000000000000000000000000000000009D
:1073F000000000000000000000000000000000008D
:1074000001030000726574203D3D20434D575F45E8
:1074100052524F525F4E4F4E45005372632F617070
:10742000705F63616D2E630043414D5F497370551A
:1074300070646174650043414D5F4E4E50697065E4
:107440005F53746172740043414D5F4465496E69D6
:10745000740044434D4950505F50697065496E69EE
:10746000744E6E0044434D4950505F5069706549F9
:107470006E6974446973706C61790043414D5F4972
:107480006E6974005741524E494E473A20556E6B13
:107490006E6F776E20414520616C676F2073746159
:1074A00074650D005741524E494E473A20556E6B58
:1074B0006E6F776E2041574220616C676F20737446
:1074C0006174650D00494E464F3A20476574536517
:1074D0006E736F72496E666F2068656C706572209E
:1074E00066756E6374696F6E206973206E6F7420A9
:1074F000696D706C656D656E7465640D00494E460E
:107500004F3A2053657453656E736F724761696EAD
:107510002068656C7065722066756E6374696F6E45
:10752000206973206E6F7420696D706C656D656E77
:107530007465640D00494E464F3A204765745365A3
:107540006E736F724761696E2068656C706572203A
:1075500066756E6374696F6E206973206E6F742038
:10756000696D706C656D656E7465640D00494E469D
:107570004F3A2053657453656E736F724578706F20
:10758000737572652068656C7065722066756E63D0
:1075900074696F6E206973206E6F7420696D706CF2
:1075A000656D656E7465640D00494E464F3A20471F
:1075B000657453656E736F724578706F737572651D
:1075C0002068656C7065722066756E6374696F6E95
:1075D000206973206E6F7420696D706C656D656EC7
:1075E0007465640D004552524F523A204E6F207020
:1075F0006F737369626C6520646563696D6174693A
:107600006F6E20666163746F7220746F2074617294
:10761000676574204953502052415720776964743C
:107620006820636F6E73747261696E740D004552E9
:10763000524F523A204953502068616E646C652065
:107640006973204E554C4C0D004552524F523A2012
:1076500063616E2774207365742053746174697359
:107660007469632045787472616374696F6E206316
:107670006F6E6669670D004552524F523A20636142
:107680006E277420656E61626C6520537461746945
:10769000737469632045787472616374696F6E20D6
:1076A000636F6E6669670D00800000007000000067
:1076B0000C000000800000007000000008000000C6
:1076C0008000000070000000040000008000000046
:1076D000700000000000000080000000300000008A
:1076E0000C000000800000003000000008000000D6
:1076F0008000000030000000040000008000000056
:1077000030000000000000004E6F6E65004C6962A2
:107710002F41495F52756E74696D652F4E70752FDC
:107720006C6C5F61746F6E2F6C6C5F61746F6E2E2A
:1077300063005B4552524F525D202825733A256401
:107740003A206572726E6F3A2025732920257320C6
:10775000756E697420766572206D69736D617463EE
:10776000683A2052544C3A743D256C752C766572FB
:107770003D256C752E256C75202041544F4E2E688A
:107780003A743D256C752C7665723D256C752E25F9
:107790006C750A0D0A00535452454E4700434F4E34
:1077A0005641434300504F4F4C004152495448000A
:1077B000414354495600444543554E0045504F43BC
:1077C000484354524C0052454342554600434C4BAB
:1077D0004354524C00494E544354524C005354525B
:1077E000535749544348004255534946004C4C5F57
:1077F00041544F4E5F496E69740063757272656ED5
:10780000745F6F776E6572203D3D205F5F6C6C5FCB
:1078100063757272656E745F61746F6E5F69705FBD
:107820006F776E6572004C69622F41495F52756EC9
:1078300074696D652F4E70752F6C6C5F61746F6E1F
:107840002F6C6C5F61746F6E5F72756E74696D65BD
:107850002E68005F5F6C6C5F63757272656E745F3B
:10786000776169745F6D61736B203D3D2030005F0F
:107870005F6C6C5F63757272656E745F61746F6E5E
:107880005F69705F6F776E657220213D20282876D2
:107890006F6964202A2930290045706F6368426C43
:1078A0006F636B5F497345706F6368426C6F6228EA
:1078B000656229004C69622F41495F52756E746997
:1078C0006D652F4E70752F6C6C5F61746F6E2F6CD1
:1078D0006C5F61746F6E5F4E4E5F696E7465726649
:1078E0006163652E680065634964203C2031004C6B
:1078F00069622F41495F52756E74696D652F4E70D4
:10790000752F6C6C5F61746F6E2F6C6C5F61746F40
:107910006E5F72756E74696D652E63006E6E5F6961
:107920006E7374616E6365203D3D205F5F6C6C5FBC
:1079300063757272656E745F61746F6E5F69705F9C
:107940006F776E65720045706F6368426C6F636B32
:107950005F497345706F6368496E7465726E616CE0
:1079600028656229207C7C2045706F6368426C6FBB
:10797000636B5F497345706F6368487962726964CD
:1079800028656229207C7C20285F5F6C6C5F6375B2
:107990007272656E745F61746F6E5F69705F6F772E
:1079A0006E657220213D206E6E5F696E7374616E2C
:1079B000636529006E6E5F696E7374616E63652026
:1079C000213D202828766F6964202A293029006EFD
:1079D0006E5F696E7374616E63652D3E6578656375
:1079E0005F73746174652E7472696767657265642C
:1079F0005F6576656E7473203D3D20307830006E93
:107A00006E5F696E7374616E63652D3E6578656344
:107A10005F73746174652E73617665645F637572FC
:107A200072656E745F65706F63685F626C6F636BC5
:107A3000203D3D202828766F6964202A29302900BE
:107A400053747265616D696E6720656E67696E65F6
:107A50002023256C75206572726F7220696E7465C3
:107A600072727570743A203078256C780A005374FD
:107A70007265616D696E6720656E67696E6520630A
:107A80006F6D706C6574696F6E20696E746572726B
:107A900075707400436F6E766F6C7574696F6E618C
:107AA0006C20616363656C657261746F7220696ECE
:107AB00074657272757074005265636F6E66696783
:107AC000757261626C652062756666657220696EAA
:107AD000746572727570740042757320696E746596
:107AE000726661636520696E746572727570740088
:107AF0004255534946256C64204552523A2030780D
:107B0000256C780A0053747265616D20737769740F
:107B1000636820696E746572727570740045706F69
:107B2000636820436F6E74726F6C6C65722045528F
:107B3000524F5220696E746572727570743A2045A6
:107B4000435F495251203D2030782530386C780A07
:107B50000045706F636820436F6E74726F6C6C6564
:107B600072206F70636F646520636F756E746572E9
:107B70003A2030782530386C780A0045706F636899
:107B800020436F6E74726F6C6C6572206C616265FD
:107B90006C3A2030782530386C780A0045706F6375
:107BA0006820436F6E74726F6C6C6572204E4F412B
:107BB000434B20696E746572727570740045706F06
:107BC000636820436F6E74726F6C6C657220696EAF
:107BD000746572727570740041544F4E5F53544413
:107BE0005F49525148616E646C6572282940256472
:107BF0003A20697271733D3078256C6C780A006E9A
:107C00006E5F696E7374616E63652D3E6E65747729
:107C10006F726B2D3E65635F6E6574776F726B5F1D
:107C2000696E697420213D202828766F6964202AB6
:107C300029302900726574203D3D2031006E6E5F51
:107C4000696E7374616E63652D3E657865635F73FD
:107C5000746174652E63757272656E745F65706FA2
:107C600063685F626C6F636B20213D202828766F0C
:107C70006964202A29302900286E6E5F696E73744A
:107C8000616E63652D3E6E6574776F726B20213D6A
:107C9000202828766F6964202A2930292920262661
:107CA00020286E6E5F696E7374616E63652D3E6E23
:107CB0006574776F726B2D3E65635F696E66657282
:107CC000656E63655F696E697420213D20282876A2
:107CD0006F6964202A29302929005F5F6C6C5F631B
:107CE000757272656E745F61746F6E5F69705F6FDD
:107CF000776E6572203D3D206E6E5F696E737461B4
:107D00006E636500756E6C6F636B203F2045706F0E
:107D10006368426C6F636B5F49734C617374457049
:107D20006F6368426C6F636B286E6E5F696E73740D
:107D3000616E63652D3E657865635F73746174651C
:107D40002E63757272656E745F65706F63685F62D3
:107D50006C6F636B29203A2045706F6368426C6FCB
:107D6000636B5F497345706F6368496E7465726ECB
:107D7000616C286E6E5F696E7374616E63652D3E13
:107D8000657865635F73746174652E63757272657F
:107D90006E745F65706F63685F626C6F636B290000
:107DA00045706F6368426C6F636B5F497345706FBA
:107DB0006368487962726964286E6E5F696E737475
:107DC000616E63652D3E657865635F73746174658C
:107DD0002E73617665645F63757272656E745F653C
:107DE000706F63685F626C6F636B29006E6E5F69B2
:107DF0006E7374616E63652D3E657865635F737441
:107E00006174652E6E6578745F65706F63685F621C
:107E10006C6F636B203D3D202828766F6964202AB3
:107E2000293029006E65775F6F776E657220213D7E
:107E3000205F5F6C6C5F63757272656E745F6174F6
:107E40006F6E5F69705F6F776E6572005F5F6C6CFD
:107E50005F63757272656E745F61746F6E5F697077
:107E60005F6F776E6572203D3D202828766F6964CC
:107E7000202A293029005F5F6C6C5F637572726520
:107E80006E745F61746F6E5F69705F6F776E65723D
:107E90002D3E657865635F73746174652E637572DA
:107EA00072656E745F65706F63685F626C6F636B41
:107EB00020213D202828766F6964202A2930290056
:107EC0005F5F4C4C5F41544F4E5F52545F4972713B
:107ED00045706F6368426C6F62005F5F4C4C5F413E
:107EE000544F4E5F52545F497271457272004E504A
:107EF00055305F49525148616E646C6572005F5F36
:107F00004C4C5F41544F4E5F52545F4465746572F0
:107F10006D696E654E65787445706F6368426C6F0D
:107F2000636B005F5F4C4C5F41544F4E5F52545F38
:107F300045786563456E6445706F6368426C6F6336
:107F40006B0045706F6368426C6F636B5F45706F69
:107F50006368436F6E74726F6C6C6572556E697492
:107F6000005F5F4C4C5F41544F4E5F52545F53650E
:107F700074576169744D61736B005F5F6C6C5F7304
:107F800065745F61746F6E5F6F776E6572005F5FBF
:107F90004C4C5F41544F4E5F52545F537461727446
:107FA0005F41746F4E4E5F45706F6368005F5F4C5A
:107FB0004C5F41544F4E5F52545F45786563537434
:107FC00061727445706F6368426C6F636B005F5FD2
:107FD0004C4C5F41544F4E5F52545F526574467231
:107FE0006F6D4C696245706F6368426C6F636B4183
:107FF00072726179004C4C5F41544F4E5F52545F36
:1080000052756E45706F6368426C6F636B005F5FA3
:108010006C6C5F636C6561725F61746F6E5F6F77CC
:108020006E6572004C4C5F41544F4E5F52545F4935
:108030006E69745F4E6574776F726B004572726F14
:10804000723A2045706F636820436F6E74726F6C74
:108050006C65722062696E61727920697320696E45
:1080600076616C6964004572726F723A20426C6F7F
:10807000622073656374696F6E206F6666736574E2
:1080800020696E20626C6F622062696E6172792075
:10809000697320696E76616C6964004572726F72F3
:1080A0003A20496E76616C6964206D61676963206E
:1080B0006E756D626572206F662045706F63682013
:1080C000436F6E74726F6C6C657220626C6F6200CD
:1080D0004572726F723A204D656D6F727920616CD6
:1080E0006C6F636174656420666F722074686520CC
:1080F00045706F636820436F6E74726F6C6C65724D
:1081000020626C6F62206D75737420626520382D5B
:108110006279746520616C69676E6564004572728E
:108120006F723A2053697A65206F66206D656D6FB6
:10813000727920616C6C6F636174656420666F7224
:10814000207468652045706F636820436F6E747299
:108150006F6C6C657220626C6F6220686173206E58
:108160006F74206265656E2073706563696669650A
:1081700064004572726F723A204D656D6F7279209E
:10818000616C6C6F636174656420666F72207468E3
:10819000652045706F636820436F6E74726F6C6CFE
:1081A000657220626C6F62206973206E6F74207339
:1081B000756666696369656E7420286174206C65F4
:1081C00061737420737061636520666F7220256C23
:1081D000752033322D62697420776F726473206D5D
:1081E00075737420626520616C6C6F636174656483
:1081F0002C20627574206F6E6C79202575203332C7
:108200002D62697420776F726473207765726520C0
:10821000616C6C6F6361746564290A004572726FEA
:10822000723A2043616E6E6F742072656C6F636189
:10823000746520626563617573652074686520707C
:108240006F696E74657220746F2074686520457064
:108250006F636820436F6E74726F6C6C657220720E
:10826000656C6F636174696F6E207461626C652008
:10827000697320696E76616C6964004572726F7211
:108280003A204F666673657420256C7520696E20F0
:1082900045706F636820436F6E74726F6C6C6572AB
:1082A0002062696E61727920697320696E76616CF3
:1082B00069640A002C2066756E6374696F6E3A20DB
:1082C00000617373657274696F6E202225732220BA
:1082D0006661696C65643A2066696C652022257365
:1082E000222C206C696E65202564257325730A0095
:1082F000494E4600696E66004E414E006E616E004A
:1083000030313233343536373839414243444546CB
:108310000030313233343536373839616263646561
:10832000660053756363657373004E6F74206F77D7
:108330006E6572004E6F20737563682066696C65A8
:10834000206F72206469726563746F7279004E6F7A
:1083500020737563682070726F6365737300496E74
:108360007465727275707465642073797374656D69
:108370002063616C6C00492F4F206572726F720030
:108380004E6F207375636820646576696365206F3E
:1083900072206164647265737300417267206C6956
:1083A000737420746F6F206C6F6E6700457865631F
:1083B00020666F726D6174206572726F7200536F08
:1083C000636B657420616C726561647920636F6EA4
:1083D0006E6563746564004261642066696C652043
:1083E0006E756D626572004E6F206368696C6472B1
:1083F000656E0044657374696E6174696F6E2061A7
:108400006464726573732072657175697265640066
:108410004E6F206D6F72652070726F636573736548
:1084200073004E6F7420656E6F756768207370619E
:108430006365005065726D697373696F6E20646562
:108440006E6965640042616420616464726573737F
:1084500000446576696365206F72207265736F757D
:1084600072636520627573790046696C6520657872
:10847000697374730043726F73732D6465766963F7
:1084800065206C696E6B004E6F20737563682064A5
:108490006576696365004E6F74206120646972655A
:1084A00063746F727900486F737420697320646F0E
:1084B000776E00436F6E6E656374696F6E20616CDA
:1084C000726561647920696E2070726F677265737E
:1084D000730049732061206469726563746F7279F7
:1084E00000496E76616C696420617267756D656EB6
:1084F00074004E6574776F726B20696E7465726676
:10850000616365206973206E6F7420636F6E6669A6
:10851000677572656400436F6E6E656374696F6E34
:108520002061626F72746564206279206E65747771
:108530006F726B00546F6F206D616E79206F706584
:108540006E2066696C657320696E2073797374653B
:108550006D0046696C652064657363726970746F41
:10856000722076616C756520746F6F206C61726724
:1085700065004E6F74206120636861726163746589
:108580007220646576696365005465787420666955
:108590006C6520627573790046696C6520746F6F35
:1085A000206C6172676500486F7374206973207571
:1085B0006E726561636861626C65004E6F207370F6
:1085C000616365206C656674206F6E2064657669F2
:1085D0006365004E6F7420737570706F727465649C
:1085E00000496C6C6567616C207365656B00526552
:1085F00061642D6F6E6C792066696C652073797388
:1086000074656D00546F6F206D616E79206C696EBA
:108610006B730042726F6B656E2070697065004D00
:10862000617468656D617469637320617267756DEB
:10863000656E74206F7574206F6620646F6D61695C
:108640006E206F662066756E6374696F6E0052658A
:1086500073756C7420746F6F206C61726765004E67
:108660006F206D657373616765206F662064657345
:10867000697265642074797065004964656E746917
:10868000666965722072656D6F76656400496C6C11
:108690006567616C20627974652073657175656EBC
:1086A000636500446561646C6F636B004E6574774D
:1086B0006F726B20697320756E72656163686162A9
:1086C0006C65004E6F206C6F636B004E6F742061A1
:1086D0002073747265616D0053747265616D2069F9
:1086E0006F63746C2074696D656F7574004E6F20D4
:1086F00073747265616D207265736F7572636573F3
:10870000005669727475616C20636972637569746F
:1087100020697320676F6E650050726F746F636FAE
:108720006C206572726F7200556E6B6E6F776E2083
:1087300070726F746F636F6C004D756C7469686FE5
:108740007020617474656D707465640042616420AA
:108750006D6573736167650046756E6374696F6EEE
:10876000206E6F7420696D706C656D656E746564E4
:10877000004469726563746F7279206E6F7420654E
:108780006D7074790046696C65206F722070617439
:1087900068206E616D6520746F6F206C6F6E67006E
:1087A000546F6F206D616E792073796D626F6C69A3
:1087B00063206C696E6B73004E6F20627566666530
:1087C0007220737061636520617661696C61626CAF
:1087D00065004E6F2064617461004164647265736A
:1087E000732066616D696C79206E6F74207375708B
:1087F000706F727465642062792070726F746F6339
:108800006F6C2066616D696C790050726F746F6374
:108810006F6C2077726F6E67207479706520666F59
:108820007220736F636B657400536F636B657420A4
:108830006F7065726174696F6E206F6E206E6F6EFF
:108840002D736F636B65740050726F746F636F6C20
:10885000206E6F7420617661696C61626C650043A3
:108860006F6E6E656374696F6E2072656675736591
:108870006400436F6E6E656374696F6E207265731A
:108880006574206279207065657200416464726568
:10889000737320616C726561647920696E207573F1
:1088A000650041646472657373206E6F7420617635
:1088B00061696C61626C6500536F667477617265A3
:1088C0002063617573656420636F6E6E65637469A0
:1088D0006F6E2061626F727400536F636B657420FA
:1088E0006973206E6F7420636F6E6E656374656468
:1088F00000536F636B657420697320616C726561EE
:10890000647920636F6E6E6563746564004F706593
:10891000726174696F6E2063616E63656C6564007B
:108920005374617465206E6F74207265636F766531
:108930007261626C650050726576696F7573206F45
:10894000776E65722064696564004F70657261744A
:10895000696F6E206E6F7420737570706F727465BE
:1089600064206F6E20736F636B65740056616C7565
:108970006520746F6F206C6172676520666F72206E
:10898000646566696E6564206461746120747970E1
:1089900065004D65737361676520746F6F206C6F40
:1089A0006E6700436F6E6E656374696F6E207469E5
:1089B0006D6564206F757400496E66696E697479BF
:1089C000004E614E005245454E54206D616C6C6FF7
:1089D0006320737563636565646564002F62756900
:1089E0006C642F676E752D746F6F6C732D666F726C
:1089F0002D73746D33325F31322E332E72656C31CC
:108A00002E32303234303932362D313731352F7302
:108A100072632F6E65776C69622F6E65776C696221
:108A20002F6C6962632F7374646C69622F64746F56
:108A3000612E630042616C6C6F63207375636365C4
:108A400065646564002F6275696C642F676E752DAF
:108A5000746F6F6C732D666F722D73746D33325F2C
:108A600031322E332E72656C312E32303234303941
:108A700032362D313731352F7372632F6E65776C37
:108A800069622F6E65776C69622F6C6962632F7300
:108A900074646C69622F6D707265632E63000000F0
:108AA00005000000190000007D000000000000002B
:108AB0000080E03779C34143176E05B5B5B89346DA
:108AC000F5F93FE9034F384D321D30F94877825AA6
:108AD0003CBF737FDD4F1575000000000000F03FC4
:108AE0000000000000002440000000000000594089
:108AF0000000000000408F40000000000088C340DC
:108B000000000000006AF8400000000080842E4150
:108B100000000000D01263410000000084D797419C
:108B20000000000065CDCD41000000205FA00242A2
:108B3000000000E876483742000000A2941A6D4217
:108B4000000040E59C30A2420000901EC4BCD6420A
:108B500000003426F56B0C430080E03779C34143B5
:108B600000A0D8855734764300C84E676DC1AB432B
:108B7000003D9160E458E143408CB5781DAF154449
:108B800050EFE2D6E41A4B4492D54D06CFF0804424
:108B9000F64AE1C7022DB544B49DD9794378EA4439
:108BA000232D302B2000686C4C00656667454647D6
:108BB00000504F534958002E000020202020202034
:108BC000202020282828282820202020202020207D
:108BD000202020202020202020208810101010107D
:108BE00010101010101010101010040404040404CD
:108BF00004040404101010101010104141414141B0
:108C00004101010101010101010101010101010114
:108C100001010101011010101010104242424242A5
:108C200042020202020202020202020202020202E4
:108C300002020202021010101020000000000000CA
:108C40000000000000000000000000000000000024
:108C50000000000000000000000000000000000014
:108C60000000000000000000000000000000000004
:108C700000000000000000000000000000000000F4
:108C800000000000000000000000000000000000E4
:108C900000000000000000000000000000000000D4
:108CA00000000000000000000000000000000000C4
:108CB00000000000000000000000000000000000B4
:108CC000FE822B6547156740000000000000384316
:108CD0000000FAFE422E76BF3A3B9EBC9AF70CBDCE
:108CE000BDFDFFFFFFFFDF3F3C5455555555C53FC8
:108CF000912B17CF5555A53F17D0A4671111813F70
:108D0000000000000000C842EF39FAFE422EE63FA4
:108D100024C482FFBDBFCE3FB5F40CD7086BAC3F77
:108D2000CC5046D2ABB2833F843A4E9BE0D7553FFE
:108D30000000000000000000000000000000F03F04
:108D40006EBF881A4F3B9B3C3533FBA93DF6EF3F86
:108D50005DDCD89C136071BC6180773E9AECEF3F7C
:108D6000D16687107A5E90BC857F6EE815E3EF3F91
:108D700013F6673552D28C3C748515D3B0D9EF3FCA
:108D8000FA8EF92380CE8BBCDEF6DD296BD0EF3F67
:108D900061C8E6614EF7603CC89B751845C7EF3F58
:108DA00099D3335BE4A3903C83F3C6CA3EBEEF3F46
:108DB0006D7B835DA69A973C0F89F96C58B5EF3FA0
:108DC000FCEFFD921AB58E3CF747722B92ACEF3F49
:108DD000D19C2F703DBE3E3CA2D1D332ECA3EF3FDD
:108DE0000B6E908934036ABC1BD3FEAF669BEF3FCA
:108DF0000EBD2F2A525695BC515B12D00193EF3F06
:108E000055EA4E8CEF8050BCCC316CC0BD8AEF3F30
:108E100016F4D5B923C991BCE02DA9AE9A82EF3FD3
:108E2000AF555CE9E3D3803C518EA5C8987AEF3FFB
:108E30004893A5EA151B80BC7B517D3CB872EF3F7F
:108E40003D32DE55F01F8FBCEA8D8C38F96AEF3F5A
:108E5000BF53133F8C898B3C75CB6FEB5B63EF3F4C
:108E600026EB11769CD996BCD45C0484E05BEF3F82
:108E7000602F3A3EF7EC9A3CAAB968318754EF3F2D
:108E80009D3886CB82E78FBC1DD9FC22504DEF3F29
:108E90008DC3A644416F8A3CD68C62883B46EF3F27
:108EA0007D04E4B0057A803C96DC7D91493FEF3F3C
:108EB00094A8A8E3FD8E963C3862756E7A38EF3F31
:108EC0007D4874F2185E873C3FA6B24FCE31EF3F2B
:108ED000F2E71F982B47803CDD7CE265452BEF3F96
:108EE0005E08713F7BB896BC8163F5E1DF24EF3FFC
:108EF00031AB096DE1F7823CE1DE1FF59D1EEF3FCE
:108F0000FABF6F1A9B213DBC90D9DAD07F18EF3F92
:108F1000B40A0C7282378B3C0B03E4A68512EF3F38
:108F20008FCBCE8992146E3C562F3EA9AF0CEF3FEB
:108F3000B6ABB04D754D833C15B7310AFE06EF3F19
:108F40004C74ACE20142863C31D84CFC7001EF3FDE
:108F50004AF8D35D39DD8F3CFF1664B208FCEE3F62
:108F6000045B8E3B80A386BCF19F925FC5F6EE3F0B
:108F700068504BCCED4A92BCCBA93A37A7F1EE3FF3
:108F80008E2D511BF80799BC66D8056DAEECEE3FEF
:108F9000D236943EE8D171BCF79FE534DBE7EE3F73
:108FA000151BCEB3191999BCE5A813C32DE3EE3FE9
:108FB0006D4C2AA7489F853C2234124CA6DEEE3F1A
:108FC0008A69287A601293BC1C80AC0445DAEE3FB3
:108FD0005B8917488FA758BC2A2EF7210AD6EE3F87
:108FE0001B9A49679B2C7CBC97A850D9F5D1EE3FC2
:108FF00011ACC260ED63433C2D89616008CEEE3F49
:10900000EF64063B0966963C57001DED41CAEE3FF2
:109010007903A1DAE1CC6E3CD03CC1B5A2C6EE3FEB
:1090200030120F3F8EFF933CDED3D7F02AC3EE3FC2
:10903000B0AF7ABBCE90763C272A36D5DABFEE3F6A
:1090400077E054EBBD1D933C0DDDFD99B2BCEE3FC6
:109050008EA3710034948FBCA72C9D76B2B9EE3FDD
:1090600049A393DCCCDE87BC4266CFA2DAB6EE3FE2
:109070005F380FBDC6DE78BC824F9D562BB4EE3FE5
:10908000F65C7BEC461286BC0F925DCAA4B1EE3F43
:109090008ED7FD180535933CDA27B53647AFEE3F3E
:1090A000059B8A2FB7987B3CFDC797D412ADEE3F46
:1090B00009541CE2E163903C295448DD07ABEE3FC4
:1090C000EAC6195085C7343CB746598A26A9EE3FEF
:1090D00035C0642BE632943C4821AD156FA7EE3FB6
:1090E0009F7699614AE48CBC09DC76B9E1A5EE3F34
:1090F000A84DEF3BC5338CBC85553AB07EA4EE3FFE
:10910000AEE92B89785384BC20C3CC3446A3EE3F10
:1091100058585678DDCE93BC2522558238A2EE3FB2
:1091200064197E80AA10573C73A94CD455A1EE3F18
:1091300028225EBFEFB393BCCD3B7F669EA0EE3F7F
:1091400082B93487AD126ABCBFDA0B7512A0EE3F4C
:10915000EEA96DB8EF6763BC2F1A653CB29FEE3F76
:109160005188E0543DDC80BC849451F97D9FEE3FF2
:10917000CF3E5A7E641F78BC745FECE8759FEE3F6B
:10918000B07D8BC04AEE86BC7481A5489A9FEE3FA5
:109190008AE6551E321986BCC9674256EB9FEE3FE0
:1091A000D3D4095ECB9C903C3F5DDE4F69A0EE3F7F
:1091B0001DA54DB9DC327BBC8701EB7314A1EE3FDA
:1091C0006BC06754FDEC943C32C13001EDA1EE3F21
:1091D000556CD6ABE1EB653C624ECF36F3A2EE3F69
:1091E00042CFB32FC5A188BC121A3E5427A4EE3F2C
:1091F00034373BF1B66993BC13CE4C9989A5EE3F49
:109200001EFF193A845E80BCADC723461AA7EE3F05
:109210006E5772D850D494BCED92449BD9A8EE3FBF
:10922000008A0E5B67AD903C99668AD9C7AAEE3F6B
:10923000B4EAF0C12FB78D3CDBA02A42E5ACEE3F8B
:10924000FFE7C59C60B665BC8C44B51632AFEE3FF7
:10925000445FF35983F67B3C36771599AEB1EE3F08
:10926000833D1EA71F0993BCC6FF910B5BB4EE3F65
:10927000291E6C8BB8A95DBCE5C5CDB037B7EE3FF4
:1092800059B9907CF9236CBC0F52C8CB44BAEE3F5D
:10929000AAF9F422434392BC504EDE9F82BDEE3FBA
:1092A0004B8E66D76CCA85BCBA07CA70F1C0EE3F58
:1092B00027CE912BFCAF713C90F0A38291C4EE3F7E
:1092C000BB730AE135D26D3C2323E31963C8EE3F3B
:1092D0006322622204C587BC65E55D7B66CCEE3FF8
:1092E000D531E2E3861C8B3C332D4AEC9BD0EE3F1C
:1092F00015BBBCD3D1BB91BC5D253EB203D5EE3FBF
:10930000D231EE9C31CC903C58B330139ED9EE3F15
:10931000B35A736E8469843CBFFD79556BDEEE3FB2
:10932000B49D8E97CDDF82BC7AF3D3BF6BE3EE3F63
:109330008733CB92771A8C3CADD35A999FE8EE3F96
:10934000FAD9D14A8F7B90BC66B68D2907EEEE3FE5
:10935000BAAEDC56D9C355BCFB154FB8A2F3EE3FED
:1093600040F6A63D0EA490BC3A59E58D72F9EE3F49
:109370003493AD38F4D668BC475EFBF276FFEE3F1F
:10938000358A586BE2EE91BC4A06A130B005EF3F3A
:10939000CDDD5F0AD7FF743CD2C14B901E0CEF3F6E
:1093A000AC9892FAFBBD91BC091ED75BC212EF3F8D
:1093B000B30CAF30AE6E733C9C5285DD9B19EF3F12
:1093C00094FD9F5C32E38E3C7AD0FF5FAB20EF3F91
:1093D000AC5909D18FE0843C4BD1572EF127EF3F98
:1093E000671A4E38AFCD633CB5E706946D2FEF3F5B
:1093F0006819926C2C6B673C6990EFDC2037EF3F6B
:10940000D2B5CC83188A80BCFAC35D550B3FEF3FC1
:109410006FFAFF3F5DAD8FBC7C89074A2D47EF3F58
:1094200049A97538AE0D90BCF2890D08874FEF3F02
:10943000A7073DA685A3743C87A4FBDC1858EF3F23
:109440000F2240209E9182BC9883C916E360EF3FB3
:10945000AC92C1D5505A8E3C8532DB03E669EF3FB2
:109460004B6B01AC593A843C60B401F32173EF3F7C
:109470001F3EB40721D582BC5F9B7B33977CEF3FB7
:10948000C90D473BB92A89BC29A1F5144686EF3F8F
:10949000D3883A6004B6743CF63F8BE72E90EF3FDA
:1094A00071729D51ECC5833C834CC7FB519AEF3FD1
:1094B000F091D38F12F78FBCDA90A4A2AFA4EF3F44
:1094C0007D7423E298AE8DBCF1678E2D48AFEF3FDF
:1094D0000820AA41BCC38E3C275A61EE1BBAEF3F5D
:1094E00032EBA9C3942B843C97BA6B372BC5EF3F63
:1094F000EE85D131A9648A3C40456E5B76D0EF3F62
:10950000EDE33BE4BA378EBC14BE9CADFDDBEF3F10
:109510009DCD914D3B89773CD8909E81C1E7EF3F2F
:1095200089CC6041C105533CF1718F2BC2F3EF3FF1
:109530000038FAFE422EE63F3067C79357F32E3DC0
:10954000000000000000E0BF605555555555E5BFCF
:10955000060000000000E03F4E5559999999E93FF7
:109560007AA429555555E5BFE945489B5B49F2BFAB
:10957000C33F268B2B00F03F0000000000A0F63F09
:10958000000000000000000000C8B9F2822CD6BF25
:109590008056372824B4FA3C000000000080F63FD3
:1095A0000000000000000000000858BFBDD1D5BF7A
:1095B00020F7E0D808A51CBD000000000060F63FC1
:1095C0000000000000000000005845177776D5BF66
:1095D0006D50B6D5A46223BD000000000040F63FE8
:1095E000000000000000000000F82D87AD1AD5BF74
:1095F000D567B09EE484E6BC000000000020F63F82
:109600000000000000000000007877955FBED4BF26
:10961000E03E2993691B04BD000000000000F63FF6
:10962000000000000000000000601CC28B61D4BF7D
:10963000CC844C482FD8133D0000000000E0F53FDB
:10964000000000000000000000A886863004D4BF9F
:109650003A0B82EDF342DC3C0000000000C0F53F15
:109660000000000000000000004869554CA6D3BF70
:1096700060945186C6B1203D0000000000A0F53F77
:1096800000000000000000000080989ADD47D3BF72
:109690009280C5D44D59253D000000000080F53F63
:1096A00000000000000000000020E1BAE2E8D2BFA4
:1096B000D82BB7991E7B263D000000000060F53FC7
:1096C00000000000000000000088DE135A89D2BFAD
:1096D0003FB0CFB614CA153D000000000060F53F52
:1096E00000000000000000000088DE135A89D2BF8D
:1096F0003FB0CFB614CA153D000000000040F53F52
:1097000000000000000000000078CFFB4129D2BF1C
:1097100076DA5328245A16BD000000000020F53FD9
:109720000000000000000000009869C198C8D1BF87
:109730000454E768BCAF1FBD000000000000F53F07
:10974000000000000000000000A8ABAB5C67D1BFC8
:10975000F0A88233C61F1F3D0000000000E0F43F68
:1097600000000000000000000048AEF98B05D1BFEA
:10977000665A05FDC4A826BD0000000000C0F43FE5
:109780000000000000000000009073E224A3D0BF9E
:109790000E03F47EEE6B0CBD0000000000A0F43F51
:1097A000000000000000000000D0B4942540D0BFAD
:1097B0007F2DF49EB836F0BC0000000000A0F43FFE
:1097C000000000000000000000D0B4942540D0BF8D
:1097D0007F2DF49EB836F0BC000000000080F43FFE
:1097E000000000000000000000405E6D18B9CFBF0F
:1097F000873C99AB2A570D3D000000000060F43F04
:1098000000000000000000000060DCCBADF0CEBF27
:1098100024AF869CB7262B3D000000000040F43F9B
:10982000000000000000000000F02A6E0727CEBFF5
:1098300010FF3F544F2F17BD000000000020F43FE1
:10984000000000000000000000C04F6B215CCDBF95
:109850001B68CABB91BA213D000000000000F43F24
:10986000000000000000000000A09AC7F78FCCBFE6
:1098700034849F684F79273D000000000000F43FCA
:10988000000000000000000000A09AC7F78FCCBFC6
:1098900034849F684F79273D0000000000E0F33FCB
:1098A000000000000000000000902D7486C2CBBFB5
:1098B0008FB78B31B04E193D0000000000C0F33F60
:1098C000000000000000000000C0804EC9F3CABFC5
:1098D0006690CD3F634EBA3C0000000000A0F33F0D
:1098E000000000000000000000B0E21FBC23CABF5F
:1098F000EAC146DC648C25BD0000000000A0F33FF7
:10990000000000000000000000B0E21FBC23CABF3E
:10991000EAC146DC648C25BD000000000080F33FF6
:1099200000000000000000000050F49C5A52C9BF23
:10993000E3D4C104D9D12ABD000000000060F33F88
:10994000000000000000000000D02065A07FC8BF1C
:1099500009FADB7FBFBD2B3D000000000040F33F54
:10996000000000000000000000E0100289ABC7BF4B
:10997000584A537290DB2B3D000000000040F33F3B
:10998000000000000000000000E0100289ABC7BF2B
:10999000584A537290DB2B3D000000000020F33F3B
:1099A000000000000000000000D019E70FD6C6BF7D
:1099B00066E2B2A36AE410BD000000000000F33FBD
:1099C00000000000000000000090A77030FFC5BF3D
:1099D0003950109F439E1EBD000000000000F33F61
:1099E00000000000000000000090A77030FFC5BF1D
:1099F0003950109F439E1EBD0000000000E0F23F62
:109A0000000000000000000000B0A1E3E526C5BF93
:109A10008F5B07908BDE20BD0000000000C0F23F8E
:109A200000000000000000000080CB6C2B4DC4BF84
:109A30003C783561C10C173D0000000000C0F23FCA
:109A400000000000000000000080CB6C2B4DC4BF64
:109A50003C783561C10C173D0000000000A0F23FCA
:109A6000000000000000000000901E20FC71C3BF39
:109A70003A54274D8678F13C000000000080F23F08
:109A8000000000000000000000F01FF85295C2BF67
:109A900008C47117308D24BD000000000060F23F43
:109AA000000000000000000000602FD52AB7C1BFF1
:109AB00096A31118A4802EBD000000000060F23FA4
:109AC000000000000000000000602FD52AB7C1BFD1
:109AD00096A31118A4802EBD000000000040F23FA4
:109AE00000000000000000000090D07C7ED7C0BFC6
:109AF000F45BE88896690A3D000000000040F23FF0
:109B000000000000000000000090D07C7ED7C0BFA5
:109B1000F45BE88896690A3D000000000020F23FEF
:109B2000000000000000000000E0DB3191ECBFBF4E
:109B3000F233A35C547525BD000000000000F23F25
:109B4000000000000000000000002B6E0727BEBFD1
:109B50003C00F02A2C342A3D000000000000F23FB7
:109B6000000000000000000000002B6E0727BEBFB1
:109B70003C00F02A2C342A3D0000000000E0F13FB8
:109B8000000000000000000000C05B8F545EBCBFFE
:109B900006BE5F58570C1DBD0000000000C0F13F1D
:109BA000000000000000000000E04A3A6D92BABFD9
:109BB000C8AA5BE83539253D0000000000C0F13F30
:109BC000000000000000000000E04A3A6D92BABFB9
:109BD000C8AA5BE83539253D0000000000A0F13F30
:109BE000000000000000000000A031D645C3B8BF4F
:109BF00068562F4D297C133D0000000000A0F13F66
:109C0000000000000000000000A031D645C3B8BF2E
:109C100068562F4D297C133D000000000080F13F65
:109C200000000000000000000060E58AD2F0B6BF2E
:109C3000DA7333C9379726BD000000000060F13F9A
:109C400000000000000000000020063F071BB5BF19
:109C5000575EC6615B021F3D000000000060F13FDF
:109C600000000000000000000020063F071BB5BFF9
:109C7000575EC6615B021F3D000000000040F13FDF
:109C8000000000000000000000E01B96D741B3BFB9
:109C9000DF13F9CCDA5E2C3D000000000040F13FFC
:109CA000000000000000000000E01B96D741B3BF99
:109CB000DF13F9CCDA5E2C3D000000000020F13FFC
:109CC00000000000000000000080A3EE3665B1BF78
:109CD00009A38F765E7C143D000000000000F13F78
:109CE0000000000000000000008011C0300AAFBF7B
:109CF000918E36839E592D3D000000000000F13FFB
:109D00000000000000000000008011C0300AAFBF5A
:109D1000918E36839E592D3D0000000000E0F03FFB
:109D2000000000000000000000801971DD42ABBFA0
:109D30004C70D6E57A821C3D0000000000E0F03F48
:109D4000000000000000000000801971DD42ABBF80
:109D50004C70D6E57A821C3D0000000000C0F03F48
:109D6000000000000000000000C032F65874A7BFD9
:109D7000EEA1F23446FC2CBD0000000000C0F03F14
:109D8000000000000000000000C032F65874A7BFB9
:109D9000EEA1F23446FC2CBD0000000000A0F03F14
:109DA000000000000000000000C0FEB9879EA3BFB5
:109DB000AAFE26F5B702F53C0000000000A0F03F27
:109DC000000000000000000000C0FEB9879EA3BF95
:109DD000AAFE26F5B702F53C000000000080F03F27
:109DE00000000000000000000000780E9B829FBF72
:109DF000E4097E7C268029BD000000000080F03F41
:109E000000000000000000000000780E9B829FBF51
:109E1000E4097E7C268029BD000000000060F03F40
:109E200000000000000000000080D5071BB997BFAC
:109E300039A6FA93548D28BD000000000040F03F81
:109E400000000000000000000000FCB0A8C08FBFB0
:109E50009CA6D3F67C1EDFBC000000000040F03F53
:109E600000000000000000000000FCB0A8C08FBF90
:109E70009CA6D3F67C1EDFBC000000000020F03F53
:109E800000000000000000000000106B2AE07FBF0F
:109E9000E440DA0D3FE219BD000000000020F03F71
:109EA00000000000000000000000106B2AE07FBFEF
:109EB000E440DA0D3FE219BD000000000000F03F71
:109EC0000000000000000000000000000000000092
:109ED0000000000000000000000000000000F03F53
:109EE0000000000000000000000000000000000072
:109EF00000000000000000000000000000C0EF3F74
:109F00000000000000000000000089751510803F6F
:109F1000E82B9D996BC710BD000000000080EF3F4B
:109F20000000000000000000008093585620903F81
:109F3000D2F7E2065BDC23BD000000000040EF3FEB
:109F400000000000000000000000C9282549983FDB
:109F5000340C5A32BAA02ABD000000000000EF3FC6
:109F600000000000000000000040E7895D41A03FC4
:109F700053D7F15CC011013D0000000000C0EE3F6E
:109F8000000000000000000000002ED4AE66A43FD8
:109F900028FDBD7573162CBD000000000080EE3F4B
:109FA000000000000000000000C09F14AA94A83F19
:109FB0007D265AD0957919BD000000000040EE3F83
:109FC000000000000000000000C0DDCD73CBAC3FFE
:109FD0000728D847F2681ABD000000000020EE3FB5
:109FE000000000000000000000C006C031EAAE3FE3
:109FF0007B3BC94F3E110EBD0000000000E0ED3F6D
:10A000000000000000000000006046D13B97B13F17
:10A010009B9E0D565D3225BD0000000000A0ED3F67
:10A02000000000000000000000E0D1A7F5BDB33F34
:10A03000D74EDBA55EC82C3D000000000060ED3F60
:10A04000000000000000000000A0974D5AE9B53F55
:10A050001E1D5D3C06692CBD000000000040ED3F68
:10A06000000000000000000000C0EA0AD300B73F73
:10A0700032ED9DA98D1EEC3C000000000000ED3F7C
:10A0800000000000000000000040595D5E33B93F51
:10A09000DA47BD3A5C11233D0000000000C0EC3FF0
:10A0A00000000000000000000060AD8DC86ABB3FEA
:10A0B000E568F72B809013BD0000000000A0EC3F86
:10A0C00000000000000000000040BC015888BC3FB8
:10A0D000D3AC5AC6D146263D000000000060EC3FDC
:10A0E000000000000000000000200A8339C7BE3FC6
:10A0F000E045E6AF68C02DBD000000000040EC3F29
:10A10000000000000000000000E0DB3991E8BF3FE4
:10A11000FD0AA14FD63425BD000000000000EC3F31
:10A12000000000000000000000E027828E17C13F01
:10A13000F2072DCE78EF213D0000000000E0EB3F5C
:10A14000000000000000000000F0237E2BAAC13FA9
:10A15000349938448EA72C3D0000000000A0EB3F4E
:10A1600000000000000000000080860C61D1C23FAA
:10A17000A1B481CB6C9D033D000000000080EB3F4B
:10A180000000000000000000009015B0FC65C33F17
:10A1900089724B23A82FC63C000000000040EB3F13
:10A1A000000000000000000000B033833D91C43F78
:10A1B00078B6FD547983253D000000000020EB3F78
:10A1C000000000000000000000B0A1E4E527C53F4A
:10A1D000C77D69E5E833263D0000000000E0EA3F66
:10A1E000000000000000000000108CBE4E57C63F6B
:10A1F000782E3C2C8BCF193D0000000000C0EA3FB8
:10A2000000000000000000000070758B12F0C63FD7
:10A21000E1219CE58D1125BD0000000000A0EA3F72
:10A220000000000000000000005044858D89C73FF9
:10A230000543917010661CBD000000000060EA3FFD
:10A240000000000000000000000039EBAFBEC83F76
:10A25000D12CE9AA543D07BD000000000040EA3FB0
:10A2600000000000000000000000F7DC5A5AC93F5F
:10A270006FFFA05828F2073D000000000000EA3FF1
:10A28000000000000000000000E08A3CED93CA3F9F
:10A2900069215650437228BD0000000000E0E93FEC
:10A2A000000000000000000000D05B57D831CB3F19
:10A2B000AAE1AC4E8D350CBD0000000000C0E93FA6
:10A2C000000000000000000000E03B3887D0CB3FDA
:10A2D000B6125459C44B2DBD0000000000A0E93F48
:10A2E00000000000000000000010F0C6FB6FCC3F33
:10A2F000D22B96C572ECF1BC000000000060E93F73
:10A3000000000000000000000090D4B03DB1CD3F3F
:10A3100035B015F72AFF2ABD000000000040E93FD4
:10A3200000000000000000000010E7FF0E53CE3FC9
:10A3300030F441602712C23C000000000020E93FD9
:10A3400000000000000000000000DDE4ADF5CE3F9D
:10A35000118EBB651521CABC000000000000E93F5A
:10A36000000000000000000000B0B36C1C99CF3F5B
:10A3700030DF0CCAECCB1B3D0000000000C0E83F02
:10A38000000000000000000000584D603871D03F10
:10A39000914EED16DB9CF83C0000000000A0E83F69
:10A3A0000000000000000000006061672DC4D03F85
:10A3B000E9EA3C168B18273D000000000080E83FCA
:10A3C000000000000000000000E827828E17D13F47
:10A3D0001CF0A5630E212CBD000000000060E83FCA
:10A3E000000000000000000000F8ACCB5C6BD13F27
:10A3F0008116A5F7CD9A2B3D000000000040E83FF4
:10A40000000000000000000000685A6399BFD13FBF
:10A41000B7BD4751EDA62C3D000000000020E83FED
:10A42000000000000000000000B80E6D4514D23F8F
:10A43000EABA46BADE870A3D0000000000E0E73FC6
:10A4400000000000000000000090DC7CF0BED23F65
:10A45000F404504AFA9C2A3D0000000000C0E73F87
:10A4600000000000000000000060D3E1F114D33FC1
:10A47000B83C21D37AE228BD0000000000A0E73FED
:10A4800000000000000000000010BE76676BD33FA4
:10A49000C877F1B0CD6E113D000000000080E73FAD
:10A4A00000000000000000000030337752C2D33FAC
:10A4B0005CBD06B6543B183D000000000060E73F5D
:10A4C000000000000000000000E8D523B419D43FCC
:10A4D0009DE090EC36E4083D000000000040E73FBE
:10A4E000000000000000000000C871C28D71D43F60
:10A4F00075D66709CE272FBD000000000020E73F7A
:10A5000000000000000000000030179EE0C9D43FAA
:10A51000A4D80A1B89202EBD000000000000E73FE0
:10A52000000000000000000000A03807AE22D53F68
:10A5300059C7648170BE2E3D0000000000E0E63F78
:10A54000000000000000000000D0C853F77BD53F9A
:10A55000EF405DEEEDAD1F3D0000000000C0E63FA6
:10A560000000000000000000006059DFBDD5D53FAD
:10A57000DC65A4082A0B0ABD000000000000F03FC3
:10A58000748515D3B0D9EF3F0F89F96C58B5EF3FFB
:10A59000515B12D00193EF3F7B517D3CB872EF3F8E
:10A5A000AAB968318754EF3F3862756E7A38EF3F49
:10A5B000E1DE1FF59D1EEF3F15B7310AFE06EF3FA6
:10A5C000CBA93A37A7F1EE3F2234124CA6DEEE3F7C
:10A5D0002D89616008CEEE3F272A36D5DABFEE3FDF
:10A5E000824F9D562BB4EE3F295448DD07ABEE3F1A
:10A5F00085553AB07EA4EE3FCD3B7F669EA0EE3FF0
:10A60000745FECE8759FEE3F8701EB7314A1EE3F9A
:10A6100013CE4C9989A5EE3FDBA02A42E5ACEE3F74
:10A62000E5C5CDB037B7EE3F90F0A38291C4EE3FC1
:10A630005D253EB203D5EE3FADD35A999FE8EE3F7C
:10A64000475EFBF276FFEE3F9C5285DD9B19EF3FA4
:10A650006990EFDC2037EF3F87A4FBDC1858EF3F11
:10A660005F9B7B33977CEF3FDA90A4A2AFA4EF3FD0
:10A6700040456E5B76D0EF3F000000000000E842EE
:10A680009423914BF86AAC3FF3C4FA50CEBFCE3F4F
:10A69000D6520CFF422EE63F000000000000384377
:10A6A000FE822B65471547409423914BF86ABC3EC8
:10A6B000F3C4FA50CEBF2E3FD6520CFF422E963F27
:10A6C000BEF3F879EC61F63FDEAA8C80F77BD5BF4C
:10A6D0003D88AF4AED71F53FDB6DC0A7F0BED2BF3C
:10A6E000B010F0F03995F43F673A517FAE1ED0BFFD
:10A6F0008503B8B095C9F33FE92482A6D831CBBF12
:10A70000A564880C190DF33F5877C00A4F57C6BF90
:10A71000A08E0B7B225EF23F00819CC72BAAC1BF9B
:10A720003F341A4A4ABBF13F5E0E8CCE764EBABF1A
:10A73000BAE58AF05823F13FCC1C615A3C97B1BF6F
:10A74000A70099413F95F03F1E0CE138F452A2BF9B
:10A75000000000000000F03F0000000000000000CA
:10A76000AC479AFD8C60EE3F8459F25DAAA5AA3FE2
:10A77000A06A021FB3A4EC3FB42E36AA535EBC3FBE
:10A78000E6FC6A573620EB3F08DB2077E526C53F1D
:10A790002DAAA163D1C2E93F7047220D86C2CB3FEB
:10A7A000ED417803E686E83FE17EA0C88B05D13F06
:10A7B000624853F5DC67E73F09EEB6573004D43FF3
:10A7C000EF39FAFE422EE63F3483B848A30ED0BFDD
:10A7D0006A0BE00B5B57D53F23410AF2FEFFDFBF58
:10A7E0000038FAFE422EE63F3067C79357F32E3DFE
:10A7F000010000000000E0BF5B3051555555D53FCA
:10A800009045EBFFFFFFCFBF1101F124B399C93F82
:10A810009FC806E57555C5BF000000000000E0BFF9
:10A82000775555555555D53FCBFDFFFFFFFFCFBFA2
:10A830000CDD95999999C93FA74567555555C5BFF1
:10A8400030DE44A32449C23F653D42A4FFFFBFBFA1
:10A85000CAD62A288471BC3FFF68B043EB99B9BFC0
:10A8600085D0AFF78281B73FCD45D1751352B5BFC3
:10A870009FDEE0C3F034F73F0090E6797FCCD7BF8E
:10A880001FE92C6A7813F73F00000DC2EE6FD7BFA7
:10A89000A0B5FA0860F2F63F00E05113E313D7BF0A
:10A8A0007D8C131FA6D1F63F007828385BB8D6BF41
:10A8B000D1B4C50B49B1F63F00788090555DD6BF45
:10A8C000BA0C2F334791F63F00001876D002D6BF5E
:10A8D000234222189F71F63F00909086CAA8D5BFE8
:10A8E000D91EA5994F52F63F00500356434FD5BF8E
:10A8F000C4248FAA5633F63F00406BC337F6D4BF4B
:10A9000014DC9D6BB314F63F0050A8FDA79DD4BF87
:10A910004C5CC65264F6F53F00A889399245D4BF15
:10A920004F2C91B567D8F53F00B8B039F4EDD3BFDF
:10A93000DE905BCBBCBAF53F00708F44CE96D3BFA0
:10A94000781AD9F2619DF53F00A0BD171E40D3BF14
:10A95000875646125680F53F008046EFE2E9D2BFA7
:10A96000D36BE7CE9763F53F00E030381B94D2BF3E
:10A97000937FA7E22547F53F0088DA8CC53ED2BF1A
:10A9800083450642FF2AF53F00902729E1E9D1BF20
:10A99000DFBDB2DB220FF53F00F8482B6D95D1BF2C
:10A9A000D7DE34478FF3F43F00F8B99A6741D1BF3F
:10A9B0004028DECF43D8F43F0098EF94D0EDD0BFCD
:10A9C000C8A378C03EBDF43F0010DB18A59AD0BFE5
:10A9D0008A25E0C37FA2F43F00B86352E647D0BFA8
:10A9E0003484D4240588F43F00F0864522EBCFBFA1
:10A9F0000B2D191BCE6DF43F00B017754A47CFBF22
:10AA0000541839D3D953F43F0030103D44A4CEBF7D
:10AA10005A84B444273AF43F00B0E9440D02CEBF53
:10AA2000FBF81541B520F43F00F07729A260CDBFB7
:10AA3000B1F43EDA8207F43F0090950401C0CCBF28
:10AA40008FFE575D8FEEF33F001089562920CCBF53
:10AA5000E94C0BA0D9D5F33F0010818D1781CBBFF6
:10AA60002BC110C060BDF33F00D0D3CCC9E2CABF38
:10AA7000B8DA752B24A5F33F0090122E4045CABFCB
:10AA800002D09FCD228DF33F00F01D6877A8C9BF8B
:10AA90001C7A84C55B75F33F003048696D0CC9BFF3
:10AAA000E236AD49CE5DF33F00C045A62071C8BF78
:10AAB00040D44D987946F33F003014B48FD6C7BFC9
:10AAC00024CBFFCE5C2FF33F0070623CB83CC7BF85
:10AAD000490DA1757718F33F0060379B9AA3C6BF55
:10AAE00090393E37C801F33F00A0B754310BC6BFC1
:10AAF00041F895BB4EEBF23F003024767D73C5BF25
:10AB0000D1A919020AD5F23F0030C28F7BDCC4BF45
:10AB10002AFDB7A8F9BEF23F0000D2512C46C4BFAF
:10AB2000AB1B0C7A1CA9F23F000083BC8AB0C3BFE8
:10AB300030B514607293F23F0000496B991BC3BF9C
:10AB4000F5A15757FA7DF23F0040A4905487C2BF49
:10AB5000BF3B1D9BB368F23F00A079F8B9F3C1BFBA
:10AB6000BDF58F839D53F23F00A02C25C860C1BF67
:10AB70003B08C9AAB73EF23F0020F7577FCEC0BFBF
:10AB8000B640A92B012AF23F00A0FE49DC3CC0BF21
:10AB90003241CC967915F23F00804BBCBD57BFBF08
:10ABA0009BFCD21D2001F23F004040960837BEBFFB
:10ABB0000B484D49F4ECF13F0040F93E9817BDBFFA
:10ABC00069658F52F5D8F13F00A0D84E67F9BBBF39
:10ABD0007C7E571123C5F13F00602F2079DCBABF7E
:10ABE000E926CB747CB1F13F008028E7C3C0B9BF30
:10ABF000B61A2C0C019EF13F00C072B346A6B8BF36
:10AC0000BD70B67BB08AF13F0000ACB3018DB7BF19
:10AC1000B6BCEF258A77F13F00003845F174B6BF26
:10AC2000DA314C358D64F13F0080876D0E5EB5BF23
:10AC3000DD5F2790B951F13F00E0A1DE5C48B4BF71
:10AC40004CD232A40E3FF13F00A06A4DD933B3BFBE
:10AC5000DAF910728B2CF13F0060C5F87920B2BF91
:10AC600031B5EC28301AF13F00206298460EB1BF92
:10AC7000AF3484DAFB07F13F0000D26A6CFAAFBF51
:10AC8000B36B4E0FEEF5F03F0040774A8DDAADBF63
:10AC9000CE9F2A5D06E4F03F000085E4ECBCABBF2C
:10ACA00021A52C6344D2F03F00C0124089A1A9BF66
:10ACB0001A98E27CA7C0F03F00C002335888A7BFB3
:10ACC000D136C6832FAFF03F0080D6675E71A5BF37
:10ACD0003913A098DB9DF03F008065498A5CA3BFD3
:10ACE000DFE752AFAB8CF03F00401564E349A1BFF2
:10ACF000FB284E2F9F7BF03F0080EB82C0729EBFEF
:10AD0000198F358CB56AF03F00805252F1559ABFC9
:10AD10002CF9ECA5EE59F03F008081CF623D96BF43
:10AD2000902CD1CD4949F03F0000AA8CFB2892BF5E
:10AD3000A9ADF0C6C638F03F0000F9207B318CBFCA
:10AD4000A93279136528F03F0000AA5D351984BF48
:10AD50004873EA272418F03F0000ECC2031278BFC2
:10AD600095B114060408F03F00002479090460BF7F
:10AD70001AFA26F71FE0EF3F00009084F3EF6F3FD1
:10AD800074EA61C21CA1EF3F00003D3541DC873F02
:10AD90002E9981B01063EF3F0080C2C4A3CE933FD1
:10ADA000CDADEE3CF625EF3F00008914C19F9B3FDF
:10ADB000E7139103C8E9EE3F000011CED8B0A13FE0
:10ADC000ABB1CB7880AEEE3F00C001D05B8AA53F2F
:10ADD0009B0C9DA21A74EE3F0080D840835CA93F73
:10ADE000B5990A83913AEE3F008057EF6A27AD3F4D
:10ADF000569A6009E001EE3F00C098E59875B03FB3
:10AE000098BB77E501CAED3F00200DE3F553B23F53
:10AE100003917C0BF292ED3F0000388BDD2EB43FA6
:10AE2000CE5CFB66AC5CED3F00C057875906B63F71
:10AE30009DDE5EAA2C27ED3F00006A3576DAB73F2B
:10AE4000CD2C6B3E6EF2EC3F00601C4E43ABB93F25
:10AE50000279A7A26DBEEC3F00600DBBC778BB3F77
:10AE60006D08376D268BEC3F0020E7321343BD3F62
:10AE700004585DBD9458EC3F0060DE71310ABF3F5D
:10AE80008C9FBB33B526EC3F0040912B1567C03F2C
:10AE90003FE7ECEE83F5EB3F00B092828547C13F80
:10AEA000C196DB75FDC4EB3F0030CACD6E26C23FB4
:10AEB000284A860C1E95EB3F0050C5A6D703C33F1A
:10AEC0002C3EEFC5E265EB3F0010333CC3DFC33FD0
:10AED0008B88C9674837EB3F00807A6B36BAC43F2E
:10AEE0004A301D214B09EB3F00F0D1283993C53F73
:10AEF0007EEFF285E8DBEA3F00F01824CD6AC63F1A
:10AF0000A23D60311DAFEA3F009066ECF840C73FBC
:10AF1000A758D33FE682EA3F00F01AF5C015C83FB4
:10AF20008B7309EF4057EA3F0080F65429E9C83F88
:10AF3000274BAB902A2CEA3F0040F80236BBC93FB2
:10AF4000D1F29313A001EA3F00002C1CED8BCA3F05
:10AF50001B3CDB249FD7E93F00D0015C515BCB3F1A
:10AF600090B1C70525AEE93F00C0BCCC6729CC3FF6
:10AF70002FCE97F22E85E93F006048D535F6CC3FBD
:10AF8000754BA4EEBA5CE93F00C04634BDC1CD3F6D
:10AF90003848E79DC634E93F00E0CFB8018CCE3F8A
:10AFA000E652672F4F0DE93F009017C00955CF3F7C
:10AFB0009DD7FF8E52E6E83F00B81F126C0ED03FBF
:10AFC0007C00CC9FCEBFE83F00D0930EB871D03F3D
:10AFD0000EC3BEDAC099E83F0070869E6BD4D03FA6
:10AFE000FB1723AA2774E83F00D04B338736D13FA5
:10AFF000089AB3AC004FE83F004823670D98D13F53
:10B00000553E65E8492AE83F0080CCE0FFF8D13F93
:10B010006002F4950106E83F006863D75F59D23FAC
:10B0200029A3E06325E2E73F00A8140930B9D23F25
:10B03000ADB5DC77B3BEE73F006043107218D33F75
:10B04000C2259767AA9BE73F0018EC6D2677D33F90
:10B05000570617F20779E73F0030AFFB4FD5D33FD4
:10B060000C13D6DBCA56E73F00E02FE3EE32D43FA5
:10B070004552524F523A20636F6E765F6372697425
:10B080006572696F6E2068797065722D706172618A
:10B090006D65746572206D75737420626520612022
:10B0A000706F7369746976652076616C75652100CF
:10B0B00065766973696F6E2041574220762573006B
:10B0C000546865206E756D626572206F66207072BF
:10B0D0006F66696C6573206D75737420626520619D
:10B0E00020706F736974697665206E756D62657224
:10B0F00020736D616C6C6572207468616E202575BB
:10B10000210D0A0054686520636F6C6F72207465AE
:10B110006D7065726174757265206F662074686504
:10B120002070726F66696C65207769746820746836
:10B1300065206C6F7765737420636F6C6F72207419
:10B14000656D7065726174757265206D75737420BC
:10B1500062652067726561746572207468616E2033
:10B16000746865206D696E696D756D20737570709A
:10B170006F7274656420636F6C6F722074656D709C
:10B1800065726174757265210D0A006D696E5F7478
:10B19000656D703D252E3066205B4B656C76696E63
:10B1A0005D20776865726561732074686520636FE0
:10B1B0006C6F722074656D70657261747572652054
:10B1C0006F66207468652066697273742070726F90
:10B1D00066696C6520697320252E3066205B4B659F
:10B1E0006C76696E5D210D0A0054686520636F6C92
:10B1F0006F722074656D7065726174757265206F11
:10B2000066207468652070726F66696C6520776966
:10B210007468207468652068696768657374206362
:10B220006F6C6F722074656D706572617475726594
:10B23000206D75737420626520736D616C6C65722E
:10B24000207468616E20746865206D6178696D7521
:10B250006D20737570706F7274656420636F6C6FAE
:10B26000722074656D7065726174757265210D0A66
:10B27000006D61785F74656D703D252E3066205BD2
:10B280004B656C76696E5D207768657265617320C9
:10B2900074686520636F6C6F722074656D70657281
:10B2A0006174757265206F6620746865206C6173C7
:10B2B000742070726F66696C6520697320252E306A
:10B2C00066205B4B656C76696E5D210D0A005468E3
:10B2D000652070726F66696C6573206D757374207C
:10B2E000626520756E6971756520616E642073708A
:10B2F0006563696669656420696E20696E6372655D
:10B300006173696E67206F72646572206163636F39
:10B310007264696E6720746F2074686520636F6C57
:10B320006F722074656D7065726174757265210D40
:10B330000A00417420696E64657820257520636F6A
:10B340006C6F722074656D706572617475726520C2
:10B35000697320252E30662C2077686572656173CD
:10B3600020617420696E64657820257520636F6C98
:10B370006F722074656D7065726174757265206995
:10B380007320252E30662E0D0A00546865206465F2
:10B39000636973696F6E207468726573686F6C643B
:10B3A00073206D75737420626520756E69717565A3
:10B3B00020616E64207370656369666965642069E5
:10B3C0006E20696E6372656173696E67206F726467
:10B3D0006572206163636F7264696E6720746F20A9
:10B3E00074686520636F6C6F722074656D70657230
:10B3F0006174757265210D0A00417420696E64657F
:10B4000078202575206465636973696F6E20636FAA
:10B410006C6F722074656D706572617475726520F1
:10B42000697320252E30662C2077686572656173FC
:10B4300020617420696E64657820257520646563D9
:10B440006973696F6E20636F6C6F722074656D70C5
:10B450006572617475726520697320252E30662EC1
:10B460000D0A00546865206465636973696F6E2016
:10B470007468726573686F6C6473206D7573742083
:10B480006C6965206265747765656E2074776F20DE
:10B49000636F6E73656375746976652070726F662D
:10B4A000696C6520636F6C6F722074656D70657276
:10B4B000617475726573210D0A00417420696E64B0
:10B4C0006578202575206465636973696F6E2063F4
:10B4D0006F6C6F722074656D7065726174757265E2
:10B4E00020697320252E30662C207768657265618F
:10B4F000732074686520636F6C6F722074656D7063
:10B500006572617475726573206F6620746865205A
:10B51000636F72726573706F6E64696E67204157F6
:10B52000422070726F66696C6573206172652025B8
:10B530002E306620616E6420252E30662E0D0A00A6
:10B540005741524E494E473A204157422073772087
:10B55000737461746973746963206D656173757266
:10B56000656D656E74206E6F7420617661696C61C3
:10B57000626C652E204275696C6420746865206C6D
:10B580006962726172696573207769746820414CE1
:10B59000474F5F53575F53544154495354494353A2
:10B5A000004572726F72206F6363757265642077F5
:10B5B00068656E20636F6D707574696E6720737453
:10B5C000617469737469637321004572726F7220CC
:10B5D0006F636375726564207768656E2061707053
:10B5E000726F78696D6174696E6720636F6C6F72DA
:10B5F0002074656D706572617475726521004572A5
:10B60000726F72206F636375726564207768656E10
:10B6100020636F6D707574696E6720636F6C6F72F5
:10B620002074656D706572617475726520736574E0
:10B63000757000496E707574206368616E6E656C1C
:10B640002076616C75657320736D616C6C6572201A
:10B650007468616E20303A20523D252E31662C20D0
:10B66000473D252E31662C20423D252E3166200A8D
:10B6700000496E707574206368616E6E656C20762B
:10B68000616C75657320677265617465722074689A
:10B69000616E203235353A20523D252E31662C2000
:10B6A000473D252E31662C20423D252E3166200A4D
:10B6B00000496E76616C6964206D656D6F727920EA
:10B6C0006C6F636174696F6E2070726F7669646508
:10B6D0006420666F72206F75747075742076617265
:10B6E0006961626C65733A20592025732C205520BE
:10B6F00025732C2056202573200A0065766973690E
:10B700006F6E2053542D41452076257300000000B4
:10B71000BEF3F879EC61F63F1930965BC6FEDEBFEA
:10B720003D88AF4AED71F53FA4FCD432680BDBBF16
:10B73000B010F0F03995F43F7BB71F0A8B41D7BFAB
:10B740008503B8B095C9F33F7BCF6D1AE99DD3BF90
:10B75000A564880C190DF33F31B6F2F39B1DD0BFE1
:10B76000A08E0B7B225EF23FF07A3B1B1D7CC9BF93
:10B770003F341A4A4ABBF13F9F3CAF93E3F9C2BF43
:10B78000BAE58AF05823F13F5C8D78BFCB60B9BF32
:10B79000A70099413F95F03FCE5F47B69D6FAABF86
:10B7A000000000000000F03F00000000000000006A
:10B7B000AC479AFD8C60EE3F3DF5249FCA38B33FFD
:10B7C000A06A021FB3A4EC3FBA913854A976C43FD3
:10B7D000E6FC6A573620EB3FD2E4C44A0B84CE3FE6
:10B7E0002DAAA163D1C2E93F1C65C6F04506D43F2E
:10B7F000ED417803E686E83FF89F1B2C9C8ED83FEE
:10B80000624853F5DC67E73FCC7BB14EA4E0DC3FF8
:10B810000B6E49C91676D23F7AC675A06919D7BF93
:10B82000DDBAA76C0AC7DE3FC8F6BE484715E7BFBA
:10B830002BB82A654715F73F312E302E3700312EB1
:10B84000302E37004C4FFD7F01000000750700349B
:10B850005107003464A4013400000000000000001F
:10B8600000000000000000000000000000000000D8
:10B8700000000000000000000000000000000000C8
:10B88000000000000090D003010000001000000044
:10B890000A00000018B90234DCB80234A0B802343F
:10B8A000020000004126013465260134E9280134F4
:10B8B0000000000000000000000000000000000088
:10B8C0000000000000000000000000000000000078
:10B8D0000000000000000000000000000100000067
:10B8E00049240134352401343D2501340000000091
:10B8F0000000000000000000000000000000000048
:10B900000000000000000000000000000000000037
:10B91000000000000000000000000000712301345E
:10B92000772301349123013400000000000000005F
:10B930000000000000000000000000000000000007
:10B9400000000000000000000000000000000000F7
:10B9500000000000090901000000000003000000D1
:10B9600004EF053468B902340000000004EF053428
:10B970006CEF0534D4EF0534000000000000000037
:10B9800000000000000000000000000000000000B7
:10B9900000000000000000000000000000000000A7
:10B9A0000000000000000000000000000000000097
:10B9B0000000000043000000000000000000000044
:10B9C0000000000000000000000000000000000077
:10B9D0000000000043000000000000000000000024
:10B9E0000000000000000000000000000000000057
:10B9F0000000000043000000000000000000000004
:10BA00000000000000000000000000000000000036
:10BA100000000000430000000000000000000000E3
:10BA20000000000000000000000000000000000016
:10BA300000000000430000000000000000000000C3
:10BA400000000000000000000000000000000000F6
:10BA500000000000430000000000000000000000A3
:10BA600000000000000000000000000000000000D6
:10BA70000000000043000000000000000000000083
:10BA800000000000000000000000000000000000B6
:10BA900000000000AD8301342D830134000000005C
:10BAA000B98B0234B78B0234957702349577023420
:10BAB000957702349577023495770234957702347E
:10BAC000957702349577023495770234FFFFFFFFB4
:10BAD000FFFFFFFFFFFFFFFFFFFF000001004153DB
:10BAE0004349490000000000000000000000000081
:10BAF00000000000000000000000000000004153B2
:10BB00004349490000000000000000000000000060
:10BB10000000000000000000000000000000000025
:040000057010000077
:00000001FF
